,original_video_name,hash_video_name
0,TNFNFL_AVC_SFR_396p_400K_0.y4m,118020241481527181306766630823000514229.y4m
1,TNFF_AVC_HFR_396p_600K_16.y4m,267956806525482940188065099104244041648.y4m
2,EPLDay_HEVC_SFR_540p_1100K_8.y4m,220546252143487811100015042744542329515.y4m
3,EPLNight_HEVC_HFR_540p_1100K_0.y4m,119352662079414833188989206508630620255.y4m
4,USOpen_HEVC_SFR_396p_600K_0.y4m,84429919623310113815384542778144500055.y4m
5,TNFNFL_HEVC_SFR_720p_2200K_0.y4m,107972489709825899386726519673988859547.y4m
6,EPLDay_HEVC_HFR_396p_600K_8.y4m,288857684598560264085519527860329257950.y4m
7,EPLDay_HEVC_HFR_396p_900K_0.y4m,34042991574486238429383175517183477426.y4m
8,Cricket1_HEVC_SFR_396p_900K_86.y4m,110303702977700373321254986536379043525.y4m
9,USOpen_SRC_SRC_SRC_SRC_0.y4m,288438565918500831870849660924693160677.y4m
10,TNFF_AVC_HFR_720p_2200K_16.y4m,98463578067699146494304933440100035453.y4m
11,EPLNight_HEVC_HFR_288p_300K_0.y4m,283005392929254373615021696232526879145.y4m
12,TNFF_AVC_SFR_720p_2000K_16.y4m,65895504775898857410357066353030959010.y4m
13,Cricket2_HEVC_SFR_396p_600K_90.y4m,28359911429680422888664204136856006243.y4m
14,USOpen_HEVC_SFR_396p_900K_0.y4m,211997388781223734257401675148318211510.y4m
15,EPLDay_HEVC_SFR_288p_300K_8.y4m,327524834091511757649704690884484934405.y4m
16,TNFF_HEVC_HFR_540p_1900K_144.y4m,46377042948321384180881294973766225099.y4m
17,TNFF_HEVC_HFR_288p_300K_16.y4m,156904449378279480197565765953117560980.y4m
18,USOpen_AVC_HFR_396p_900K_0.y4m,36034561471955561276398366404739123810.y4m
19,Cricket1_AVC_SFR_288p_200K_86.y4m,208852576279080958674547809465491320795.y4m
20,EPLNight_HEVC_SFR_540p_1100K_0.y4m,209129979875576685315713041037133837753.y4m
21,USOpen_AVC_HFR_540p_1300K_166.y4m,109127575612627929366188410917693732959.y4m
22,EPLNight_HEVC_SFR_396p_600K_0.y4m,314445694172655561857797574770537949161.y4m
23,USOpen_HEVC_SFR_540p_1100K_166.y4m,87033691991306674757508956115364558571.y4m
24,TNFF_AVC_SFR_396p_400K_144.y4m,20428790591973698562275154384349337870.y4m
25,TNFNFL_AVC_HFR_720p_2200K_0.y4m,14299588383469745170635568006499641576.y4m
26,TNFF_HEVC_SFR_396p_600K_144.y4m,182157168317867125189351167444564526797.y4m
27,Cricket2_SRC_SRC_SRC_SRC_90.y4m,110633055949691751914426971701317604177.y4m
28,EPLNight_HEVC_SFR_720p_2200K_0.y4m,14355760933860173731675425852640722611.y4m
29,Cricket2_AVC_HFR_396p_900K_90.y4m,83277782794535419138388818100543619721.y4m
30,TNFF_AVC_HFR_540p_1900K_16.y4m,122258309174620402603193220961292925181.y4m
31,EPLNight_AVC_HFR_540p_1300K_0.y4m,140418891307973177988809877275652937509.y4m
32,TNFF_AVC_HFR_396p_600K_144.y4m,28273251877129853798734113748509426129.y4m
33,Cricket1_AVC_HFR_540p_1300K_86.y4m,235874669988633133275731896552590774129.y4m
34,USOpen_HEVC_HFR_540p_1900K_166.y4m,247172007874212731710045241128136391856.y4m
35,TNFF_HEVC_SFR_396p_600K_16.y4m,256224331243095858912592308393374604799.y4m
36,Cricket1_AVC_HFR_396p_900K_86.y4m,317500158707222497091444425558438586539.y4m
37,EPLDay_AVC_SFR_540p_1200K_0.y4m,134893010114097202757121043044807475416.y4m
38,Cricket2_AVC_SFR_540p_1200K_90.y4m,102766090170356144725167020391829597108.y4m
39,TNFF_HEVC_HFR_720p_2200K_16.y4m,122929821148975351774037956914120178840.y4m
40,EPLDay_AVC_SFR_540p_1200K_8.y4m,276407339827074707896189415897795030655.y4m
41,TNFNFL_HEVC_SFR_540p_1900K_0.y4m,257719836583319954961282471749337237918.y4m
42,TNFF_HEVC_SFR_540p_1100K_16.y4m,280860897073756743985315496535564113653.y4m
43,USOpen_HEVC_HFR_396p_600K_0.y4m,299608957606498972228503006920324598298.y4m
44,EPLDay_AVC_HFR_540p_1300K_8.y4m,72763497578819914658274267257790687897.y4m
45,USOpen_AVC_HFR_540p_1900K_0.y4m,183601522320287053546561588992409606204.y4m
46,USOpen_AVC_SFR_396p_800K_166.y4m,54061739469571495966455607393386097256.y4m
47,TNFF_AVC_SFR_720p_2000K_144.y4m,70986140353213563733605911551451443744.y4m
48,EPLNight_AVC_HFR_396p_600K_0.y4m,271801356920490594927768501601244811159.y4m
49,TNFF_AVC_HFR_540p_1900K_144.y4m,151679462551700766803044506051440512365.y4m
50,TNFNFL_HEVC_SFR_396p_600K_0.y4m,328471264072876523216026033918437401787.y4m
51,TNFF_HEVC_HFR_396p_600K_144.y4m,24077592465009226304868652412277443232.y4m
52,Cricket1_HEVC_SFR_720p_2200K_86.y4m,268063494289450245847191156911322825100.y4m
53,EPLNight_HEVC_HFR_396p_600K_0.y4m,225306515036916083436499172046384793485.y4m
54,TNFF_HEVC_HFR_540p_1100K_144.y4m,88309363507104323586152800886860905139.y4m
55,EPLDay_HEVC_HFR_540p_1100K_0.y4m,187298059111511550202499426278689534803.y4m
56,EPLDay_AVC_HFR_288p_300K_8.y4m,211600389569040273709811112445749526741.y4m
57,USOpen_AVC_HFR_288p_300K_166.y4m,150659894948931297659024922918339500979.y4m
58,EPLDay_HEVC_HFR_540p_1900K_8.y4m,114064853416794612890460312490235053215.y4m
59,Cricket1_HEVC_SFR_540p_1900K_86.y4m,311925461922173039190120815526994767085.y4m
60,TNFNFL_AVC_SFR_288p_200K_0.y4m,94642410580876051826243608271461975297.y4m
61,TNFF_HEVC_SFR_540p_1100K_144.y4m,62930852523704358936656404033657761886.y4m
62,USOpen_HEVC_HFR_288p_300K_166.y4m,317402513067647966989306182856900708951.y4m
63,Cricket2_HEVC_SFR_288p_300K_90.y4m,155407610695959803372557494324200683219.y4m
64,EPLNight_AVC_HFR_288p_300K_0.y4m,301141931621972643742095367663127565233.y4m
65,Cricket1_HEVC_HFR_288p_300K_86.y4m,220737870032901150484392241841520569932.y4m
66,EPLDay_HEVC_SFR_720p_2200K_8.y4m,145474310034659688015345021313606840282.y4m
67,Cricket1_AVC_HFR_720p_2200K_86.y4m,66259711056203548371532425519432699158.y4m
68,Cricket2_AVC_HFR_720p_2200K_90.y4m,307066867612951233106360876602419712855.y4m
69,TNFF_AVC_HFR_396p_900K_16.y4m,34525571221424433563914267200219502136.y4m
70,TNFNFL_AVC_HFR_540p_1900K_0.y4m,97479053583248573091348721389788156450.y4m
71,EPLDay_HEVC_SFR_720p_2200K_0.y4m,219868172228757137392660119532843249475.y4m
72,Cricket1_HEVC_HFR_396p_600K_86.y4m,234097650750808491432721995919661816763.y4m
73,EPLDay_AVC_SFR_540p_1800K_0.y4m,87711263632846160488309817835132897308.y4m
74,EPLNight_AVC_SFR_540p_1800K_0.y4m,89599380031247215274206260379241778189.y4m
75,Cricket1_AVC_SFR_396p_400K_86.y4m,24390427576663726418414876929071686171.y4m
76,USOpen_HEVC_HFR_720p_2200K_0.y4m,239617371481414318231513651333777452874.y4m
77,EPLDay_AVC_SFR_396p_800K_0.y4m,60566402529378514910976425631595438513.y4m
78,USOpen_AVC_HFR_396p_600K_166.y4m,122410070261929394509625114153233392833.y4m
79,EPLDay_AVC_SFR_288p_200K_8.y4m,193213294464486884687111374640052161991.y4m
80,TNFNFL_AVC_HFR_540p_1300K_0.y4m,21772631763511610515359448641220322053.y4m
81,EPLDay_HEVC_SFR_396p_600K_8.y4m,220550749928157748072722023008525912383.y4m
82,TNFNFL_HEVC_HFR_720p_2200K_0.y4m,286944206728148461178567290794571858015.y4m
83,Cricket2_HEVC_HFR_540p_1900K_90.y4m,126900490453680539735287745510152456018.y4m
84,TNFF_HEVC_HFR_396p_600K_16.y4m,214404244707195030625324902541207085594.y4m
85,TNFF_AVC_SFR_288p_200K_144.y4m,150975641094223229983175925407667154399.y4m
86,TNFF_HEVC_HFR_540p_1100K_16.y4m,43168649094941460182098410453465772453.y4m
87,EPLDay_AVC_HFR_396p_600K_0.y4m,202621991564024156929890580686566821059.y4m
88,Cricket2_HEVC_HFR_540p_1100K_90.y4m,233694505049409636575615295920132747560.y4m
89,EPLDay_AVC_SFR_720p_2000K_8.y4m,88315416891098343390034520037631575293.y4m
90,TNFNFL_AVC_SFR_540p_1800K_0.y4m,138691827497814229814377548512856056934.y4m
91,USOpen_AVC_SFR_540p_1200K_166.y4m,319386791475488267549161217458559166261.y4m
92,TNFF_HEVC_HFR_540p_1900K_16.y4m,336875307830761332793195498873571831587.y4m
93,TNFNFL_HEVC_HFR_396p_900K_0.y4m,15324870053611183598914739456546117526.y4m
94,EPLDay_AVC_HFR_288p_300K_0.y4m,330243685429659789904924039141435617840.y4m
95,Cricket1_HEVC_HFR_540p_1900K_86.y4m,264308092138755182072039819998151609791.y4m
96,TNFF_AVC_HFR_396p_900K_144.y4m,47712961831354663683093288463533217915.y4m
97,Cricket1_AVC_SFR_720p_2000K_86.y4m,97203236897002203246194073187253366504.y4m
98,TNFF_HEVC_HFR_396p_900K_16.y4m,166314572925685549839693551865322005775.y4m
99,Cricket1_HEVC_HFR_396p_900K_86.y4m,46464838362804489324529191354682074016.y4m
100,USOpen_HEVC_HFR_540p_1100K_0.y4m,182576609951173873291276967015820370223.y4m
101,TNFF_AVC_SFR_540p_1800K_144.y4m,276505504924506612406633628089036401162.y4m
102,TNFF_HEVC_SFR_288p_300K_16.y4m,195913895863575670331331817283558260690.y4m
103,EPLNight_HEVC_HFR_396p_900K_0.y4m,33746680407033697278939205569857135216.y4m
104,USOpen_AVC_HFR_720p_2200K_166.y4m,58076610052517561630307538981440874601.y4m
105,USOpen_HEVC_SFR_288p_300K_0.y4m,286951433403935184802412665827204090506.y4m
106,Cricket1_SRC_SRC_SRC_SRC_86.y4m,184224595208201765892012938725550851615.y4m
107,USOpen_AVC_SFR_720p_2000K_0.y4m,184436094980911102725228526334255999469.y4m
108,EPLDay_AVC_HFR_396p_900K_0.y4m,184319621099233508945272130926829570888.y4m
109,TNFF_AVC_SFR_396p_400K_16.y4m,105657986898668319663333618207597997163.y4m
110,EPLDay_AVC_HFR_540p_1900K_0.y4m,106066611185684705843958823534876857129.y4m
111,Cricket2_AVC_HFR_540p_1300K_90.y4m,163510072312799543427463656914320254963.y4m
112,EPLNight_HEVC_HFR_720p_2200K_0.y4m,254602754268123448483349816960643389068.y4m
113,Cricket1_AVC_SFR_396p_800K_86.y4m,253525516386645139743975349285036270272.y4m
114,TNFNFL_HEVC_SFR_396p_900K_0.y4m,116598126089666378079331731067261069417.y4m
115,USOpen_HEVC_SFR_396p_900K_166.y4m,64405083707180912825670956760747243419.y4m
116,Cricket1_AVC_SFR_540p_1800K_86.y4m,39759848095392529150455918876585462068.y4m
117,EPLDay_HEVC_SFR_540p_1900K_0.y4m,193715919282290054117381361703089484676.y4m
118,TNFF_AVC_SFR_540p_1200K_144.y4m,192368723192203004695936935825363039056.y4m
119,TNFNFL_AVC_SFR_540p_1200K_0.y4m,121649847168503303399072587470894640132.y4m
120,USOpen_AVC_HFR_396p_900K_166.y4m,244367845322658182868244074376419905577.y4m
121,EPLDay_HEVC_HFR_720p_2200K_0.y4m,118350720227216751299228064904613188359.y4m
122,USOpen_HEVC_HFR_396p_900K_166.y4m,255999921452040482592586759899843806667.y4m
123,TNFF_AVC_SFR_540p_1800K_16.y4m,111404610716173654931954474331540265144.y4m
124,EPLNight_HEVC_SFR_396p_900K_0.y4m,143117248474984157175745521494359596324.y4m
