,Unnamed: 0,original_video_name,hash_video_name,content,fps,codec,resolution,bitrate,begin_time
0,0,EPLDay_HEVC_HFR_288p_300K_0.y4m,247799275479585618019058483819076443789.y4m,EPLDay,50.0,HEVC,512x288,300K,0
1,1,EPLDay_HEVC_HFR_540p_1900K_0.y4m,330698912276783590094463162885808080477.y4m,EPLDay,50.0,HEVC,960x540,1900K,0
2,2,EPLDay_HEVC_HFR_396p_900K_0.y4m,34042991574486238429383175517183477426.y4m,EPLDay,50.0,HEVC,704x396,900K,0
3,3,EPLDay_HEVC_HFR_396p_600K_0.y4m,125490425725583983348182992488916325638.y4m,EPLDay,50.0,HEVC,704x396,600K,0
4,4,EPLDay_HEVC_HFR_540p_1100K_0.y4m,187298059111511550202499426278689534803.y4m,EPLDay,50.0,HEVC,960x540,1100K,0
5,5,EPLDay_HEVC_SFR_288p_300K_0.y4m,334748175482133469618407515551591356761.y4m,EPLDay,25.0,HEVC,512x288,300K,0
6,6,EPLDay_HEVC_SFR_396p_900K_0.y4m,171337782888492268057044536624888338517.y4m,EPLDay,25.0,HEVC,704x396,900K,0
7,7,EPLDay_HEVC_SFR_396p_600K_0.y4m,281094568428745226250575904028991070755.y4m,EPLDay,25.0,HEVC,704x396,600K,0
8,8,EPLDay_HEVC_SFR_540p_1900K_0.y4m,193715919282290054117381361703089484676.y4m,EPLDay,25.0,HEVC,960x540,1900K,0
9,9,EPLDay_HEVC_SFR_540p_1100K_0.y4m,247782123912345390124696275053651320593.y4m,EPLDay,25.0,HEVC,960x540,1100K,0
10,10,EPLDay_AVC_HFR_288p_300K_0.y4m,330243685429659789904924039141435617840.y4m,EPLDay,50.0,AVC,512x288,300K,0
11,11,EPLDay_AVC_HFR_396p_600K_0.y4m,202621991564024156929890580686566821059.y4m,EPLDay,50.0,AVC,704x396,600K,0
12,12,EPLDay_AVC_HFR_396p_900K_0.y4m,184319621099233508945272130926829570888.y4m,EPLDay,50.0,AVC,704x396,900K,0
13,13,EPLDay_AVC_HFR_540p_1300K_0.y4m,113322231157512440684639196919729238573.y4m,EPLDay,50.0,AVC,960x540,1300K,0
14,14,EPLDay_AVC_SFR_288p_200K_0.y4m,81821650464797119233884171635691454890.y4m,EPLDay,25.0,AVC,512x288,200K,0
15,15,EPLDay_AVC_HFR_540p_1900K_0.y4m,106066611185684705843958823534876857129.y4m,EPLDay,50.0,AVC,960x540,1900K,0
16,16,EPLDay_AVC_SFR_396p_400K_0.y4m,180258876450600071489037058269732414212.y4m,EPLDay,25.0,AVC,704x396,400K,0
17,17,EPLDay_AVC_HFR_720p_2200K_0.y4m,177676884190736148190593115449487875396.y4m,EPLDay,50.0,AVC,1280x720,2200K,0
18,18,EPLDay_AVC_SFR_396p_800K_0.y4m,60566402529378514910976425631595438513.y4m,EPLDay,25.0,AVC,704x396,800K,0
19,19,EPLDay_AVC_SFR_540p_1200K_0.y4m,134893010114097202757121043044807475416.y4m,EPLDay,25.0,AVC,960x540,1200K,0
20,20,EPLDay_AVC_SFR_540p_1800K_0.y4m,87711263632846160488309817835132897308.y4m,EPLDay,25.0,AVC,960x540,1800K,0
21,21,EPLDay_AVC_SFR_720p_2000K_0.y4m,337667658880335957916367300810436789849.y4m,EPLDay,25.0,AVC,1280x720,2000K,0
22,22,EPLDay_HEVC_HFR_720p_2200K_0.y4m,118350720227216751299228064904613188359.y4m,EPLDay,50.0,HEVC,1280x720,2200K,0
23,23,EPLDay_HEVC_SFR_720p_2200K_0.y4m,219868172228757137392660119532843249475.y4m,EPLDay,25.0,HEVC,1280x720,2200K,0
24,24,EPLDay_HEVC_HFR_288p_300K_8.y4m,28651004939841350920796654612633127537.y4m,EPLDay,50.0,HEVC,512x288,300K,8
25,25,EPLDay_HEVC_HFR_540p_1900K_8.y4m,114064853416794612890460312490235053215.y4m,EPLDay,50.0,HEVC,960x540,1900K,8
26,26,EPLDay_HEVC_HFR_396p_900K_8.y4m,329357639442062393615932168212647518001.y4m,EPLDay,50.0,HEVC,704x396,900K,8
27,27,EPLDay_HEVC_HFR_396p_600K_8.y4m,288857684598560264085519527860329257950.y4m,EPLDay,50.0,HEVC,704x396,600K,8
28,28,EPLDay_HEVC_HFR_540p_1100K_8.y4m,313644340709534594306808168878359142918.y4m,EPLDay,50.0,HEVC,960x540,1100K,8
29,29,EPLDay_HEVC_SFR_288p_300K_8.y4m,327524834091511757649704690884484934405.y4m,EPLDay,25.0,HEVC,512x288,300K,8
30,30,EPLDay_HEVC_SFR_396p_900K_8.y4m,124207145255284870457375744892119160398.y4m,EPLDay,25.0,HEVC,704x396,900K,8
31,31,EPLDay_HEVC_SFR_396p_600K_8.y4m,220550749928157748072722023008525912383.y4m,EPLDay,25.0,HEVC,704x396,600K,8
32,32,EPLDay_HEVC_SFR_540p_1900K_8.y4m,45981441565324764851657808922742218952.y4m,EPLDay,25.0,HEVC,960x540,1900K,8
33,33,EPLDay_HEVC_SFR_540p_1100K_8.y4m,220546252143487811100015042744542329515.y4m,EPLDay,25.0,HEVC,960x540,1100K,8
34,34,EPLDay_AVC_HFR_288p_300K_8.y4m,211600389569040273709811112445749526741.y4m,EPLDay,50.0,AVC,512x288,300K,8
35,35,EPLDay_AVC_HFR_396p_600K_8.y4m,218390395050703807610449557399700576369.y4m,EPLDay,50.0,AVC,704x396,600K,8
36,36,EPLDay_AVC_HFR_396p_900K_8.y4m,313216493380300455888566308392342173261.y4m,EPLDay,50.0,AVC,704x396,900K,8
37,37,EPLDay_AVC_HFR_540p_1300K_8.y4m,72763497578819914658274267257790687897.y4m,EPLDay,50.0,AVC,960x540,1300K,8
38,38,EPLDay_AVC_SFR_288p_200K_8.y4m,193213294464486884687111374640052161991.y4m,EPLDay,25.0,AVC,512x288,200K,8
39,39,EPLDay_AVC_HFR_540p_1900K_8.y4m,74383220702311185016850598391928640231.y4m,EPLDay,50.0,AVC,960x540,1900K,8
40,40,EPLDay_AVC_SFR_396p_400K_8.y4m,301372012356261046652938520365670861051.y4m,EPLDay,25.0,AVC,704x396,400K,8
41,41,EPLDay_AVC_HFR_720p_2200K_8.y4m,297786564474114883459706089508755735377.y4m,EPLDay,50.0,AVC,1280x720,2200K,8
42,42,EPLDay_AVC_SFR_396p_800K_8.y4m,96412898465411765558531014687350516276.y4m,EPLDay,25.0,AVC,704x396,800K,8
43,43,EPLDay_AVC_SFR_540p_1200K_8.y4m,276407339827074707896189415897795030655.y4m,EPLDay,25.0,AVC,960x540,1200K,8
44,44,EPLDay_AVC_SFR_540p_1800K_8.y4m,94034036498422274354815851509622382539.y4m,EPLDay,25.0,AVC,960x540,1800K,8
45,45,EPLDay_AVC_SFR_720p_2000K_8.y4m,88315416891098343390034520037631575293.y4m,EPLDay,25.0,AVC,1280x720,2000K,8
46,46,EPLDay_HEVC_HFR_720p_2200K_8.y4m,226837749413597047420881072959313883501.y4m,EPLDay,50.0,HEVC,1280x720,2200K,8
47,47,EPLDay_HEVC_SFR_720p_2200K_8.y4m,145474310034659688015345021313606840282.y4m,EPLDay,25.0,HEVC,1280x720,2200K,8
48,48,EPLNight_HEVC_HFR_288p_300K_0.y4m,283005392929254373615021696232526879145.y4m,EPLNight,50.0,HEVC,512x288,300K,0
49,49,EPLNight_HEVC_HFR_396p_600K_0.y4m,225306515036916083436499172046384793485.y4m,EPLNight,50.0,HEVC,704x396,600K,0
50,50,EPLNight_HEVC_HFR_396p_900K_0.y4m,33746680407033697278939205569857135216.y4m,EPLNight,50.0,HEVC,704x396,900K,0
51,51,EPLNight_HEVC_HFR_540p_1100K_0.y4m,119352662079414833188989206508630620255.y4m,EPLNight,50.0,HEVC,960x540,1100K,0
52,52,EPLNight_HEVC_HFR_540p_1900K_0.y4m,136992981622422181421132609511619238046.y4m,EPLNight,50.0,HEVC,960x540,1900K,0
53,53,EPLNight_HEVC_SFR_288p_300K_0.y4m,79241690749769548974107736132301914565.y4m,EPLNight,25.0,HEVC,512x288,300K,0
54,54,EPLNight_HEVC_SFR_396p_600K_0.y4m,314445694172655561857797574770537949161.y4m,EPLNight,25.0,HEVC,704x396,600K,0
55,55,EPLNight_HEVC_SFR_540p_1100K_0.y4m,209129979875576685315713041037133837753.y4m,EPLNight,25.0,HEVC,960x540,1100K,0
56,56,EPLNight_HEVC_SFR_396p_900K_0.y4m,143117248474984157175745521494359596324.y4m,EPLNight,25.0,HEVC,704x396,900K,0
57,57,EPLNight_AVC_HFR_288p_300K_0.y4m,301141931621972643742095367663127565233.y4m,EPLNight,50.0,AVC,512x288,300K,0
58,58,EPLNight_AVC_HFR_396p_600K_0.y4m,271801356920490594927768501601244811159.y4m,EPLNight,50.0,AVC,704x396,600K,0
59,59,EPLNight_AVC_HFR_396p_900K_0.y4m,244214116995982826600871960629043916600.y4m,EPLNight,50.0,AVC,704x396,900K,0
60,60,EPLNight_AVC_SFR_288p_200K_0.y4m,334995483810535216847662955978339735665.y4m,EPLNight,25.0,AVC,512x288,200K,0
61,61,EPLNight_AVC_HFR_540p_1300K_0.y4m,140418891307973177988809877275652937509.y4m,EPLNight,50.0,AVC,960x540,1300K,0
62,62,EPLNight_AVC_SFR_396p_400K_0.y4m,312379466294792854993506717778777610507.y4m,EPLNight,25.0,AVC,704x396,400K,0
63,63,EPLNight_AVC_HFR_540p_1900K_0.y4m,161637059544618047628905344138524073781.y4m,EPLNight,50.0,AVC,960x540,1900K,0
64,64,EPLNight_AVC_HFR_720p_2200K_0.y4m,183818464567138483221404171067239884576.y4m,EPLNight,50.0,AVC,1280x720,2200K,0
65,65,EPLNight_AVC_SFR_396p_800K_0.y4m,325273396641050073384448065268679172622.y4m,EPLNight,25.0,AVC,704x396,800K,0
66,66,EPLNight_AVC_SFR_540p_1200K_0.y4m,189618431223948422201870436657855489365.y4m,EPLNight,25.0,AVC,960x540,1200K,0
67,67,EPLNight_HEVC_SFR_720p_2200K_0.y4m,14355760933860173731675425852640722611.y4m,EPLNight,25.0,HEVC,1280x720,2200K,0
68,68,EPLNight_AVC_SFR_540p_1800K_0.y4m,89599380031247215274206260379241778189.y4m,EPLNight,25.0,AVC,960x540,1800K,0
69,69,EPLNight_AVC_SFR_720p_2000K_0.y4m,322102479129483757585820767764373249461.y4m,EPLNight,25.0,AVC,1280x720,2000K,0
70,70,EPLNight_HEVC_HFR_720p_2200K_0.y4m,254602754268123448483349816960643389068.y4m,EPLNight,50.0,HEVC,1280x720,2200K,0
71,71,EPLNight_HEVC_SFR_540p_1900K_0.y4m,255282022672005947121716882838712453026.y4m,EPLNight,25.0,HEVC,960x540,1900K,0
72,72,TNFF_HEVC_SFR_288p_300K_16.y4m,195913895863575670331331817283558260690.y4m,TNFF,29.97,HEVC,512x288,300K,16
73,73,TNFF_HEVC_SFR_396p_600K_16.y4m,256224331243095858912592308393374604799.y4m,TNFF,29.97,HEVC,704x396,600K,16
74,74,TNFF_HEVC_SFR_396p_900K_16.y4m,275753993419725153383838464425506120748.y4m,TNFF,29.97,HEVC,704x396,900K,16
75,75,TNFF_HEVC_SFR_540p_1100K_16.y4m,280860897073756743985315496535564113653.y4m,TNFF,29.97,HEVC,960x540,1100K,16
76,76,TNFF_HEVC_SFR_540p_1900K_16.y4m,225222042209065316649653912024435216463.y4m,TNFF,29.97,HEVC,960x540,1900K,16
77,77,TNFF_HEVC_HFR_288p_300K_16.y4m,156904449378279480197565765953117560980.y4m,TNFF,59.94,HEVC,512x288,300K,16
78,78,TNFF_HEVC_HFR_396p_600K_16.y4m,214404244707195030625324902541207085594.y4m,TNFF,59.94,HEVC,704x396,600K,16
79,79,TNFF_HEVC_HFR_396p_900K_16.y4m,166314572925685549839693551865322005775.y4m,TNFF,59.94,HEVC,704x396,900K,16
80,80,TNFF_HEVC_HFR_540p_1100K_16.y4m,43168649094941460182098410453465772453.y4m,TNFF,59.94,HEVC,960x540,1100K,16
81,81,TNFF_HEVC_HFR_540p_1900K_16.y4m,336875307830761332793195498873571831587.y4m,TNFF,59.94,HEVC,960x540,1900K,16
82,82,TNFF_AVC_HFR_288p_300K_16.y4m,88380028405330925463203022444274285084.y4m,TNFF,59.94,AVC,512x288,300K,16
83,83,TNFF_AVC_HFR_396p_600K_16.y4m,267956806525482940188065099104244041648.y4m,TNFF,59.94,AVC,704x396,600K,16
84,84,TNFF_AVC_HFR_396p_900K_16.y4m,34525571221424433563914267200219502136.y4m,TNFF,59.94,AVC,704x396,900K,16
85,85,TNFF_AVC_SFR_288p_200K_16.y4m,162863598070787543864311813184619205005.y4m,TNFF,29.97,AVC,512x288,200K,16
86,86,TNFF_AVC_SFR_396p_400K_16.y4m,105657986898668319663333618207597997163.y4m,TNFF,29.97,AVC,704x396,400K,16
87,87,TNFF_AVC_HFR_540p_1300K_16.y4m,2216259868503876770420175780430146442.y4m,TNFF,59.94,AVC,960x540,1300K,16
88,88,TNFF_AVC_SFR_396p_800K_16.y4m,168827236464177048193393535681647049224.y4m,TNFF,29.97,AVC,704x396,800K,16
89,89,TNFF_AVC_HFR_540p_1900K_16.y4m,122258309174620402603193220961292925181.y4m,TNFF,59.94,AVC,960x540,1900K,16
90,90,TNFF_AVC_HFR_720p_2200K_16.y4m,98463578067699146494304933440100035453.y4m,TNFF,59.94,AVC,1280x720,2200K,16
91,91,TNFF_AVC_SFR_540p_1200K_16.y4m,325572937761775283041949225561560650206.y4m,TNFF,29.97,AVC,960x540,1200K,16
92,92,TNFF_AVC_SFR_540p_1800K_16.y4m,111404610716173654931954474331540265144.y4m,TNFF,29.97,AVC,960x540,1800K,16
93,93,TNFF_AVC_SFR_720p_2000K_16.y4m,65895504775898857410357066353030959010.y4m,TNFF,29.97,AVC,1280x720,2000K,16
94,94,TNFF_HEVC_HFR_720p_2200K_16.y4m,122929821148975351774037956914120178840.y4m,TNFF,59.94,HEVC,1280x720,2200K,16
95,95,TNFF_HEVC_SFR_720p_2200K_16.y4m,212364189504293014885876801026636739813.y4m,TNFF,29.97,HEVC,1280x720,2200K,16
96,96,TNFF_HEVC_SFR_288p_300K_144.y4m,30590764916250264597129325601611663311.y4m,TNFF,29.97,HEVC,512x288,300K,144
97,97,TNFF_HEVC_SFR_396p_600K_144.y4m,182157168317867125189351167444564526797.y4m,TNFF,29.97,HEVC,704x396,600K,144
98,98,TNFF_HEVC_SFR_396p_900K_144.y4m,288771886382383530352869774987104755294.y4m,TNFF,29.97,HEVC,704x396,900K,144
99,99,TNFF_HEVC_SFR_540p_1100K_144.y4m,62930852523704358936656404033657761886.y4m,TNFF,29.97,HEVC,960x540,1100K,144
100,100,TNFF_HEVC_SFR_540p_1900K_144.y4m,93328256706542773168291356633340504807.y4m,TNFF,29.97,HEVC,960x540,1900K,144
101,101,TNFF_HEVC_HFR_288p_300K_144.y4m,316740762095389944678109342512019426954.y4m,TNFF,59.94,HEVC,512x288,300K,144
102,102,TNFF_HEVC_HFR_396p_600K_144.y4m,24077592465009226304868652412277443232.y4m,TNFF,59.94,HEVC,704x396,600K,144
103,103,TNFF_HEVC_HFR_396p_900K_144.y4m,253844796835041788889216483918193819679.y4m,TNFF,59.94,HEVC,704x396,900K,144
104,104,TNFF_HEVC_HFR_540p_1100K_144.y4m,88309363507104323586152800886860905139.y4m,TNFF,59.94,HEVC,960x540,1100K,144
105,105,TNFF_HEVC_HFR_540p_1900K_144.y4m,46377042948321384180881294973766225099.y4m,TNFF,59.94,HEVC,960x540,1900K,144
106,106,TNFF_AVC_HFR_288p_300K_144.y4m,210910047146759413576953554531403056593.y4m,TNFF,59.94,AVC,512x288,300K,144
107,107,TNFF_AVC_HFR_396p_600K_144.y4m,28273251877129853798734113748509426129.y4m,TNFF,59.94,AVC,704x396,600K,144
108,108,TNFF_AVC_HFR_396p_900K_144.y4m,47712961831354663683093288463533217915.y4m,TNFF,59.94,AVC,704x396,900K,144
109,109,TNFF_AVC_SFR_288p_200K_144.y4m,150975641094223229983175925407667154399.y4m,TNFF,29.97,AVC,512x288,200K,144
110,110,TNFF_AVC_SFR_396p_400K_144.y4m,20428790591973698562275154384349337870.y4m,TNFF,29.97,AVC,704x396,400K,144
111,111,TNFF_AVC_HFR_540p_1300K_144.y4m,65565480736557673436310174972163512325.y4m,TNFF,59.94,AVC,960x540,1300K,144
112,112,TNFF_AVC_SFR_396p_800K_144.y4m,47313942769072554412047524475468174011.y4m,TNFF,29.97,AVC,704x396,800K,144
113,113,TNFF_AVC_HFR_540p_1900K_144.y4m,151679462551700766803044506051440512365.y4m,TNFF,59.94,AVC,960x540,1900K,144
114,114,TNFF_AVC_HFR_720p_2200K_144.y4m,47991026169440524977264633586016271986.y4m,TNFF,59.94,AVC,1280x720,2200K,144
115,115,TNFF_AVC_SFR_540p_1200K_144.y4m,192368723192203004695936935825363039056.y4m,TNFF,29.97,AVC,960x540,1200K,144
116,116,TNFF_AVC_SFR_540p_1800K_144.y4m,276505504924506612406633628089036401162.y4m,TNFF,29.97,AVC,960x540,1800K,144
117,117,TNFF_AVC_SFR_720p_2000K_144.y4m,70986140353213563733605911551451443744.y4m,TNFF,29.97,AVC,1280x720,2000K,144
118,118,TNFF_HEVC_HFR_720p_2200K_144.y4m,104107716277742175767611938605344405170.y4m,TNFF,59.94,HEVC,1280x720,2200K,144
119,119,TNFF_HEVC_SFR_720p_2200K_144.y4m,275928337971093463956942244159726419047.y4m,TNFF,29.97,HEVC,1280x720,2200K,144
120,120,TNFNFL_AVC_HFR_288p_300K_0.y4m,37747368638107780560344969287437680584.y4m,TNFNFL,59.94,AVC,512x288,300K,0
121,121,TNFNFL_AVC_HFR_396p_600K_0.y4m,329845217083174815794255607628563435035.y4m,TNFNFL,59.94,AVC,704x396,600K,0
122,122,TNFNFL_AVC_SFR_288p_200K_0.y4m,94642410580876051826243608271461975297.y4m,TNFNFL,29.97,AVC,512x288,200K,0
123,123,TNFNFL_AVC_HFR_396p_900K_0.y4m,246320518103021449329396541598379894224.y4m,TNFNFL,59.94,AVC,704x396,900K,0
124,124,TNFNFL_AVC_SFR_396p_400K_0.y4m,118020241481527181306766630823000514229.y4m,TNFNFL,29.97,AVC,704x396,400K,0
125,125,TNFNFL_AVC_HFR_540p_1300K_0.y4m,21772631763511610515359448641220322053.y4m,TNFNFL,59.94,AVC,960x540,1300K,0
126,126,TNFNFL_AVC_SFR_396p_800K_0.y4m,277364693454829038878994803394851189782.y4m,TNFNFL,29.97,AVC,704x396,800K,0
127,127,TNFNFL_AVC_HFR_540p_1900K_0.y4m,97479053583248573091348721389788156450.y4m,TNFNFL,59.94,AVC,960x540,1900K,0
128,128,TNFNFL_HEVC_HFR_288p_300K_0.y4m,281074250574708777933368175675791041620.y4m,TNFNFL,59.94,HEVC,512x288,300K,0
129,129,TNFNFL_AVC_HFR_720p_2200K_0.y4m,14299588383469745170635568006499641576.y4m,TNFNFL,59.94,AVC,1280x720,2200K,0
130,130,TNFNFL_AVC_SFR_540p_1200K_0.y4m,121649847168503303399072587470894640132.y4m,TNFNFL,29.97,AVC,960x540,1200K,0
131,131,TNFNFL_HEVC_HFR_396p_600K_0.y4m,148780398093569890309185963523923765906.y4m,TNFNFL,59.94,HEVC,704x396,600K,0
132,132,TNFNFL_AVC_SFR_540p_1800K_0.y4m,138691827497814229814377548512856056934.y4m,TNFNFL,29.97,AVC,960x540,1800K,0
133,133,TNFNFL_HEVC_HFR_396p_900K_0.y4m,15324870053611183598914739456546117526.y4m,TNFNFL,59.94,HEVC,704x396,900K,0
134,134,TNFNFL_HEVC_SFR_288p_300K_0.y4m,53644371848765098724854261231433522602.y4m,TNFNFL,29.97,HEVC,512x288,300K,0
135,135,TNFNFL_HEVC_HFR_540p_1100K_0.y4m,137216627784701331568611955323066510024.y4m,TNFNFL,59.94,HEVC,960x540,1100K,0
136,136,TNFNFL_AVC_SFR_720p_2000K_0.y4m,310001529999443597000915946138816843052.y4m,TNFNFL,29.97,AVC,1280x720,2000K,0
137,137,TNFNFL_HEVC_SFR_396p_600K_0.y4m,328471264072876523216026033918437401787.y4m,TNFNFL,29.97,HEVC,704x396,600K,0
138,138,TNFNFL_HEVC_SFR_396p_900K_0.y4m,116598126089666378079331731067261069417.y4m,TNFNFL,29.97,HEVC,704x396,900K,0
139,139,TNFNFL_HEVC_SFR_540p_1100K_0.y4m,21389282487617890959763953365015312314.y4m,TNFNFL,29.97,HEVC,960x540,1100K,0
140,140,TNFNFL_HEVC_HFR_540p_1900K_0.y4m,231500214070058543694510048677007043524.y4m,TNFNFL,59.94,HEVC,960x540,1900K,0
141,141,TNFNFL_HEVC_SFR_540p_1900K_0.y4m,257719836583319954961282471749337237918.y4m,TNFNFL,29.97,HEVC,960x540,1900K,0
142,142,TNFNFL_HEVC_SFR_720p_2200K_0.y4m,107972489709825899386726519673988859547.y4m,TNFNFL,29.97,HEVC,1280x720,2200K,0
143,143,TNFNFL_HEVC_HFR_720p_2200K_0.y4m,286944206728148461178567290794571858015.y4m,TNFNFL,59.94,HEVC,1280x720,2200K,0
144,144,USOpen_AVC_HFR_288p_300K_0.y4m,2614452269844054199558602051728143855.y4m,USOpen,50.0,AVC,512x288,300K,0
145,145,USOpen_AVC_HFR_396p_600K_0.y4m,172485354443147687495826236125528020826.y4m,USOpen,50.0,AVC,704x396,600K,0
146,146,USOpen_AVC_HFR_396p_900K_0.y4m,36034561471955561276398366404739123810.y4m,USOpen,50.0,AVC,704x396,900K,0
147,147,USOpen_AVC_HFR_540p_1300K_0.y4m,192218470441192607965650306309013103924.y4m,USOpen,50.0,AVC,960x540,1300K,0
148,148,USOpen_AVC_SFR_288p_200K_0.y4m,37374264030380859426384550060248411423.y4m,USOpen,25.0,AVC,512x288,200K,0
149,149,USOpen_AVC_SFR_396p_400K_0.y4m,4968677123091714835008116794343536377.y4m,USOpen,25.0,AVC,704x396,400K,0
150,150,USOpen_AVC_SFR_396p_800K_0.y4m,90939027582151633697168479729462541228.y4m,USOpen,25.0,AVC,704x396,800K,0
151,151,USOpen_AVC_SFR_540p_1200K_0.y4m,292338047405413932653900202604621258998.y4m,USOpen,25.0,AVC,960x540,1200K,0
152,152,USOpen_AVC_SFR_540p_1800K_0.y4m,203705833798557677211092233890945342702.y4m,USOpen,25.0,AVC,960x540,1800K,0
153,153,USOpen_AVC_SFR_720p_2000K_0.y4m,184436094980911102725228526334255999469.y4m,USOpen,25.0,AVC,1280x720,2000K,0
154,154,USOpen_AVC_HFR_540p_1900K_0.y4m,183601522320287053546561588992409606204.y4m,USOpen,50.0,AVC,960x540,1900K,0
155,155,USOpen_AVC_HFR_720p_2200K_0.y4m,73597536790541127537096780808876430199.y4m,USOpen,50.0,AVC,1280x720,2200K,0
156,156,USOpen_HEVC_HFR_288p_300K_0.y4m,92284195552565772263340456522515660041.y4m,USOpen,50.0,HEVC,512x288,300K,0
157,157,USOpen_HEVC_HFR_396p_600K_0.y4m,299608957606498972228503006920324598298.y4m,USOpen,50.0,HEVC,704x396,600K,0
158,158,USOpen_HEVC_HFR_720p_2200K_0.y4m,239617371481414318231513651333777452874.y4m,USOpen,50.0,HEVC,1280x720,2200K,0
159,159,USOpen_HEVC_HFR_396p_900K_0.y4m,284550720452949881889455822653316158335.y4m,USOpen,50.0,HEVC,704x396,900K,0
160,160,USOpen_HEVC_SFR_720p_2200K_0.y4m,96534691069420340436920574672247852046.y4m,USOpen,25.0,HEVC,1280x720,2200K,0
161,161,USOpen_HEVC_SFR_288p_300K_0.y4m,286951433403935184802412665827204090506.y4m,USOpen,25.0,HEVC,512x288,300K,0
162,162,USOpen_HEVC_HFR_540p_1100K_0.y4m,182576609951173873291276967015820370223.y4m,USOpen,50.0,HEVC,960x540,1100K,0
163,163,USOpen_HEVC_SFR_396p_600K_0.y4m,84429919623310113815384542778144500055.y4m,USOpen,25.0,HEVC,704x396,600K,0
164,164,USOpen_HEVC_SFR_396p_900K_0.y4m,211997388781223734257401675148318211510.y4m,USOpen,25.0,HEVC,704x396,900K,0
165,165,USOpen_HEVC_HFR_540p_1900K_0.y4m,33978979786134600066383782854845113141.y4m,USOpen,50.0,HEVC,960x540,1900K,0
166,166,USOpen_HEVC_SFR_540p_1100K_0.y4m,240792041345625778499795216370900368583.y4m,USOpen,25.0,HEVC,960x540,1100K,0
167,167,USOpen_HEVC_SFR_540p_1900K_0.y4m,49499124708754027432685319070855881831.y4m,USOpen,25.0,HEVC,960x540,1900K,0
168,168,USOpen_AVC_HFR_288p_300K_166.y4m,150659894948931297659024922918339500979.y4m,USOpen,50.0,AVC,512x288,300K,166
169,169,USOpen_AVC_HFR_396p_600K_166.y4m,122410070261929394509625114153233392833.y4m,USOpen,50.0,AVC,704x396,600K,166
170,170,USOpen_AVC_HFR_396p_900K_166.y4m,244367845322658182868244074376419905577.y4m,USOpen,50.0,AVC,704x396,900K,166
171,171,USOpen_AVC_HFR_540p_1300K_166.y4m,109127575612627929366188410917693732959.y4m,USOpen,50.0,AVC,960x540,1300K,166
172,172,USOpen_AVC_SFR_288p_200K_166.y4m,1547940232635734329014889938388036085.y4m,USOpen,25.0,AVC,512x288,200K,166
173,173,USOpen_AVC_SFR_396p_400K_166.y4m,145534927248202929853560107448893222087.y4m,USOpen,25.0,AVC,704x396,400K,166
174,174,USOpen_AVC_SFR_396p_800K_166.y4m,54061739469571495966455607393386097256.y4m,USOpen,25.0,AVC,704x396,800K,166
175,175,USOpen_AVC_SFR_540p_1200K_166.y4m,319386791475488267549161217458559166261.y4m,USOpen,25.0,AVC,960x540,1200K,166
176,176,USOpen_AVC_SFR_540p_1800K_166.y4m,138170236657205700260074755694361419287.y4m,USOpen,25.0,AVC,960x540,1800K,166
177,177,USOpen_AVC_SFR_720p_2000K_166.y4m,131391231083997715827021928687065400756.y4m,USOpen,25.0,AVC,1280x720,2000K,166
178,178,USOpen_AVC_HFR_540p_1900K_166.y4m,313590970083858616707491093722153201878.y4m,USOpen,50.0,AVC,960x540,1900K,166
179,179,USOpen_AVC_HFR_720p_2200K_166.y4m,58076610052517561630307538981440874601.y4m,USOpen,50.0,AVC,1280x720,2200K,166
180,180,USOpen_HEVC_HFR_288p_300K_166.y4m,317402513067647966989306182856900708951.y4m,USOpen,50.0,HEVC,512x288,300K,166
181,181,USOpen_HEVC_HFR_396p_600K_166.y4m,128316308472564432805182547030482099890.y4m,USOpen,50.0,HEVC,704x396,600K,166
182,182,USOpen_HEVC_HFR_720p_2200K_166.y4m,48028569953737628460524063580673987141.y4m,USOpen,50.0,HEVC,1280x720,2200K,166
183,183,USOpen_HEVC_HFR_396p_900K_166.y4m,255999921452040482592586759899843806667.y4m,USOpen,50.0,HEVC,704x396,900K,166
184,184,USOpen_HEVC_SFR_720p_2200K_166.y4m,145506730618490687621242412889311185264.y4m,USOpen,25.0,HEVC,1280x720,2200K,166
185,185,USOpen_HEVC_SFR_288p_300K_166.y4m,199264699369526265539743190065057784619.y4m,USOpen,25.0,HEVC,512x288,300K,166
186,186,USOpen_HEVC_HFR_540p_1100K_166.y4m,105942227825741890827028801182831893632.y4m,USOpen,50.0,HEVC,960x540,1100K,166
187,187,USOpen_HEVC_SFR_396p_600K_166.y4m,211748399537087526910336351022439753539.y4m,USOpen,25.0,HEVC,704x396,600K,166
188,188,USOpen_HEVC_SFR_396p_900K_166.y4m,64405083707180912825670956760747243419.y4m,USOpen,25.0,HEVC,704x396,900K,166
189,189,USOpen_HEVC_HFR_540p_1900K_166.y4m,247172007874212731710045241128136391856.y4m,USOpen,50.0,HEVC,960x540,1900K,166
190,190,USOpen_HEVC_SFR_540p_1100K_166.y4m,87033691991306674757508956115364558571.y4m,USOpen,25.0,HEVC,960x540,1100K,166
191,191,USOpen_HEVC_SFR_540p_1900K_166.y4m,20224377538311656524364753148444120368.y4m,USOpen,25.0,HEVC,960x540,1900K,166
192,192,Cricket1_AVC_HFR_288p_300K_86.y4m,125967911904688557255111195249825574353.y4m,Cricket1,50.0,AVC,512x288,300K,86
193,193,Cricket1_AVC_SFR_288p_200K_86.y4m,208852576279080958674547809465491320795.y4m,Cricket1,25.0,AVC,512x288,200K,86
194,194,Cricket1_AVC_HFR_396p_600K_86.y4m,286553958836311551609221694283557837761.y4m,Cricket1,50.0,AVC,704x396,600K,86
195,195,Cricket1_AVC_SFR_396p_400K_86.y4m,24390427576663726418414876929071686171.y4m,Cricket1,25.0,AVC,704x396,400K,86
196,196,Cricket1_AVC_SFR_396p_800K_86.y4m,253525516386645139743975349285036270272.y4m,Cricket1,25.0,AVC,704x396,800K,86
197,197,Cricket1_AVC_HFR_396p_900K_86.y4m,317500158707222497091444425558438586539.y4m,Cricket1,50.0,AVC,704x396,900K,86
198,198,Cricket1_AVC_SFR_540p_1200K_86.y4m,281185080989948148886943419127222396710.y4m,Cricket1,25.0,AVC,960x540,1200K,86
199,199,Cricket1_AVC_SFR_540p_1800K_86.y4m,39759848095392529150455918876585462068.y4m,Cricket1,25.0,AVC,960x540,1800K,86
200,200,Cricket1_AVC_SFR_720p_2000K_86.y4m,97203236897002203246194073187253366504.y4m,Cricket1,25.0,AVC,1280x720,2000K,86
201,201,Cricket1_AVC_HFR_540p_1300K_86.y4m,235874669988633133275731896552590774129.y4m,Cricket1,50.0,AVC,960x540,1300K,86
202,202,Cricket1_HEVC_HFR_288p_300K_86.y4m,220737870032901150484392241841520569932.y4m,Cricket1,50.0,HEVC,512x288,300K,86
203,203,Cricket1_HEVC_HFR_396p_600K_86.y4m,234097650750808491432721995919661816763.y4m,Cricket1,50.0,HEVC,704x396,600K,86
204,204,Cricket1_AVC_HFR_540p_1900K_86.y4m,72164772510459005647647743944967931829.y4m,Cricket1,50.0,AVC,960x540,1900K,86
205,205,Cricket1_AVC_HFR_720p_2200K_86.y4m,66259711056203548371532425519432699158.y4m,Cricket1,50.0,AVC,1280x720,2200K,86
206,206,Cricket1_HEVC_HFR_396p_900K_86.y4m,46464838362804489324529191354682074016.y4m,Cricket1,50.0,HEVC,704x396,900K,86
207,207,Cricket1_HEVC_SFR_288p_300K_86.y4m,224364196885256868610024501942326796907.y4m,Cricket1,25.0,HEVC,512x288,300K,86
208,208,Cricket1_HEVC_HFR_540p_1100K_86.y4m,274381275758492068211163685618458414579.y4m,Cricket1,50.0,HEVC,960x540,1100K,86
209,209,Cricket1_HEVC_SFR_396p_600K_86.y4m,230615781553700114202247999748245097683.y4m,Cricket1,25.0,HEVC,704x396,600K,86
210,210,Cricket1_HEVC_HFR_720p_2200K_86.y4m,211223654972866454415931415269240676907.y4m,Cricket1,50.0,HEVC,1280x720,2200K,86
211,211,Cricket1_HEVC_SFR_396p_900K_86.y4m,110303702977700373321254986536379043525.y4m,Cricket1,25.0,HEVC,704x396,900K,86
212,212,Cricket1_HEVC_HFR_540p_1900K_86.y4m,264308092138755182072039819998151609791.y4m,Cricket1,50.0,HEVC,960x540,1900K,86
213,213,Cricket1_HEVC_SFR_540p_1100K_86.y4m,267415303902360765580554161422735717450.y4m,Cricket1,25.0,HEVC,960x540,1100K,86
214,214,Cricket1_HEVC_SFR_540p_1900K_86.y4m,311925461922173039190120815526994767085.y4m,Cricket1,25.0,HEVC,960x540,1900K,86
215,215,Cricket1_HEVC_SFR_720p_2200K_86.y4m,268063494289450245847191156911322825100.y4m,Cricket1,25.0,HEVC,1280x720,2200K,86
216,216,Cricket2_AVC_HFR_288p_300K_90.y4m,332593043588804616285569038458071798115.y4m,Cricket2,50.0,AVC,512x288,300K,90
217,217,Cricket2_AVC_HFR_396p_600K_90.y4m,215356198985850718945295209453628108056.y4m,Cricket2,50.0,AVC,704x396,600K,90
218,218,Cricket2_AVC_HFR_396p_900K_90.y4m,83277782794535419138388818100543619721.y4m,Cricket2,50.0,AVC,704x396,900K,90
219,219,Cricket2_AVC_SFR_288p_200K_90.y4m,12607237751912985356729210174591902738.y4m,Cricket2,25.0,AVC,512x288,200K,90
220,220,Cricket2_AVC_HFR_540p_1300K_90.y4m,163510072312799543427463656914320254963.y4m,Cricket2,50.0,AVC,960x540,1300K,90
221,221,Cricket2_AVC_SFR_396p_400K_90.y4m,134887625249863097170539008388085163730.y4m,Cricket2,25.0,AVC,704x396,400K,90
222,222,Cricket2_AVC_SFR_396p_800K_90.y4m,61552609253819006848619756072877077866.y4m,Cricket2,25.0,AVC,704x396,800K,90
223,223,Cricket2_AVC_HFR_540p_1900K_90.y4m,218797781427374539278633862426308069907.y4m,Cricket2,50.0,AVC,960x540,1900K,90
224,224,Cricket2_AVC_SFR_540p_1200K_90.y4m,102766090170356144725167020391829597108.y4m,Cricket2,25.0,AVC,960x540,1200K,90
225,225,Cricket2_HEVC_HFR_288p_300K_90.y4m,336280816183787488384224108982778628874.y4m,Cricket2,50.0,HEVC,512x288,300K,90
226,226,Cricket2_AVC_HFR_720p_2200K_90.y4m,307066867612951233106360876602419712855.y4m,Cricket2,50.0,AVC,1280x720,2200K,90
227,227,Cricket2_AVC_SFR_540p_1800K_90.y4m,307447739125463141898209871065995342557.y4m,Cricket2,25.0,AVC,960x540,1800K,90
228,228,Cricket2_HEVC_HFR_396p_600K_90.y4m,183980321948346812736284926706715101317.y4m,Cricket2,50.0,HEVC,704x396,600K,90
229,229,Cricket2_AVC_SFR_720p_2000K_90.y4m,337783028205665067917150164848314898074.y4m,Cricket2,25.0,AVC,1280x720,2000K,90
230,230,Cricket2_HEVC_HFR_396p_900K_90.y4m,157263565546748932450383911210921739511.y4m,Cricket2,50.0,HEVC,704x396,900K,90
231,231,Cricket2_HEVC_SFR_288p_300K_90.y4m,155407610695959803372557494324200683219.y4m,Cricket2,25.0,HEVC,512x288,300K,90
232,232,Cricket2_HEVC_HFR_540p_1100K_90.y4m,233694505049409636575615295920132747560.y4m,Cricket2,50.0,HEVC,960x540,1100K,90
233,233,Cricket2_HEVC_SFR_396p_600K_90.y4m,28359911429680422888664204136856006243.y4m,Cricket2,25.0,HEVC,704x396,600K,90
234,234,Cricket2_HEVC_HFR_720p_2200K_90.y4m,312945364894260530501230224730631997884.y4m,Cricket2,50.0,HEVC,1280x720,2200K,90
235,235,Cricket2_HEVC_SFR_396p_900K_90.y4m,49856161668581561765233017122417785783.y4m,Cricket2,25.0,HEVC,704x396,900K,90
236,236,Cricket2_HEVC_HFR_540p_1900K_90.y4m,126900490453680539735287745510152456018.y4m,Cricket2,50.0,HEVC,960x540,1900K,90
237,237,Cricket2_HEVC_SFR_540p_1100K_90.y4m,289138594691579741440143832203652086762.y4m,Cricket2,25.0,HEVC,960x540,1100K,90
238,238,Cricket2_HEVC_SFR_540p_1900K_90.y4m,106704756187281552964855025669931641131.y4m,Cricket2,25.0,HEVC,960x540,1900K,90
239,239,Cricket2_HEVC_SFR_720p_2200K_90.y4m,41789816500295085945755887374890270606.y4m,Cricket2,25.0,HEVC,1280x720,2200K,90
240,240,EPLDay_HEVC_HFR_288p_300K_20.y4m,300814032289060663492700620528529457660.y4m,EPLDay,50.0,HEVC,512x288,300K,20
241,241,EPLDay_HEVC_HFR_540p_1900K_20.y4m,25260707989082124299598423660454776457.y4m,EPLDay,50.0,HEVC,960x540,1900K,20
242,242,EPLDay_HEVC_HFR_396p_900K_20.y4m,32570057079454123683852288893212585412.y4m,EPLDay,50.0,HEVC,704x396,900K,20
243,243,EPLDay_HEVC_HFR_396p_600K_20.y4m,12908461547700371100708737235462268102.y4m,EPLDay,50.0,HEVC,704x396,600K,20
244,244,EPLDay_HEVC_HFR_540p_1100K_20.y4m,89738792378888521736961131004207163635.y4m,EPLDay,50.0,HEVC,960x540,1100K,20
245,245,EPLDay_HEVC_SFR_288p_300K_20.y4m,201866561069827123994114585968241132024.y4m,EPLDay,25.0,HEVC,512x288,300K,20
246,246,EPLDay_HEVC_SFR_396p_900K_20.y4m,303862408844720408554515193409841557692.y4m,EPLDay,25.0,HEVC,704x396,900K,20
247,247,EPLDay_HEVC_SFR_396p_600K_20.y4m,141773281696134469874549028106558148951.y4m,EPLDay,25.0,HEVC,704x396,600K,20
248,248,EPLDay_HEVC_SFR_540p_1900K_20.y4m,95507184578330590976254988617279445811.y4m,EPLDay,25.0,HEVC,960x540,1900K,20
249,249,EPLDay_HEVC_SFR_540p_1100K_20.y4m,181697726342853092821256074451355146014.y4m,EPLDay,25.0,HEVC,960x540,1100K,20
250,250,EPLDay_AVC_HFR_288p_300K_20.y4m,90022460500598271166737152492278633189.y4m,EPLDay,50.0,AVC,512x288,300K,20
251,251,EPLDay_AVC_HFR_396p_600K_20.y4m,74252760729371506366074349810442990223.y4m,EPLDay,50.0,AVC,704x396,600K,20
252,252,EPLDay_AVC_HFR_396p_900K_20.y4m,52399724487445823113488760455157739106.y4m,EPLDay,50.0,AVC,704x396,900K,20
253,253,EPLDay_AVC_HFR_540p_1300K_20.y4m,207503194636156770901855031339381463721.y4m,EPLDay,50.0,AVC,960x540,1300K,20
254,254,EPLDay_AVC_SFR_288p_200K_20.y4m,133668649716586990484146815994077993464.y4m,EPLDay,25.0,AVC,512x288,200K,20
255,255,EPLDay_AVC_HFR_540p_1900K_20.y4m,159854258954277750747843720971738004902.y4m,EPLDay,50.0,AVC,960x540,1900K,20
256,256,EPLDay_AVC_SFR_396p_400K_20.y4m,124102068483042899109190238164455919511.y4m,EPLDay,25.0,AVC,704x396,400K,20
257,257,EPLDay_AVC_HFR_720p_2200K_20.y4m,123941600250322845102683402335579800933.y4m,EPLDay,50.0,AVC,1280x720,2200K,20
258,258,EPLDay_AVC_SFR_396p_800K_20.y4m,177013634999779099703081445311035696530.y4m,EPLDay,25.0,AVC,704x396,800K,20
259,259,EPLDay_AVC_SFR_540p_1200K_20.y4m,161310947733441481592565995592703840008.y4m,EPLDay,25.0,AVC,960x540,1200K,20
260,260,EPLDay_AVC_SFR_540p_1800K_20.y4m,308746183377883616034568609520839149329.y4m,EPLDay,25.0,AVC,960x540,1800K,20
261,261,EPLDay_AVC_SFR_720p_2000K_20.y4m,1971070579676925468356710549856008622.y4m,EPLDay,25.0,AVC,1280x720,2000K,20
262,262,EPLDay_HEVC_HFR_720p_2200K_20.y4m,27853102044289506601198900179845794718.y4m,EPLDay,50.0,HEVC,1280x720,2200K,20
263,263,EPLDay_HEVC_SFR_720p_2200K_20.y4m,261756029454488287946451919892516562910.y4m,EPLDay,25.0,HEVC,1280x720,2200K,20
264,264,EPLDay_HEVC_HFR_288p_300K_48.y4m,307074355530587412647033289307400997778.y4m,EPLDay,50.0,HEVC,512x288,300K,48
265,265,EPLDay_HEVC_HFR_540p_1900K_48.y4m,142782360389732345319226129646959020209.y4m,EPLDay,50.0,HEVC,960x540,1900K,48
266,266,EPLDay_HEVC_HFR_396p_900K_48.y4m,276730722691828566880043132028959991142.y4m,EPLDay,50.0,HEVC,704x396,900K,48
267,267,EPLDay_HEVC_HFR_396p_600K_48.y4m,98015317208129351744487530895368028390.y4m,EPLDay,50.0,HEVC,704x396,600K,48
268,268,EPLDay_HEVC_HFR_540p_1100K_48.y4m,318798836357918053473838349228362891436.y4m,EPLDay,50.0,HEVC,960x540,1100K,48
269,269,EPLDay_HEVC_SFR_288p_300K_48.y4m,78231252425489565907243248481328701090.y4m,EPLDay,25.0,HEVC,512x288,300K,48
270,270,EPLDay_HEVC_SFR_396p_900K_48.y4m,57697821904568594972768384692595722309.y4m,EPLDay,25.0,HEVC,704x396,900K,48
271,271,EPLDay_HEVC_SFR_396p_600K_48.y4m,92578977224774544731272421888171566519.y4m,EPLDay,25.0,HEVC,704x396,600K,48
272,272,EPLDay_HEVC_SFR_540p_1900K_48.y4m,284316890683668138764107130239755217779.y4m,EPLDay,25.0,HEVC,960x540,1900K,48
273,273,EPLDay_HEVC_SFR_540p_1100K_48.y4m,55909488325974615185982842610816515018.y4m,EPLDay,25.0,HEVC,960x540,1100K,48
274,274,EPLDay_AVC_HFR_288p_300K_48.y4m,281381658382635846074863774796340094318.y4m,EPLDay,50.0,AVC,512x288,300K,48
275,275,EPLDay_AVC_HFR_396p_600K_48.y4m,272238514940912384142109132873105736596.y4m,EPLDay,50.0,AVC,704x396,600K,48
276,276,EPLDay_AVC_HFR_396p_900K_48.y4m,153804738713820376324343452240314259335.y4m,EPLDay,50.0,AVC,704x396,900K,48
277,277,EPLDay_AVC_HFR_540p_1300K_48.y4m,211525757704198057526679434077730675586.y4m,EPLDay,50.0,AVC,960x540,1300K,48
278,278,EPLDay_AVC_SFR_288p_200K_48.y4m,306078191522761828297667410349948285689.y4m,EPLDay,25.0,AVC,512x288,200K,48
279,279,EPLDay_AVC_HFR_540p_1900K_48.y4m,64585218886816228064161851101607755760.y4m,EPLDay,50.0,AVC,960x540,1900K,48
280,280,EPLDay_AVC_SFR_396p_400K_48.y4m,219335159056670366472834452223384928007.y4m,EPLDay,25.0,AVC,704x396,400K,48
281,281,EPLDay_AVC_HFR_720p_2200K_48.y4m,309707486677349924804954417466118255303.y4m,EPLDay,50.0,AVC,1280x720,2200K,48
282,282,EPLDay_AVC_SFR_396p_800K_48.y4m,26017269860311522784165445068634344003.y4m,EPLDay,25.0,AVC,704x396,800K,48
283,283,EPLDay_AVC_SFR_540p_1200K_48.y4m,211351050043463910020868694624888619853.y4m,EPLDay,25.0,AVC,960x540,1200K,48
284,284,EPLDay_AVC_SFR_540p_1800K_48.y4m,335291386238585523740024880683613048443.y4m,EPLDay,25.0,AVC,960x540,1800K,48
285,285,EPLDay_AVC_SFR_720p_2000K_48.y4m,129427922878988505393669162111893099170.y4m,EPLDay,25.0,AVC,1280x720,2000K,48
286,286,EPLDay_HEVC_HFR_720p_2200K_48.y4m,156586172577374797945677642267139664863.y4m,EPLDay,50.0,HEVC,1280x720,2200K,48
287,287,EPLDay_HEVC_SFR_720p_2200K_48.y4m,243688851819222997578640486191517947819.y4m,EPLDay,25.0,HEVC,1280x720,2200K,48
288,288,EPLNight_HEVC_HFR_288p_300K_20.y4m,248248140172616426323697141246792374908.y4m,EPLNight,50.0,HEVC,512x288,300K,20
289,289,EPLNight_HEVC_HFR_396p_600K_20.y4m,65785639367550052434177462845695378059.y4m,EPLNight,50.0,HEVC,704x396,600K,20
290,290,EPLNight_HEVC_HFR_396p_900K_20.y4m,275556457547635237495405742092472788306.y4m,EPLNight,50.0,HEVC,704x396,900K,20
291,291,EPLNight_HEVC_HFR_540p_1100K_20.y4m,35769576762001303197942155620487415124.y4m,EPLNight,50.0,HEVC,960x540,1100K,20
292,292,EPLNight_HEVC_HFR_540p_1900K_20.y4m,47145345393659641013413900525818790782.y4m,EPLNight,50.0,HEVC,960x540,1900K,20
293,293,EPLNight_HEVC_SFR_288p_300K_20.y4m,6942628265241378274172314879636168117.y4m,EPLNight,25.0,HEVC,512x288,300K,20
294,294,EPLNight_HEVC_SFR_396p_600K_20.y4m,76149717994632144536133323916693684454.y4m,EPLNight,25.0,HEVC,704x396,600K,20
295,295,EPLNight_HEVC_SFR_540p_1100K_20.y4m,247511125372751142541571913099512491075.y4m,EPLNight,25.0,HEVC,960x540,1100K,20
296,296,EPLNight_HEVC_SFR_396p_900K_20.y4m,258638627390321266433948068077794597620.y4m,EPLNight,25.0,HEVC,704x396,900K,20
297,297,EPLNight_AVC_HFR_288p_300K_20.y4m,73481595991990863345710849950181076262.y4m,EPLNight,50.0,AVC,512x288,300K,20
298,298,EPLNight_AVC_HFR_396p_600K_20.y4m,258405765020793278311747648918975111890.y4m,EPLNight,50.0,AVC,704x396,600K,20
299,299,EPLNight_AVC_HFR_396p_900K_20.y4m,190926580461640002550118744804951564761.y4m,EPLNight,50.0,AVC,704x396,900K,20
300,300,EPLNight_AVC_SFR_288p_200K_20.y4m,194136218489901045170903368424932970981.y4m,EPLNight,25.0,AVC,512x288,200K,20
301,301,EPLNight_AVC_HFR_540p_1300K_20.y4m,290326057017292985927881564953676041449.y4m,EPLNight,50.0,AVC,960x540,1300K,20
302,302,EPLNight_AVC_SFR_396p_400K_20.y4m,121364913141936886654457400601696242455.y4m,EPLNight,25.0,AVC,704x396,400K,20
303,303,EPLNight_AVC_HFR_540p_1900K_20.y4m,329999346872453461938861127764128778651.y4m,EPLNight,50.0,AVC,960x540,1900K,20
304,304,EPLNight_AVC_HFR_720p_2200K_20.y4m,2250682035134305216097701981953866298.y4m,EPLNight,50.0,AVC,1280x720,2200K,20
305,305,EPLNight_AVC_SFR_396p_800K_20.y4m,91768144592950238562953549090096308006.y4m,EPLNight,25.0,AVC,704x396,800K,20
306,306,EPLNight_AVC_SFR_540p_1200K_20.y4m,212121577866967606861205470550135285943.y4m,EPLNight,25.0,AVC,960x540,1200K,20
307,307,EPLNight_HEVC_SFR_720p_2200K_20.y4m,276678022166238435553797552907532076683.y4m,EPLNight,25.0,HEVC,1280x720,2200K,20
308,308,EPLNight_AVC_SFR_540p_1800K_20.y4m,258096563233282417669339393157535323043.y4m,EPLNight,25.0,AVC,960x540,1800K,20
309,309,EPLNight_AVC_SFR_720p_2000K_20.y4m,261887597992836752373702872623165996443.y4m,EPLNight,25.0,AVC,1280x720,2000K,20
310,310,EPLNight_HEVC_HFR_720p_2200K_20.y4m,8233647798036718099697042541067735695.y4m,EPLNight,50.0,HEVC,1280x720,2200K,20
311,311,EPLNight_HEVC_SFR_540p_1900K_20.y4m,50468159113536921636896846476755142519.y4m,EPLNight,25.0,HEVC,960x540,1900K,20
312,312,TNFF_HEVC_SFR_288p_300K_32.y4m,325639304771507810999791000276372992108.y4m,TNFF,29.97,HEVC,512x288,300K,32
313,313,TNFF_HEVC_SFR_396p_600K_32.y4m,275296156261318800693681291462845020168.y4m,TNFF,29.97,HEVC,704x396,600K,32
314,314,TNFF_HEVC_SFR_396p_900K_32.y4m,337126823403821851021822078270733656398.y4m,TNFF,29.97,HEVC,704x396,900K,32
315,315,TNFF_HEVC_SFR_540p_1100K_32.y4m,217910609486578276218831644947706306431.y4m,TNFF,29.97,HEVC,960x540,1100K,32
316,316,TNFF_HEVC_SFR_540p_1900K_32.y4m,93200227589757143495432031934743411433.y4m,TNFF,29.97,HEVC,960x540,1900K,32
317,317,TNFF_HEVC_HFR_288p_300K_32.y4m,27535988334685253918425213234809256555.y4m,TNFF,59.94,HEVC,512x288,300K,32
318,318,TNFF_HEVC_HFR_396p_600K_32.y4m,299662475271944158281984285568655708467.y4m,TNFF,59.94,HEVC,704x396,600K,32
319,319,TNFF_HEVC_HFR_396p_900K_32.y4m,309282245523915747677199455730137348730.y4m,TNFF,59.94,HEVC,704x396,900K,32
320,320,TNFF_HEVC_HFR_540p_1100K_32.y4m,245844877923015536452634350877784068073.y4m,TNFF,59.94,HEVC,960x540,1100K,32
321,321,TNFF_HEVC_HFR_540p_1900K_32.y4m,6731509688661805951482771812729594513.y4m,TNFF,59.94,HEVC,960x540,1900K,32
322,322,TNFF_AVC_HFR_288p_300K_32.y4m,53042610402904320837393790252290806238.y4m,TNFF,59.94,AVC,512x288,300K,32
323,323,TNFF_AVC_HFR_396p_600K_32.y4m,245250478931332179768400771354466926740.y4m,TNFF,59.94,AVC,704x396,600K,32
324,324,TNFF_AVC_HFR_396p_900K_32.y4m,58130500991515444445874419506402405088.y4m,TNFF,59.94,AVC,704x396,900K,32
325,325,TNFF_AVC_SFR_288p_200K_32.y4m,60289308586512004076565930912461786775.y4m,TNFF,29.97,AVC,512x288,200K,32
326,326,TNFF_AVC_SFR_396p_400K_32.y4m,57433606348005250144896946322320404524.y4m,TNFF,29.97,AVC,704x396,400K,32
327,327,TNFF_AVC_HFR_540p_1300K_32.y4m,280508705618619363083131411479892238803.y4m,TNFF,59.94,AVC,960x540,1300K,32
328,328,TNFF_AVC_SFR_396p_800K_32.y4m,126895075228937023366908490544587148989.y4m,TNFF,29.97,AVC,704x396,800K,32
329,329,TNFF_AVC_HFR_540p_1900K_32.y4m,226993337888800299456001128481261747047.y4m,TNFF,59.94,AVC,960x540,1900K,32
330,330,TNFF_AVC_HFR_720p_2200K_32.y4m,326822782165378259600998739469423003465.y4m,TNFF,59.94,AVC,1280x720,2200K,32
331,331,TNFF_AVC_SFR_540p_1200K_32.y4m,29196221807298093796131309331971632436.y4m,TNFF,29.97,AVC,960x540,1200K,32
332,332,TNFF_AVC_SFR_540p_1800K_32.y4m,41135947222332723832185880260095100546.y4m,TNFF,29.97,AVC,960x540,1800K,32
333,333,TNFF_AVC_SFR_720p_2000K_32.y4m,228406414350777349095338461416442003442.y4m,TNFF,29.97,AVC,1280x720,2000K,32
334,334,TNFF_HEVC_HFR_720p_2200K_32.y4m,42689802812500431607206798841998235665.y4m,TNFF,59.94,HEVC,1280x720,2200K,32
335,335,TNFF_HEVC_SFR_720p_2200K_32.y4m,203066308701770318154697169053971349006.y4m,TNFF,29.97,HEVC,1280x720,2200K,32
336,336,TNFF_HEVC_SFR_288p_300K_304.y4m,178452697817019991047789131646159387205.y4m,TNFF,29.97,HEVC,512x288,300K,304
337,337,TNFF_HEVC_SFR_396p_600K_304.y4m,340026722276332396774761703762271030872.y4m,TNFF,29.97,HEVC,704x396,600K,304
338,338,TNFF_HEVC_SFR_396p_900K_304.y4m,81173399342473024797673052640380097934.y4m,TNFF,29.97,HEVC,704x396,900K,304
339,339,TNFF_HEVC_SFR_540p_1100K_304.y4m,256473107763038133154298032696354539660.y4m,TNFF,29.97,HEVC,960x540,1100K,304
340,340,TNFF_HEVC_SFR_540p_1900K_304.y4m,64698647972425582707295598192202388929.y4m,TNFF,29.97,HEVC,960x540,1900K,304
341,341,TNFF_HEVC_HFR_288p_300K_304.y4m,257597759203114086977775990846111315771.y4m,TNFF,59.94,HEVC,512x288,300K,304
342,342,TNFF_HEVC_HFR_396p_600K_304.y4m,269134374794936810829660481357596549761.y4m,TNFF,59.94,HEVC,704x396,600K,304
343,343,TNFF_HEVC_HFR_396p_900K_304.y4m,133741678470333360667359443516540595676.y4m,TNFF,59.94,HEVC,704x396,900K,304
344,344,TNFF_HEVC_HFR_540p_1100K_304.y4m,49785908149879065542090455593359749471.y4m,TNFF,59.94,HEVC,960x540,1100K,304
345,345,TNFF_HEVC_HFR_540p_1900K_304.y4m,69357698640168937857597816171292875193.y4m,TNFF,59.94,HEVC,960x540,1900K,304
346,346,TNFF_AVC_HFR_288p_300K_304.y4m,36867318683568727150944689773249922946.y4m,TNFF,59.94,AVC,512x288,300K,304
347,347,TNFF_AVC_HFR_396p_600K_304.y4m,299493739430263406363132550504185217071.y4m,TNFF,59.94,AVC,704x396,600K,304
348,348,TNFF_AVC_HFR_396p_900K_304.y4m,114073755376802198762466207623520385810.y4m,TNFF,59.94,AVC,704x396,900K,304
349,349,TNFF_AVC_SFR_288p_200K_304.y4m,231610366375012691874713575199994469662.y4m,TNFF,29.97,AVC,512x288,200K,304
350,350,TNFF_AVC_SFR_396p_400K_304.y4m,61368025939496198214034687339977167571.y4m,TNFF,29.97,AVC,704x396,400K,304
351,351,TNFF_AVC_HFR_540p_1300K_304.y4m,169497983069054757540231138117798448622.y4m,TNFF,59.94,AVC,960x540,1300K,304
352,352,TNFF_AVC_SFR_396p_800K_304.y4m,261083580145235603787610340180568283621.y4m,TNFF,29.97,AVC,704x396,800K,304
353,353,TNFF_AVC_HFR_540p_1900K_304.y4m,41451778667255070132044847676701603159.y4m,TNFF,59.94,AVC,960x540,1900K,304
354,354,TNFF_AVC_HFR_720p_2200K_304.y4m,248036618313580692193538890176276087925.y4m,TNFF,59.94,AVC,1280x720,2200K,304
355,355,TNFF_AVC_SFR_540p_1200K_304.y4m,323661166693980667877939208856123080568.y4m,TNFF,29.97,AVC,960x540,1200K,304
356,356,TNFF_AVC_SFR_540p_1800K_304.y4m,291919752761724645151991375934779451550.y4m,TNFF,29.97,AVC,960x540,1800K,304
357,357,TNFF_AVC_SFR_720p_2000K_304.y4m,209932305063126453400202140017970417231.y4m,TNFF,29.97,AVC,1280x720,2000K,304
358,358,TNFF_HEVC_HFR_720p_2200K_304.y4m,320978376392126278874354343147459896330.y4m,TNFF,59.94,HEVC,1280x720,2200K,304
359,359,TNFF_HEVC_SFR_720p_2200K_304.y4m,185657067729012759575942057007200918981.y4m,TNFF,29.97,HEVC,1280x720,2200K,304
360,360,TNFNFL_AVC_HFR_288p_300K_3184.y4m,225951196189916445491416389567959652807.y4m,TNFNFL,59.94,AVC,512x288,300K,3184
361,361,TNFNFL_AVC_HFR_396p_600K_3184.y4m,208298232351072860463657126616977734007.y4m,TNFNFL,59.94,AVC,704x396,600K,3184
362,362,TNFNFL_AVC_SFR_288p_200K_3184.y4m,249438694953055087244425357472283988902.y4m,TNFNFL,29.97,AVC,512x288,200K,3184
363,363,TNFNFL_AVC_HFR_396p_900K_3184.y4m,209417150962200272839462990033318794432.y4m,TNFNFL,59.94,AVC,704x396,900K,3184
364,364,TNFNFL_AVC_SFR_396p_400K_3184.y4m,316421848538543551244401217423502782549.y4m,TNFNFL,29.97,AVC,704x396,400K,3184
365,365,TNFNFL_AVC_HFR_540p_1300K_3184.y4m,239970017979729634341717849720180559121.y4m,TNFNFL,59.94,AVC,960x540,1300K,3184
366,366,TNFNFL_AVC_SFR_396p_800K_3184.y4m,192011648290187543789338698554234596588.y4m,TNFNFL,29.97,AVC,704x396,800K,3184
367,367,TNFNFL_AVC_HFR_540p_1900K_3184.y4m,250320333012911819289754288094257844864.y4m,TNFNFL,59.94,AVC,960x540,1900K,3184
368,368,TNFNFL_HEVC_HFR_288p_300K_3184.y4m,265379179246747225669257497210443591509.y4m,TNFNFL,59.94,HEVC,512x288,300K,3184
369,369,TNFNFL_AVC_HFR_720p_2200K_3184.y4m,101196204915964071922784433875447491679.y4m,TNFNFL,59.94,AVC,1280x720,2200K,3184
370,370,TNFNFL_AVC_SFR_540p_1200K_3184.y4m,105085703457398217829753224153338120538.y4m,TNFNFL,29.97,AVC,960x540,1200K,3184
371,371,TNFNFL_HEVC_HFR_396p_600K_3184.y4m,326800244460615648150063527367007190681.y4m,TNFNFL,59.94,HEVC,704x396,600K,3184
372,372,TNFNFL_AVC_SFR_540p_1800K_3184.y4m,226205218456556939102851269268880970698.y4m,TNFNFL,29.97,AVC,960x540,1800K,3184
373,373,TNFNFL_HEVC_HFR_396p_900K_3184.y4m,257753287600778057182976011092582500179.y4m,TNFNFL,59.94,HEVC,704x396,900K,3184
374,374,TNFNFL_HEVC_SFR_288p_300K_3184.y4m,202695625112709065810289439815236570628.y4m,TNFNFL,29.97,HEVC,512x288,300K,3184
375,375,TNFNFL_HEVC_HFR_540p_1100K_3184.y4m,25504726934903097170212314657785698629.y4m,TNFNFL,59.94,HEVC,960x540,1100K,3184
376,376,TNFNFL_AVC_SFR_720p_2000K_3184.y4m,10882718144881516404176338686083748806.y4m,TNFNFL,29.97,AVC,1280x720,2000K,3184
377,377,TNFNFL_HEVC_SFR_396p_600K_3184.y4m,72133702727539126997017426650612305710.y4m,TNFNFL,29.97,HEVC,704x396,600K,3184
378,378,TNFNFL_HEVC_SFR_396p_900K_3184.y4m,74591859767133558672150486303106546388.y4m,TNFNFL,29.97,HEVC,704x396,900K,3184
379,379,TNFNFL_HEVC_SFR_540p_1100K_3184.y4m,172359166573154116825621262564687450970.y4m,TNFNFL,29.97,HEVC,960x540,1100K,3184
380,380,TNFNFL_HEVC_HFR_540p_1900K_3184.y4m,31527954446657710796974439455278905040.y4m,TNFNFL,59.94,HEVC,960x540,1900K,3184
381,381,TNFNFL_HEVC_SFR_540p_1900K_3184.y4m,48025016965411101062473284270970724247.y4m,TNFNFL,29.97,HEVC,960x540,1900K,3184
382,382,TNFNFL_HEVC_SFR_720p_2200K_3184.y4m,272150889073912220399311621617455824814.y4m,TNFNFL,29.97,HEVC,1280x720,2200K,3184
383,383,TNFNFL_HEVC_HFR_720p_2200K_3184.y4m,266929683030206246512916786243776019661.y4m,TNFNFL,59.94,HEVC,1280x720,2200K,3184
384,384,USOpen_AVC_HFR_288p_300K_12.y4m,144694982297043944124674595006710145532.y4m,USOpen,50.0,AVC,512x288,300K,12
385,385,USOpen_AVC_HFR_396p_600K_12.y4m,213885464466177616995985110055734638214.y4m,USOpen,50.0,AVC,704x396,600K,12
386,386,USOpen_AVC_HFR_396p_900K_12.y4m,283393341324654574138358164788476382601.y4m,USOpen,50.0,AVC,704x396,900K,12
387,387,USOpen_AVC_HFR_540p_1300K_12.y4m,187592953499215206746441562317701182531.y4m,USOpen,50.0,AVC,960x540,1300K,12
388,388,USOpen_AVC_SFR_288p_200K_12.y4m,233210832599099104446005406001445117408.y4m,USOpen,25.0,AVC,512x288,200K,12
389,389,USOpen_AVC_SFR_396p_400K_12.y4m,241724479271545622991198140626793950691.y4m,USOpen,25.0,AVC,704x396,400K,12
390,390,USOpen_AVC_SFR_396p_800K_12.y4m,121933696559397775861951464769410444387.y4m,USOpen,25.0,AVC,704x396,800K,12
391,391,USOpen_AVC_SFR_540p_1200K_12.y4m,194735912003782974717992598010423340143.y4m,USOpen,25.0,AVC,960x540,1200K,12
392,392,USOpen_AVC_SFR_540p_1800K_12.y4m,49373582159152781312095355995878979527.y4m,USOpen,25.0,AVC,960x540,1800K,12
393,393,USOpen_AVC_SFR_720p_2000K_12.y4m,108170187877879222893123254009594309480.y4m,USOpen,25.0,AVC,1280x720,2000K,12
394,394,USOpen_AVC_HFR_540p_1900K_12.y4m,284472523365328988166087111790367290063.y4m,USOpen,50.0,AVC,960x540,1900K,12
395,395,USOpen_AVC_HFR_720p_2200K_12.y4m,130800416120709522964526686206701814339.y4m,USOpen,50.0,AVC,1280x720,2200K,12
396,396,USOpen_HEVC_HFR_288p_300K_12.y4m,250086990873923323946744967184887132566.y4m,USOpen,50.0,HEVC,512x288,300K,12
397,397,USOpen_HEVC_HFR_396p_600K_12.y4m,268888755057882860285585366966172372175.y4m,USOpen,50.0,HEVC,704x396,600K,12
398,398,USOpen_HEVC_HFR_720p_2200K_12.y4m,272892226832210409676423650723554056187.y4m,USOpen,50.0,HEVC,1280x720,2200K,12
399,399,USOpen_HEVC_HFR_396p_900K_12.y4m,317680665261509239083312009899052343986.y4m,USOpen,50.0,HEVC,704x396,900K,12
400,400,USOpen_HEVC_SFR_720p_2200K_12.y4m,235954645322586004792404780745208904059.y4m,USOpen,25.0,HEVC,1280x720,2200K,12
401,401,USOpen_HEVC_SFR_288p_300K_12.y4m,256869052012058075908935166999904398083.y4m,USOpen,25.0,HEVC,512x288,300K,12
402,402,USOpen_HEVC_HFR_540p_1100K_12.y4m,85640103444633857969095455132036468639.y4m,USOpen,50.0,HEVC,960x540,1100K,12
403,403,USOpen_HEVC_SFR_396p_600K_12.y4m,63628500908607951574634535420152304225.y4m,USOpen,25.0,HEVC,704x396,600K,12
404,404,USOpen_HEVC_SFR_396p_900K_12.y4m,280632469681031363205473788875996402966.y4m,USOpen,25.0,HEVC,704x396,900K,12
405,405,USOpen_HEVC_HFR_540p_1900K_12.y4m,329845916420285742641012096296583286187.y4m,USOpen,50.0,HEVC,960x540,1900K,12
406,406,USOpen_HEVC_SFR_540p_1100K_12.y4m,164353097606155341910272489987490432082.y4m,USOpen,25.0,HEVC,960x540,1100K,12
407,407,USOpen_HEVC_SFR_540p_1900K_12.y4m,129813955263460260699884633481897421534.y4m,USOpen,25.0,HEVC,960x540,1900K,12
408,408,USOpen_AVC_HFR_288p_300K_176.y4m,246898348317528638989984682318922712755.y4m,USOpen,50.0,AVC,512x288,300K,176
409,409,USOpen_AVC_HFR_396p_600K_176.y4m,51166165213409198358690751173675809115.y4m,USOpen,50.0,AVC,704x396,600K,176
410,410,USOpen_AVC_HFR_396p_900K_176.y4m,127033911159771469772276995270936818738.y4m,USOpen,50.0,AVC,704x396,900K,176
411,411,USOpen_AVC_HFR_540p_1300K_176.y4m,72543975909260068947131137222813258813.y4m,USOpen,50.0,AVC,960x540,1300K,176
412,412,USOpen_AVC_SFR_288p_200K_176.y4m,212589998545278739117944214207280008278.y4m,USOpen,25.0,AVC,512x288,200K,176
413,413,USOpen_AVC_SFR_396p_400K_176.y4m,178195717530978341628806391863938442002.y4m,USOpen,25.0,AVC,704x396,400K,176
414,414,USOpen_AVC_SFR_396p_800K_176.y4m,65117050266773528873607119218256897802.y4m,USOpen,25.0,AVC,704x396,800K,176
415,415,USOpen_AVC_SFR_540p_1200K_176.y4m,255545995390452778961400520067376400583.y4m,USOpen,25.0,AVC,960x540,1200K,176
416,416,USOpen_AVC_SFR_540p_1800K_176.y4m,7377117431094833779940626658373982543.y4m,USOpen,25.0,AVC,960x540,1800K,176
417,417,USOpen_AVC_SFR_720p_2000K_176.y4m,9019353361790677302903937332986999079.y4m,USOpen,25.0,AVC,1280x720,2000K,176
418,418,USOpen_AVC_HFR_540p_1900K_176.y4m,117697771240502400061461726060670801877.y4m,USOpen,50.0,AVC,960x540,1900K,176
419,419,USOpen_AVC_HFR_720p_2200K_176.y4m,85930478464107705761146042953103946812.y4m,USOpen,50.0,AVC,1280x720,2200K,176
420,420,USOpen_HEVC_HFR_288p_300K_176.y4m,176374304937672190636275005967234824729.y4m,USOpen,50.0,HEVC,512x288,300K,176
421,421,USOpen_HEVC_HFR_396p_600K_176.y4m,88199494096962229054355647256348939289.y4m,USOpen,50.0,HEVC,704x396,600K,176
422,422,USOpen_HEVC_HFR_720p_2200K_176.y4m,313403322466373234306662686503170578128.y4m,USOpen,50.0,HEVC,1280x720,2200K,176
423,423,USOpen_HEVC_HFR_396p_900K_176.y4m,13351081415828703365544492552770773356.y4m,USOpen,50.0,HEVC,704x396,900K,176
424,424,USOpen_HEVC_SFR_720p_2200K_176.y4m,154455728914901319439087792932191914788.y4m,USOpen,25.0,HEVC,1280x720,2200K,176
425,425,USOpen_HEVC_SFR_288p_300K_176.y4m,185565650687160261286899273529780990773.y4m,USOpen,25.0,HEVC,512x288,300K,176
426,426,USOpen_HEVC_HFR_540p_1100K_176.y4m,23659549995700225868515115064401206921.y4m,USOpen,50.0,HEVC,960x540,1100K,176
427,427,USOpen_HEVC_SFR_396p_600K_176.y4m,268328212679844711734863364047299613325.y4m,USOpen,25.0,HEVC,704x396,600K,176
428,428,USOpen_HEVC_SFR_396p_900K_176.y4m,77223325084090412135552670885728579147.y4m,USOpen,25.0,HEVC,704x396,900K,176
429,429,USOpen_HEVC_HFR_540p_1900K_176.y4m,28736172559315015355750718825998194526.y4m,USOpen,50.0,HEVC,960x540,1900K,176
430,430,USOpen_HEVC_SFR_540p_1100K_176.y4m,14736473787784901099677476021856454356.y4m,USOpen,25.0,HEVC,960x540,1100K,176
431,431,USOpen_HEVC_SFR_540p_1900K_176.y4m,193492008502330349226749546043250141758.y4m,USOpen,25.0,HEVC,960x540,1900K,176
432,432,Cricket1_AVC_HFR_288p_300K_198.y4m,39017978020608228637870993150143449856.y4m,Cricket1,50.0,AVC,512x288,300K,198
433,433,Cricket1_AVC_SFR_288p_200K_198.y4m,59417347579616083958870438285593619489.y4m,Cricket1,25.0,AVC,512x288,200K,198
434,434,Cricket1_AVC_HFR_396p_600K_198.y4m,97482356872365472049408671682734787382.y4m,Cricket1,50.0,AVC,704x396,600K,198
435,435,Cricket1_AVC_SFR_396p_400K_198.y4m,67474631451304547093351830283198396501.y4m,Cricket1,25.0,AVC,704x396,400K,198
436,436,Cricket1_AVC_SFR_396p_800K_198.y4m,185778862366547915410511859360753071479.y4m,Cricket1,25.0,AVC,704x396,800K,198
437,437,Cricket1_AVC_HFR_396p_900K_198.y4m,99577838186224644440879803783544404619.y4m,Cricket1,50.0,AVC,704x396,900K,198
438,438,Cricket1_AVC_SFR_540p_1200K_198.y4m,283369622124431245869121408293022316482.y4m,Cricket1,25.0,AVC,960x540,1200K,198
439,439,Cricket1_AVC_SFR_540p_1800K_198.y4m,60128027764518822228112217191592999907.y4m,Cricket1,25.0,AVC,960x540,1800K,198
440,440,Cricket1_AVC_SFR_720p_2000K_198.y4m,292229406890047704191906797737136684753.y4m,Cricket1,25.0,AVC,1280x720,2000K,198
441,441,Cricket1_AVC_HFR_540p_1300K_198.y4m,210763181947047564996341105436487056721.y4m,Cricket1,50.0,AVC,960x540,1300K,198
442,442,Cricket1_HEVC_HFR_288p_300K_198.y4m,286346309380442293610776387783360447228.y4m,Cricket1,50.0,HEVC,512x288,300K,198
443,443,Cricket1_HEVC_HFR_396p_600K_198.y4m,161828370780104647382984328184227267803.y4m,Cricket1,50.0,HEVC,704x396,600K,198
444,444,Cricket1_AVC_HFR_540p_1900K_198.y4m,166644478593950235123330157137415190979.y4m,Cricket1,50.0,AVC,960x540,1900K,198
445,445,Cricket1_AVC_HFR_720p_2200K_198.y4m,71420449389695707046428942566404383947.y4m,Cricket1,50.0,AVC,1280x720,2200K,198
446,446,Cricket1_HEVC_HFR_396p_900K_198.y4m,17308054326001514443505533974343673100.y4m,Cricket1,50.0,HEVC,704x396,900K,198
447,447,Cricket1_HEVC_SFR_288p_300K_198.y4m,285677636747373692343308674392350758147.y4m,Cricket1,25.0,HEVC,512x288,300K,198
448,448,Cricket1_HEVC_HFR_540p_1100K_198.y4m,31141265872076466686881991890290647278.y4m,Cricket1,50.0,HEVC,960x540,1100K,198
449,449,Cricket1_HEVC_SFR_396p_600K_198.y4m,37252854507256334982895368574900349071.y4m,Cricket1,25.0,HEVC,704x396,600K,198
450,450,Cricket1_HEVC_HFR_720p_2200K_198.y4m,265427779286173782819754639876802519101.y4m,Cricket1,50.0,HEVC,1280x720,2200K,198
451,451,Cricket1_HEVC_SFR_396p_900K_198.y4m,153122635404938372986611499467396150311.y4m,Cricket1,25.0,HEVC,704x396,900K,198
452,452,Cricket1_HEVC_HFR_540p_1900K_198.y4m,308196629359248880085047306875578324905.y4m,Cricket1,50.0,HEVC,960x540,1900K,198
453,453,Cricket1_HEVC_SFR_540p_1100K_198.y4m,184819034898039371510406158920851381542.y4m,Cricket1,25.0,HEVC,960x540,1100K,198
454,454,Cricket1_HEVC_SFR_540p_1900K_198.y4m,264427719001308447113538077212518634660.y4m,Cricket1,25.0,HEVC,960x540,1900K,198
455,455,Cricket1_HEVC_SFR_720p_2200K_198.y4m,221180310861568673052523280753342106579.y4m,Cricket1,25.0,HEVC,1280x720,2200K,198
456,456,Cricket2_AVC_HFR_288p_300K_120.y4m,190694444818819132247064829153256585530.y4m,Cricket2,50.0,AVC,512x288,300K,120
457,457,Cricket2_AVC_HFR_396p_600K_120.y4m,118520164395870642924642948657506187625.y4m,Cricket2,50.0,AVC,704x396,600K,120
458,458,Cricket2_AVC_HFR_396p_900K_120.y4m,92578716813608368722884080601757004768.y4m,Cricket2,50.0,AVC,704x396,900K,120
459,459,Cricket2_AVC_SFR_288p_200K_120.y4m,54204099018813145640541640758854199351.y4m,Cricket2,25.0,AVC,512x288,200K,120
460,460,Cricket2_AVC_HFR_540p_1300K_120.y4m,50973151633044813746357131485096465776.y4m,Cricket2,50.0,AVC,960x540,1300K,120
461,461,Cricket2_AVC_SFR_396p_400K_120.y4m,16163210124413108655033925901287760526.y4m,Cricket2,25.0,AVC,704x396,400K,120
462,462,Cricket2_AVC_SFR_396p_800K_120.y4m,32076298083598489120943829906280624685.y4m,Cricket2,25.0,AVC,704x396,800K,120
463,463,Cricket2_AVC_HFR_540p_1900K_120.y4m,188055554328567653615421965465633029504.y4m,Cricket2,50.0,AVC,960x540,1900K,120
464,464,Cricket2_AVC_SFR_540p_1200K_120.y4m,299701427476624721249817513597849452613.y4m,Cricket2,25.0,AVC,960x540,1200K,120
465,465,Cricket2_HEVC_HFR_288p_300K_120.y4m,165527834069344217767252760979563843901.y4m,Cricket2,50.0,HEVC,512x288,300K,120
466,466,Cricket2_AVC_HFR_720p_2200K_120.y4m,108904015552270253249342755737556264907.y4m,Cricket2,50.0,AVC,1280x720,2200K,120
467,467,Cricket2_AVC_SFR_540p_1800K_120.y4m,334601577938457256573113208069601317680.y4m,Cricket2,25.0,AVC,960x540,1800K,120
468,468,Cricket2_HEVC_HFR_396p_600K_120.y4m,170491130495381192389440884615160361554.y4m,Cricket2,50.0,HEVC,704x396,600K,120
469,469,Cricket2_AVC_SFR_720p_2000K_120.y4m,300436953669465265102078869371541609838.y4m,Cricket2,25.0,AVC,1280x720,2000K,120
470,470,Cricket2_HEVC_HFR_396p_900K_120.y4m,76761352933300691441008087177512143508.y4m,Cricket2,50.0,HEVC,704x396,900K,120
471,471,Cricket2_HEVC_SFR_288p_300K_120.y4m,26891497031944478027296317465516291858.y4m,Cricket2,25.0,HEVC,512x288,300K,120
472,472,Cricket2_HEVC_HFR_540p_1100K_120.y4m,215070430441444421009887826532934880298.y4m,Cricket2,50.0,HEVC,960x540,1100K,120
473,473,Cricket2_HEVC_SFR_396p_600K_120.y4m,6723219633071289674909867754893884097.y4m,Cricket2,25.0,HEVC,704x396,600K,120
474,474,Cricket2_HEVC_HFR_720p_2200K_120.y4m,164334750101193194084052784932236557695.y4m,Cricket2,50.0,HEVC,1280x720,2200K,120
475,475,Cricket2_HEVC_SFR_396p_900K_120.y4m,237018596533765155417374393867452832390.y4m,Cricket2,25.0,HEVC,704x396,900K,120
476,476,Cricket2_HEVC_HFR_540p_1900K_120.y4m,153900460674765456052245689062094799514.y4m,Cricket2,50.0,HEVC,960x540,1900K,120
477,477,Cricket2_HEVC_SFR_540p_1100K_120.y4m,107901760739961487610839586545485536977.y4m,Cricket2,25.0,HEVC,960x540,1100K,120
478,478,Cricket2_HEVC_SFR_540p_1900K_120.y4m,85753251337855233848476710164763217916.y4m,Cricket2,25.0,HEVC,960x540,1900K,120
479,479,Cricket2_HEVC_SFR_720p_2200K_120.y4m,170023101825535844010609458864568352637.y4m,Cricket2,25.0,HEVC,1280x720,2200K,120
480,480,EPLDay_HEVC_HFR_288p_300K_74.y4m,158513513809330114617651614383551837142.y4m,EPLDay,50.0,HEVC,512x288,300K,74
481,481,EPLDay_HEVC_HFR_540p_1900K_74.y4m,74949936593130473536600414452815106161.y4m,EPLDay,50.0,HEVC,960x540,1900K,74
482,482,EPLDay_HEVC_HFR_396p_900K_74.y4m,145096320165159337494636966090133726092.y4m,EPLDay,50.0,HEVC,704x396,900K,74
483,483,EPLDay_HEVC_HFR_396p_600K_74.y4m,325014589593180075017269915864479573623.y4m,EPLDay,50.0,HEVC,704x396,600K,74
484,484,EPLDay_HEVC_HFR_540p_1100K_74.y4m,196881374922736959704410830785613311444.y4m,EPLDay,50.0,HEVC,960x540,1100K,74
485,485,EPLDay_HEVC_SFR_288p_300K_74.y4m,266158390159312343292013687589043283619.y4m,EPLDay,25.0,HEVC,512x288,300K,74
486,486,EPLDay_HEVC_SFR_396p_900K_74.y4m,110959709976201289433580814596724288676.y4m,EPLDay,25.0,HEVC,704x396,900K,74
487,487,EPLDay_HEVC_SFR_396p_600K_74.y4m,93022504624522010840962798373433771525.y4m,EPLDay,25.0,HEVC,704x396,600K,74
488,488,EPLDay_HEVC_SFR_540p_1900K_74.y4m,64412298036340975229043205008021598797.y4m,EPLDay,25.0,HEVC,960x540,1900K,74
489,489,EPLDay_HEVC_SFR_540p_1100K_74.y4m,159005758223266806153377592270409520569.y4m,EPLDay,25.0,HEVC,960x540,1100K,74
490,490,EPLDay_AVC_HFR_288p_300K_74.y4m,30871450333479299574284723986391284338.y4m,EPLDay,50.0,AVC,512x288,300K,74
491,491,EPLDay_AVC_HFR_396p_600K_74.y4m,325384497482806585140002574908989904074.y4m,EPLDay,50.0,AVC,704x396,600K,74
492,492,EPLDay_AVC_HFR_396p_900K_74.y4m,63902037825763048519728004434171979048.y4m,EPLDay,50.0,AVC,704x396,900K,74
493,493,EPLDay_AVC_HFR_540p_1300K_74.y4m,87533564991196349291578225172558697516.y4m,EPLDay,50.0,AVC,960x540,1300K,74
494,494,EPLDay_AVC_SFR_288p_200K_74.y4m,12748281324069982238315162511145063776.y4m,EPLDay,25.0,AVC,512x288,200K,74
495,495,EPLDay_AVC_HFR_540p_1900K_74.y4m,227111706678440166383151078841036217867.y4m,EPLDay,50.0,AVC,960x540,1900K,74
496,496,EPLDay_AVC_SFR_396p_400K_74.y4m,22756615926852600918202878764919745024.y4m,EPLDay,25.0,AVC,704x396,400K,74
497,497,EPLDay_AVC_HFR_720p_2200K_74.y4m,110043061548026866930411640785888822434.y4m,EPLDay,50.0,AVC,1280x720,2200K,74
498,498,EPLDay_AVC_SFR_396p_800K_74.y4m,126161495606141669393468689716133775173.y4m,EPLDay,25.0,AVC,704x396,800K,74
499,499,EPLDay_AVC_SFR_540p_1200K_74.y4m,262345249659954795723310616630240544662.y4m,EPLDay,25.0,AVC,960x540,1200K,74
500,500,EPLDay_AVC_SFR_540p_1800K_74.y4m,143286315104715233630564064688563658318.y4m,EPLDay,25.0,AVC,960x540,1800K,74
501,501,EPLDay_AVC_SFR_720p_2000K_74.y4m,209272878306189522557280254982726695292.y4m,EPLDay,25.0,AVC,1280x720,2000K,74
502,502,EPLDay_HEVC_HFR_720p_2200K_74.y4m,46862943330553935351701573752073738500.y4m,EPLDay,50.0,HEVC,1280x720,2200K,74
503,503,EPLDay_HEVC_SFR_720p_2200K_74.y4m,144332243852213812064864761791596793090.y4m,EPLDay,25.0,HEVC,1280x720,2200K,74
504,504,EPLNight_HEVC_HFR_288p_300K_58.y4m,40324171238767894871500910308122660677.y4m,EPLNight,50.0,HEVC,512x288,300K,58
505,505,EPLNight_HEVC_HFR_396p_600K_58.y4m,4483435561037917620615280033595573782.y4m,EPLNight,50.0,HEVC,704x396,600K,58
506,506,EPLNight_HEVC_HFR_396p_900K_58.y4m,244463013588601118224960286505226057745.y4m,EPLNight,50.0,HEVC,704x396,900K,58
507,507,EPLNight_HEVC_HFR_540p_1100K_58.y4m,139761788806559252734991712036122420589.y4m,EPLNight,50.0,HEVC,960x540,1100K,58
508,508,EPLNight_HEVC_HFR_540p_1900K_58.y4m,128042525015855328030890141282408336961.y4m,EPLNight,50.0,HEVC,960x540,1900K,58
509,509,EPLNight_HEVC_SFR_288p_300K_58.y4m,285317454430543300803585824960401684984.y4m,EPLNight,25.0,HEVC,512x288,300K,58
510,510,EPLNight_HEVC_SFR_396p_600K_58.y4m,206882496633758777973602204295960725062.y4m,EPLNight,25.0,HEVC,704x396,600K,58
511,511,EPLNight_HEVC_SFR_540p_1100K_58.y4m,64522899231732951984223262129680375641.y4m,EPLNight,25.0,HEVC,960x540,1100K,58
512,512,EPLNight_HEVC_SFR_396p_900K_58.y4m,339263946943365977788427212839157676416.y4m,EPLNight,25.0,HEVC,704x396,900K,58
513,513,EPLNight_AVC_HFR_288p_300K_58.y4m,176275377886418655672707367270019638894.y4m,EPLNight,50.0,AVC,512x288,300K,58
514,514,EPLNight_AVC_HFR_396p_600K_58.y4m,31580576053957890759038956796294809505.y4m,EPLNight,50.0,AVC,704x396,600K,58
515,515,EPLNight_AVC_HFR_396p_900K_58.y4m,290873652377542542412188115564052087079.y4m,EPLNight,50.0,AVC,704x396,900K,58
516,516,EPLNight_AVC_SFR_288p_200K_58.y4m,227902148558128874143732700150425531060.y4m,EPLNight,25.0,AVC,512x288,200K,58
517,517,EPLNight_AVC_HFR_540p_1300K_58.y4m,99854943974740714951769738563499263842.y4m,EPLNight,50.0,AVC,960x540,1300K,58
518,518,EPLNight_AVC_SFR_396p_400K_58.y4m,328715899376205927215079195810457814060.y4m,EPLNight,25.0,AVC,704x396,400K,58
519,519,EPLNight_AVC_HFR_540p_1900K_58.y4m,134601792892375531042691279877989156117.y4m,EPLNight,50.0,AVC,960x540,1900K,58
520,520,EPLNight_AVC_HFR_720p_2200K_58.y4m,176728106173906595435261450118372267496.y4m,EPLNight,50.0,AVC,1280x720,2200K,58
521,521,EPLNight_AVC_SFR_396p_800K_58.y4m,90030249153424983309767954974105880788.y4m,EPLNight,25.0,AVC,704x396,800K,58
522,522,EPLNight_AVC_SFR_540p_1200K_58.y4m,292768692193399584830006938385446147229.y4m,EPLNight,25.0,AVC,960x540,1200K,58
523,523,EPLNight_HEVC_SFR_720p_2200K_58.y4m,260471663455379802271600875740588143697.y4m,EPLNight,25.0,HEVC,1280x720,2200K,58
524,524,EPLNight_AVC_SFR_540p_1800K_58.y4m,70598911931431874319923688044607080852.y4m,EPLNight,25.0,AVC,960x540,1800K,58
525,525,EPLNight_AVC_SFR_720p_2000K_58.y4m,241215369184545187147245714821134431690.y4m,EPLNight,25.0,AVC,1280x720,2000K,58
526,526,EPLNight_HEVC_HFR_720p_2200K_58.y4m,31471927803453488695183321321851310963.y4m,EPLNight,50.0,HEVC,1280x720,2200K,58
527,527,EPLNight_HEVC_SFR_540p_1900K_58.y4m,95948011213357013958259283093245616629.y4m,EPLNight,25.0,HEVC,960x540,1900K,58
528,528,TNFF_HEVC_SFR_288p_300K_114.y4m,244260064786322957229281890387860701041.y4m,TNFF,29.97,HEVC,512x288,300K,114
529,529,TNFF_HEVC_SFR_396p_600K_114.y4m,214819827500716611161853177388752811864.y4m,TNFF,29.97,HEVC,704x396,600K,114
530,530,TNFF_HEVC_SFR_396p_900K_114.y4m,275027880790554123575969058778519419404.y4m,TNFF,29.97,HEVC,704x396,900K,114
531,531,TNFF_HEVC_SFR_540p_1100K_114.y4m,330154503733092515442325802330639081912.y4m,TNFF,29.97,HEVC,960x540,1100K,114
532,532,TNFF_HEVC_SFR_540p_1900K_114.y4m,182396876626172856267929380833559729943.y4m,TNFF,29.97,HEVC,960x540,1900K,114
533,533,TNFF_HEVC_HFR_288p_300K_114.y4m,21650453622478035234668358276171026232.y4m,TNFF,59.94,HEVC,512x288,300K,114
534,534,TNFF_HEVC_HFR_396p_600K_114.y4m,136369057540341610380046687470888826682.y4m,TNFF,59.94,HEVC,704x396,600K,114
535,535,TNFF_HEVC_HFR_396p_900K_114.y4m,225213515583324806019026011864516331213.y4m,TNFF,59.94,HEVC,704x396,900K,114
536,536,TNFF_HEVC_HFR_540p_1100K_114.y4m,24718670390168538591329365845329317003.y4m,TNFF,59.94,HEVC,960x540,1100K,114
537,537,TNFF_HEVC_HFR_540p_1900K_114.y4m,264860083880084459558831705535103710801.y4m,TNFF,59.94,HEVC,960x540,1900K,114
538,538,TNFF_AVC_HFR_288p_300K_114.y4m,270385138452297446601630056501741212151.y4m,TNFF,59.94,AVC,512x288,300K,114
539,539,TNFF_AVC_HFR_396p_600K_114.y4m,173383254095492391426848847987298562087.y4m,TNFF,59.94,AVC,704x396,600K,114
540,540,TNFF_AVC_HFR_396p_900K_114.y4m,34513643934135180968777283714430297797.y4m,TNFF,59.94,AVC,704x396,900K,114
541,541,TNFF_AVC_SFR_288p_200K_114.y4m,240854237428559118750451235083375759207.y4m,TNFF,29.97,AVC,512x288,200K,114
542,542,TNFF_AVC_SFR_396p_400K_114.y4m,198326974077222852934106071125114001334.y4m,TNFF,29.97,AVC,704x396,400K,114
543,543,TNFF_AVC_HFR_540p_1300K_114.y4m,190365012366979656454132498470780101623.y4m,TNFF,59.94,AVC,960x540,1300K,114
544,544,TNFF_AVC_SFR_396p_800K_114.y4m,2546278370679339073432304207069231295.y4m,TNFF,29.97,AVC,704x396,800K,114
545,545,TNFF_AVC_HFR_540p_1900K_114.y4m,310419446449857416010013339752429725744.y4m,TNFF,59.94,AVC,960x540,1900K,114
546,546,TNFF_AVC_HFR_720p_2200K_114.y4m,269394577965119527159336015356079815316.y4m,TNFF,59.94,AVC,1280x720,2200K,114
547,547,TNFF_AVC_SFR_540p_1200K_114.y4m,36412715696825456556034122310513222700.y4m,TNFF,29.97,AVC,960x540,1200K,114
548,548,TNFF_AVC_SFR_540p_1800K_114.y4m,175516287637091052506508211159509309754.y4m,TNFF,29.97,AVC,960x540,1800K,114
549,549,TNFF_AVC_SFR_720p_2000K_114.y4m,64603442816668433060679809072867953630.y4m,TNFF,29.97,AVC,1280x720,2000K,114
550,550,TNFF_HEVC_HFR_720p_2200K_114.y4m,87839485779271216445202730536435988378.y4m,TNFF,59.94,HEVC,1280x720,2200K,114
551,551,TNFF_HEVC_SFR_720p_2200K_114.y4m,103165455535877690394915677324461195961.y4m,TNFF,29.97,HEVC,1280x720,2200K,114
552,552,TNFF_HEVC_SFR_288p_300K_336.y4m,237965441458061562311070144630793167422.y4m,TNFF,29.97,HEVC,512x288,300K,336
553,553,TNFF_HEVC_SFR_396p_600K_336.y4m,336090114639772445954501615468713346096.y4m,TNFF,29.97,HEVC,704x396,600K,336
554,554,TNFF_HEVC_SFR_396p_900K_336.y4m,29779896476783122462088642806426821774.y4m,TNFF,29.97,HEVC,704x396,900K,336
555,555,TNFF_HEVC_SFR_540p_1100K_336.y4m,205198153170075647012239825239856920659.y4m,TNFF,29.97,HEVC,960x540,1100K,336
556,556,TNFF_HEVC_SFR_540p_1900K_336.y4m,292033643911996880734262934434551056101.y4m,TNFF,29.97,HEVC,960x540,1900K,336
557,557,TNFF_HEVC_HFR_288p_300K_336.y4m,328781397848890973058035010279676454301.y4m,TNFF,59.94,HEVC,512x288,300K,336
558,558,TNFF_HEVC_HFR_396p_600K_336.y4m,102961901151714055558089906499044161553.y4m,TNFF,59.94,HEVC,704x396,600K,336
559,559,TNFF_HEVC_HFR_396p_900K_336.y4m,153050405360166514553631118497039609235.y4m,TNFF,59.94,HEVC,704x396,900K,336
560,560,TNFF_HEVC_HFR_540p_1100K_336.y4m,157646866748848411926233037978308819510.y4m,TNFF,59.94,HEVC,960x540,1100K,336
561,561,TNFF_HEVC_HFR_540p_1900K_336.y4m,53755681570883018306138697552094206313.y4m,TNFF,59.94,HEVC,960x540,1900K,336
562,562,TNFF_AVC_HFR_288p_300K_336.y4m,10848912313746145457494322165184879102.y4m,TNFF,59.94,AVC,512x288,300K,336
563,563,TNFF_AVC_HFR_396p_600K_336.y4m,163159164372564089090382037350759933307.y4m,TNFF,59.94,AVC,704x396,600K,336
564,564,TNFF_AVC_HFR_396p_900K_336.y4m,111417974468415403101959047871681718842.y4m,TNFF,59.94,AVC,704x396,900K,336
565,565,TNFF_AVC_SFR_288p_200K_336.y4m,68719954625705459975357308153361862900.y4m,TNFF,29.97,AVC,512x288,200K,336
566,566,TNFF_AVC_SFR_396p_400K_336.y4m,21037422858133599444925262503568737949.y4m,TNFF,29.97,AVC,704x396,400K,336
567,567,TNFF_AVC_HFR_540p_1300K_336.y4m,70995877606909272769456811630426316367.y4m,TNFF,59.94,AVC,960x540,1300K,336
568,568,TNFF_AVC_SFR_396p_800K_336.y4m,2008396797402152769789089352340100420.y4m,TNFF,29.97,AVC,704x396,800K,336
569,569,TNFF_AVC_HFR_540p_1900K_336.y4m,40136406511792161019380691910269715109.y4m,TNFF,59.94,AVC,960x540,1900K,336
570,570,TNFF_AVC_HFR_720p_2200K_336.y4m,166875973976945386319763925952773737155.y4m,TNFF,59.94,AVC,1280x720,2200K,336
571,571,TNFF_AVC_SFR_540p_1200K_336.y4m,44685461523926052336599012933706285674.y4m,TNFF,29.97,AVC,960x540,1200K,336
572,572,TNFF_AVC_SFR_540p_1800K_336.y4m,31625703094719778976666816858557135858.y4m,TNFF,29.97,AVC,960x540,1800K,336
573,573,TNFF_AVC_SFR_720p_2000K_336.y4m,24294184460133728457222896778124184845.y4m,TNFF,29.97,AVC,1280x720,2000K,336
574,574,TNFF_HEVC_HFR_720p_2200K_336.y4m,97028535677237218198132572271966525282.y4m,TNFF,59.94,HEVC,1280x720,2200K,336
575,575,TNFF_HEVC_SFR_720p_2200K_336.y4m,314446422751114344450704256155339077211.y4m,TNFF,29.97,HEVC,1280x720,2200K,336
595,595,USOpen_AVC_HFR_288p_300K_148.y4m,326805096269727285323477416091594478574.y4m,USOpen,50.0,AVC,512x288,300K,148
596,596,USOpen_AVC_HFR_396p_600K_148.y4m,300973113287332015333922295998807279335.y4m,USOpen,50.0,AVC,704x396,600K,148
597,597,USOpen_AVC_HFR_396p_900K_148.y4m,15303483749774896749156648851173316413.y4m,USOpen,50.0,AVC,704x396,900K,148
598,598,USOpen_AVC_HFR_540p_1300K_148.y4m,110754449286876928530812730254689416915.y4m,USOpen,50.0,AVC,960x540,1300K,148
599,599,USOpen_AVC_SFR_288p_200K_148.y4m,14241645553105461707877138042464368956.y4m,USOpen,25.0,AVC,512x288,200K,148
600,600,USOpen_AVC_SFR_396p_400K_148.y4m,53425767210309480360158768521346697999.y4m,USOpen,25.0,AVC,704x396,400K,148
601,601,USOpen_AVC_SFR_396p_800K_148.y4m,96388728961800304753469079739103365315.y4m,USOpen,25.0,AVC,704x396,800K,148
602,602,USOpen_AVC_SFR_540p_1200K_148.y4m,98038341804143720861114565061279000143.y4m,USOpen,25.0,AVC,960x540,1200K,148
603,603,USOpen_AVC_SFR_540p_1800K_148.y4m,51209370423804899606254656516064542459.y4m,USOpen,25.0,AVC,960x540,1800K,148
604,604,USOpen_AVC_SFR_720p_2000K_148.y4m,289621139200368314878133441430839523888.y4m,USOpen,25.0,AVC,1280x720,2000K,148
605,605,USOpen_AVC_HFR_540p_1900K_148.y4m,148397064237318904690223128458901838666.y4m,USOpen,50.0,AVC,960x540,1900K,148
606,606,USOpen_AVC_HFR_720p_2200K_148.y4m,32375940018735669609548967526627801530.y4m,USOpen,50.0,AVC,1280x720,2200K,148
607,607,USOpen_HEVC_HFR_288p_300K_148.y4m,327576955705520307465324002268076372530.y4m,USOpen,50.0,HEVC,512x288,300K,148
608,608,USOpen_HEVC_HFR_396p_600K_148.y4m,136581329074739513809880965865819998730.y4m,USOpen,50.0,HEVC,704x396,600K,148
609,609,USOpen_HEVC_HFR_720p_2200K_148.y4m,170820093820562667872128549202898160132.y4m,USOpen,50.0,HEVC,1280x720,2200K,148
610,610,USOpen_HEVC_HFR_396p_900K_148.y4m,41462320153136118637675693215374966119.y4m,USOpen,50.0,HEVC,704x396,900K,148
611,611,USOpen_HEVC_SFR_720p_2200K_148.y4m,14160222648687170933262175147340148151.y4m,USOpen,25.0,HEVC,1280x720,2200K,148
612,612,USOpen_HEVC_SFR_288p_300K_148.y4m,55058053683613771459836433581879124177.y4m,USOpen,25.0,HEVC,512x288,300K,148
613,613,USOpen_HEVC_HFR_540p_1100K_148.y4m,172355521658819397178716342426092474060.y4m,USOpen,50.0,HEVC,960x540,1100K,148
614,614,USOpen_HEVC_SFR_396p_600K_148.y4m,152964180146748287147338417311941244901.y4m,USOpen,25.0,HEVC,704x396,600K,148
615,615,USOpen_HEVC_SFR_396p_900K_148.y4m,143109509021142880329870629974558715392.y4m,USOpen,25.0,HEVC,704x396,900K,148
616,616,USOpen_HEVC_HFR_540p_1900K_148.y4m,93388130823949073527943177685580389501.y4m,USOpen,50.0,HEVC,960x540,1900K,148
617,617,USOpen_HEVC_SFR_540p_1100K_148.y4m,156875241303750287171429686423257177842.y4m,USOpen,25.0,HEVC,960x540,1100K,148
618,618,USOpen_HEVC_SFR_540p_1900K_148.y4m,42465468271233968638078251063925766701.y4m,USOpen,25.0,HEVC,960x540,1900K,148
619,619,USOpen_AVC_HFR_288p_300K_604.y4m,122338583405590691643428634762901492943.y4m,USOpen,50.0,AVC,512x288,300K,604
620,620,USOpen_AVC_HFR_396p_600K_604.y4m,8013377497539126215053688843884625581.y4m,USOpen,50.0,AVC,704x396,600K,604
621,621,USOpen_AVC_HFR_396p_900K_604.y4m,124541590670373389109034090197606637542.y4m,USOpen,50.0,AVC,704x396,900K,604
622,622,USOpen_AVC_HFR_540p_1300K_604.y4m,254396647225293854570678618965462048685.y4m,USOpen,50.0,AVC,960x540,1300K,604
623,623,USOpen_AVC_SFR_288p_200K_604.y4m,297947706805208166827532444989133588395.y4m,USOpen,25.0,AVC,512x288,200K,604
624,624,USOpen_AVC_SFR_396p_400K_604.y4m,123331150489763968291736901782701399217.y4m,USOpen,25.0,AVC,704x396,400K,604
625,625,USOpen_AVC_SFR_396p_800K_604.y4m,223434030385728111575767709751018718306.y4m,USOpen,25.0,AVC,704x396,800K,604
626,626,USOpen_AVC_SFR_540p_1200K_604.y4m,150793900935950379611973856116761151432.y4m,USOpen,25.0,AVC,960x540,1200K,604
627,627,USOpen_AVC_SFR_540p_1800K_604.y4m,92207206500275709271169161028386358514.y4m,USOpen,25.0,AVC,960x540,1800K,604
628,628,USOpen_AVC_SFR_720p_2000K_604.y4m,161943710045368321693058546134973346332.y4m,USOpen,25.0,AVC,1280x720,2000K,604
629,629,USOpen_AVC_HFR_540p_1900K_604.y4m,13492328664093673612448565019592897724.y4m,USOpen,50.0,AVC,960x540,1900K,604
630,630,USOpen_AVC_HFR_720p_2200K_604.y4m,220510437930623916511674064415650885516.y4m,USOpen,50.0,AVC,1280x720,2200K,604
631,631,USOpen_HEVC_HFR_288p_300K_604.y4m,67509689931996319416983512737738849455.y4m,USOpen,50.0,HEVC,512x288,300K,604
632,632,USOpen_HEVC_HFR_396p_600K_604.y4m,197604820305044659643606936888884428569.y4m,USOpen,50.0,HEVC,704x396,600K,604
633,633,USOpen_HEVC_HFR_720p_2200K_604.y4m,259188028857418542817817448738846715492.y4m,USOpen,50.0,HEVC,1280x720,2200K,604
634,634,USOpen_HEVC_HFR_396p_900K_604.y4m,154807389889976842448249185568316274152.y4m,USOpen,50.0,HEVC,704x396,900K,604
635,635,USOpen_HEVC_SFR_720p_2200K_604.y4m,317460437993144229613694686557820291415.y4m,USOpen,25.0,HEVC,1280x720,2200K,604
636,636,USOpen_HEVC_SFR_288p_300K_604.y4m,52965404849847130439519819068953728811.y4m,USOpen,25.0,HEVC,512x288,300K,604
637,637,USOpen_HEVC_HFR_540p_1100K_604.y4m,126602597337793576069706184797546732129.y4m,USOpen,50.0,HEVC,960x540,1100K,604
638,638,USOpen_HEVC_SFR_396p_600K_604.y4m,317543107580853651655036497450363391536.y4m,USOpen,25.0,HEVC,704x396,600K,604
639,639,USOpen_HEVC_SFR_396p_900K_604.y4m,165353517619388003905369499696519339624.y4m,USOpen,25.0,HEVC,704x396,900K,604
640,640,USOpen_HEVC_HFR_540p_1900K_604.y4m,31976899182782506147876488762605270570.y4m,USOpen,50.0,HEVC,960x540,1900K,604
641,641,USOpen_HEVC_SFR_540p_1100K_604.y4m,253209575622772932789448646325419382942.y4m,USOpen,25.0,HEVC,960x540,1100K,604
642,642,USOpen_HEVC_SFR_540p_1900K_604.y4m,47589336834685208072274517545200342320.y4m,USOpen,25.0,HEVC,960x540,1900K,604
643,643,USOpen_AVC_HFR_288p_300K_648.y4m,23276500442443558336970281467368200646.y4m,USOpen,50.0,AVC,512x288,300K,648
644,644,USOpen_AVC_HFR_396p_600K_648.y4m,180488968253226908671588676985229060024.y4m,USOpen,50.0,AVC,704x396,600K,648
645,645,USOpen_AVC_HFR_396p_900K_648.y4m,225427094768067361070802009878598804974.y4m,USOpen,50.0,AVC,704x396,900K,648
646,646,USOpen_AVC_HFR_540p_1300K_648.y4m,198683734855403583074931209981420506158.y4m,USOpen,50.0,AVC,960x540,1300K,648
647,647,USOpen_AVC_SFR_288p_200K_648.y4m,31283533362578898970155833052471314911.y4m,USOpen,25.0,AVC,512x288,200K,648
648,648,USOpen_AVC_SFR_396p_400K_648.y4m,170909058572709478032363810119478440457.y4m,USOpen,25.0,AVC,704x396,400K,648
649,649,USOpen_AVC_SFR_396p_800K_648.y4m,157955020978656345674195503432948736688.y4m,USOpen,25.0,AVC,704x396,800K,648
650,650,USOpen_AVC_SFR_540p_1200K_648.y4m,118762147466851965346223563891193723220.y4m,USOpen,25.0,AVC,960x540,1200K,648
651,651,USOpen_AVC_SFR_540p_1800K_648.y4m,53193563952581524085082456700165545882.y4m,USOpen,25.0,AVC,960x540,1800K,648
652,652,USOpen_AVC_SFR_720p_2000K_648.y4m,205504687038414888780610526054166306487.y4m,USOpen,25.0,AVC,1280x720,2000K,648
653,653,USOpen_AVC_HFR_540p_1900K_648.y4m,216904665138998491298957251831582393621.y4m,USOpen,50.0,AVC,960x540,1900K,648
654,654,USOpen_AVC_HFR_720p_2200K_648.y4m,270628756520670426674061713962907727863.y4m,USOpen,50.0,AVC,1280x720,2200K,648
655,655,USOpen_HEVC_HFR_288p_300K_648.y4m,91663853249940482857119318638340360586.y4m,USOpen,50.0,HEVC,512x288,300K,648
656,656,USOpen_HEVC_HFR_396p_600K_648.y4m,59826866542521266660681648344521929039.y4m,USOpen,50.0,HEVC,704x396,600K,648
657,657,USOpen_HEVC_HFR_720p_2200K_648.y4m,28928312612191911634311332573799046477.y4m,USOpen,50.0,HEVC,1280x720,2200K,648
658,658,USOpen_HEVC_HFR_396p_900K_648.y4m,220915401319272866437509844227612124124.y4m,USOpen,50.0,HEVC,704x396,900K,648
659,659,USOpen_HEVC_SFR_720p_2200K_648.y4m,52817655989663344224333686905234389764.y4m,USOpen,25.0,HEVC,1280x720,2200K,648
660,660,USOpen_HEVC_SFR_288p_300K_648.y4m,942659580661491682106462919845475949.y4m,USOpen,25.0,HEVC,512x288,300K,648
661,661,USOpen_HEVC_HFR_540p_1100K_648.y4m,187628254893938318941485686329169295703.y4m,USOpen,50.0,HEVC,960x540,1100K,648
662,662,USOpen_HEVC_SFR_396p_600K_648.y4m,6698180133964283637712979077977567067.y4m,USOpen,25.0,HEVC,704x396,600K,648
663,663,USOpen_HEVC_SFR_396p_900K_648.y4m,145945144934659613624443048106293965729.y4m,USOpen,25.0,HEVC,704x396,900K,648
664,664,USOpen_HEVC_HFR_540p_1900K_648.y4m,199159794812858383570200854462543374589.y4m,USOpen,50.0,HEVC,960x540,1900K,648
665,665,USOpen_HEVC_SFR_540p_1100K_648.y4m,63953977162454207222596837743115971038.y4m,USOpen,25.0,HEVC,960x540,1100K,648
666,666,USOpen_HEVC_SFR_540p_1900K_648.y4m,279357609605023735991734093806402113045.y4m,USOpen,25.0,HEVC,960x540,1900K,648
667,667,Cricket1_AVC_HFR_288p_300K_210.y4m,333980729700051788531561692001357868218.y4m,Cricket1,50.0,AVC,512x288,300K,210
668,668,Cricket1_AVC_SFR_288p_200K_210.y4m,197676353682463695443732627647823104704.y4m,Cricket1,25.0,AVC,512x288,200K,210
669,669,Cricket1_AVC_HFR_396p_600K_210.y4m,20609728359946093724103879588952857296.y4m,Cricket1,50.0,AVC,704x396,600K,210
670,670,Cricket1_AVC_SFR_396p_400K_210.y4m,163804106106169106146138228995751093032.y4m,Cricket1,25.0,AVC,704x396,400K,210
671,671,Cricket1_AVC_SFR_396p_800K_210.y4m,75223644537191376691470345884124562074.y4m,Cricket1,25.0,AVC,704x396,800K,210
672,672,Cricket1_AVC_HFR_396p_900K_210.y4m,101644311081863874597963204544234053980.y4m,Cricket1,50.0,AVC,704x396,900K,210
673,673,Cricket1_AVC_SFR_540p_1200K_210.y4m,321896591191503642385228053570667170566.y4m,Cricket1,25.0,AVC,960x540,1200K,210
674,674,Cricket1_AVC_SFR_540p_1800K_210.y4m,269123482981352976378193743026562614335.y4m,Cricket1,25.0,AVC,960x540,1800K,210
675,675,Cricket1_AVC_SFR_720p_2000K_210.y4m,29365641939440526686085604805791184239.y4m,Cricket1,25.0,AVC,1280x720,2000K,210
676,676,Cricket1_AVC_HFR_540p_1300K_210.y4m,256479748283695416860971318585405328418.y4m,Cricket1,50.0,AVC,960x540,1300K,210
677,677,Cricket1_HEVC_HFR_288p_300K_210.y4m,24636679600735785347139338897306038642.y4m,Cricket1,50.0,HEVC,512x288,300K,210
678,678,Cricket1_HEVC_HFR_396p_600K_210.y4m,67171646721919702032725628078240868949.y4m,Cricket1,50.0,HEVC,704x396,600K,210
679,679,Cricket1_AVC_HFR_540p_1900K_210.y4m,102198085667671440436131636921206969634.y4m,Cricket1,50.0,AVC,960x540,1900K,210
680,680,Cricket1_AVC_HFR_720p_2200K_210.y4m,37902545894192977473995447840865907242.y4m,Cricket1,50.0,AVC,1280x720,2200K,210
681,681,Cricket1_HEVC_HFR_396p_900K_210.y4m,311763373976957900446009983821154371114.y4m,Cricket1,50.0,HEVC,704x396,900K,210
682,682,Cricket1_HEVC_SFR_288p_300K_210.y4m,96468857016342263233632437013486829576.y4m,Cricket1,25.0,HEVC,512x288,300K,210
683,683,Cricket1_HEVC_HFR_540p_1100K_210.y4m,314863134429019137346517783353085433729.y4m,Cricket1,50.0,HEVC,960x540,1100K,210
684,684,Cricket1_HEVC_SFR_396p_600K_210.y4m,151823175796941053219315048828903892470.y4m,Cricket1,25.0,HEVC,704x396,600K,210
685,685,Cricket1_HEVC_HFR_720p_2200K_210.y4m,109258675982032168897631186282865368887.y4m,Cricket1,50.0,HEVC,1280x720,2200K,210
686,686,Cricket1_HEVC_SFR_396p_900K_210.y4m,145114528019443363519841921894629016489.y4m,Cricket1,25.0,HEVC,704x396,900K,210
687,687,Cricket1_HEVC_HFR_540p_1900K_210.y4m,245912831642104771837843823280922616381.y4m,Cricket1,50.0,HEVC,960x540,1900K,210
688,688,Cricket1_HEVC_SFR_540p_1100K_210.y4m,2970711484064645789316516926964177594.y4m,Cricket1,25.0,HEVC,960x540,1100K,210
689,689,Cricket1_HEVC_SFR_540p_1900K_210.y4m,250261094754809788522658736116164322882.y4m,Cricket1,25.0,HEVC,960x540,1900K,210
690,690,Cricket1_HEVC_SFR_720p_2200K_210.y4m,272887235865251134294166431215383619369.y4m,Cricket1,25.0,HEVC,1280x720,2200K,210
691,691,Cricket2_AVC_HFR_288p_300K_210.y4m,297886359453265106540625375421596751632.y4m,Cricket2,50.0,AVC,512x288,300K,210
692,692,Cricket2_AVC_HFR_396p_600K_210.y4m,154072772878772041576008282372997091857.y4m,Cricket2,50.0,AVC,704x396,600K,210
693,693,Cricket2_AVC_HFR_396p_900K_210.y4m,198725094353363747521630033086903162178.y4m,Cricket2,50.0,AVC,704x396,900K,210
694,694,Cricket2_AVC_SFR_288p_200K_210.y4m,138481408777610684240117699122035801762.y4m,Cricket2,25.0,AVC,512x288,200K,210
695,695,Cricket2_AVC_HFR_540p_1300K_210.y4m,62897170342731302757968216099799496867.y4m,Cricket2,50.0,AVC,960x540,1300K,210
696,696,Cricket2_AVC_SFR_396p_400K_210.y4m,181818824180269330269089852494227933175.y4m,Cricket2,25.0,AVC,704x396,400K,210
697,697,Cricket2_AVC_SFR_396p_800K_210.y4m,236770767278192609894946748754822177965.y4m,Cricket2,25.0,AVC,704x396,800K,210
698,698,Cricket2_AVC_HFR_540p_1900K_210.y4m,326210168047450535760810374181900429378.y4m,Cricket2,50.0,AVC,960x540,1900K,210
699,699,Cricket2_AVC_SFR_540p_1200K_210.y4m,158807136774885285079198538003335894022.y4m,Cricket2,25.0,AVC,960x540,1200K,210
700,700,Cricket2_HEVC_HFR_288p_300K_210.y4m,12867492218391770583021951121106491314.y4m,Cricket2,50.0,HEVC,512x288,300K,210
701,701,Cricket2_AVC_HFR_720p_2200K_210.y4m,60920182358140246463150800070431090163.y4m,Cricket2,50.0,AVC,1280x720,2200K,210
702,702,Cricket2_AVC_SFR_540p_1800K_210.y4m,144860930196634716413950167521921760864.y4m,Cricket2,25.0,AVC,960x540,1800K,210
703,703,Cricket2_HEVC_HFR_396p_600K_210.y4m,292017929549968742556578882899889497380.y4m,Cricket2,50.0,HEVC,704x396,600K,210
704,704,Cricket2_AVC_SFR_720p_2000K_210.y4m,266068991366274837712486955654837862915.y4m,Cricket2,25.0,AVC,1280x720,2000K,210
705,705,Cricket2_HEVC_HFR_396p_900K_210.y4m,115112807969929642920484032723476893147.y4m,Cricket2,50.0,HEVC,704x396,900K,210
706,706,Cricket2_HEVC_SFR_288p_300K_210.y4m,59736687275987491423120871140450648000.y4m,Cricket2,25.0,HEVC,512x288,300K,210
707,707,Cricket2_HEVC_HFR_540p_1100K_210.y4m,126726564226517799517520979904088100701.y4m,Cricket2,50.0,HEVC,960x540,1100K,210
708,708,Cricket2_HEVC_SFR_396p_600K_210.y4m,32065684782842246154541198715142343516.y4m,Cricket2,25.0,HEVC,704x396,600K,210
709,709,Cricket2_HEVC_HFR_720p_2200K_210.y4m,301255993428580292147471557646720325980.y4m,Cricket2,50.0,HEVC,1280x720,2200K,210
710,710,Cricket2_HEVC_SFR_396p_900K_210.y4m,109081724158530434657251639424963799902.y4m,Cricket2,25.0,HEVC,704x396,900K,210
711,711,Cricket2_HEVC_HFR_540p_1900K_210.y4m,327898138839228813509254687908211505801.y4m,Cricket2,50.0,HEVC,960x540,1900K,210
712,712,Cricket2_HEVC_SFR_540p_1100K_210.y4m,31911207890560825832508539501449815931.y4m,Cricket2,25.0,HEVC,960x540,1100K,210
713,713,Cricket2_HEVC_SFR_540p_1900K_210.y4m,189876900768713901787099485659867967796.y4m,Cricket2,25.0,HEVC,960x540,1900K,210
714,714,Cricket2_HEVC_SFR_720p_2200K_210.y4m,315759041361398758667112347704727825124.y4m,Cricket2,25.0,HEVC,1280x720,2200K,210
715,715,TNFNFL_AVC_HFR_288p_300K_4211.y4m,190563245034059056562161994281140966697.y4m,TNFNFL,59.94,AVC,512x288,300K,4211
716,716,TNFNFL_AVC_HFR_396p_600K_4211.y4m,89244700947143376120246549218535503022.y4m,TNFNFL,59.94,AVC,704x396,600K,4211
717,717,TNFNFL_AVC_SFR_288p_200K_4211.y4m,293787464690429702773687398720426914267.y4m,TNFNFL,29.97,AVC,512x288,200K,4211
718,718,TNFNFL_AVC_HFR_396p_900K_4211.y4m,291008196138195890035756511674811828729.y4m,TNFNFL,59.94,AVC,704x396,900K,4211
719,719,TNFNFL_AVC_SFR_396p_400K_4211.y4m,123384028275829579731372198179776865522.y4m,TNFNFL,29.97,AVC,704x396,400K,4211
720,720,TNFNFL_AVC_HFR_540p_1300K_4211.y4m,138970369277573671494326859989332924053.y4m,TNFNFL,59.94,AVC,960x540,1300K,4211
721,721,TNFNFL_AVC_SFR_396p_800K_4211.y4m,61332290055157260628549378016185763002.y4m,TNFNFL,29.97,AVC,704x396,800K,4211
722,722,TNFNFL_AVC_HFR_540p_1900K_4211.y4m,196900216184969701184101256346479657444.y4m,TNFNFL,59.94,AVC,960x540,1900K,4211
723,723,TNFNFL_HEVC_HFR_288p_300K_4211.y4m,153813491560149276951141585497788948000.y4m,TNFNFL,59.94,HEVC,512x288,300K,4211
724,724,TNFNFL_AVC_HFR_720p_2200K_4211.y4m,119246860425717637818250706154537282806.y4m,TNFNFL,59.94,AVC,1280x720,2200K,4211
725,725,TNFNFL_AVC_SFR_540p_1200K_4211.y4m,172127686649341580367543782819918794864.y4m,TNFNFL,29.97,AVC,960x540,1200K,4211
726,726,TNFNFL_HEVC_HFR_396p_600K_4211.y4m,279990150029282105205501963866488879809.y4m,TNFNFL,59.94,HEVC,704x396,600K,4211
727,727,TNFNFL_AVC_SFR_540p_1800K_4211.y4m,30172117673125632857999278703389455111.y4m,TNFNFL,29.97,AVC,960x540,1800K,4211
728,728,TNFNFL_HEVC_HFR_396p_900K_4211.y4m,149340766565600388247062014409245362600.y4m,TNFNFL,59.94,HEVC,704x396,900K,4211
729,729,TNFNFL_HEVC_SFR_288p_300K_4211.y4m,236053135138170116583360662631589453148.y4m,TNFNFL,29.97,HEVC,512x288,300K,4211
730,730,TNFNFL_HEVC_HFR_540p_1100K_4211.y4m,270683396196321904115943959291107747488.y4m,TNFNFL,59.94,HEVC,960x540,1100K,4211
731,731,TNFNFL_AVC_SFR_720p_2000K_4211.y4m,95663546556772629797573900569306800184.y4m,TNFNFL,29.97,AVC,1280x720,2000K,4211
732,732,TNFNFL_HEVC_SFR_396p_600K_4211.y4m,128610381633942767891394475493485343321.y4m,TNFNFL,29.97,HEVC,704x396,600K,4211
733,733,TNFNFL_HEVC_SFR_396p_900K_4211.y4m,66092370328398091557471141257001670224.y4m,TNFNFL,29.97,HEVC,704x396,900K,4211
734,734,TNFNFL_HEVC_SFR_540p_1100K_4211.y4m,238195874388822038960408145073597958896.y4m,TNFNFL,29.97,HEVC,960x540,1100K,4211
735,735,TNFNFL_HEVC_HFR_540p_1900K_4211.y4m,241005091017036011172608515958837010281.y4m,TNFNFL,59.94,HEVC,960x540,1900K,4211
736,736,TNFNFL_HEVC_SFR_540p_1900K_4211.y4m,195889868476012207567076273821150075492.y4m,TNFNFL,29.97,HEVC,960x540,1900K,4211
737,737,TNFNFL_HEVC_SFR_720p_2200K_4211.y4m,123576549595572984947362846362385940356.y4m,TNFNFL,29.97,HEVC,1280x720,2200K,4211
738,738,TNFNFL_HEVC_HFR_720p_2200K_4211.y4m,184854842914834868467593606800085103290.y4m,TNFNFL,59.94,HEVC,1280x720,2200K,4211
