,video,mos,mos_std,content,codec,fr,res,bitrate
0,USOpen_AVC_HFR_396p_600K_12,44.1,12.644761761298627,USOpen_12,AVC,HFR,396p,600
1,Cricket1_AVC_HFR_288p_300K_198,19.666666666666668,15.544202206038824,Cricket1_198,AVC,HFR,288p,300
2,EPLDay_SRC_SRC_SRC_SRC_20,88.03333333333333,11.691830005986612,EPLDay_20,SRC,SRC,SRC,100000
3,Cricket1_HEVC_HFR_396p_900K_198,35.7,17.027722494019372,Cricket1_198,HEVC,HFR,396p,900
4,TNFNFL_AVC_SFR_396p_800K_3184,34.36666666666667,13.237530820444654,TNFNFL_3184,AVC,SFR,396p,800
5,Cricket1_HEVC_SFR_720p_2200K_198,58.43333333333333,17.56261812929825,Cricket1_198,HEVC,SFR,720p,2200
6,EPLDay_HEVC_SFR_396p_600K_20,30.566666666666666,17.077633195368602,EPLDay_20,HEVC,SFR,396p,600
7,Cricket1_HEVC_HFR_540p_1100K_198,40.3,18.45923436476533,Cricket1_198,HEVC,HFR,540p,1100
8,TNFNFL_AVC_SFR_720p_2000K_3184,59.6,16.013744096868788,TNFNFL_3184,AVC,SFR,720p,2000
9,USOpen_SRC_SRC_SRC_SRC_12,73.53333333333333,17.26023046067333,USOpen_12,SRC,SRC,SRC,100000
10,EPLDay_HEVC_SFR_396p_900K_20,39.8,17.38275007011261,EPLDay_20,HEVC,SFR,396p,900
11,Cricket1_HEVC_HFR_288p_300K_198,22.3,17.7672920465294,Cricket1_198,HEVC,HFR,288p,300
12,EPLDay_AVC_SFR_288p_200K_20,6.434782608695652,7.688648249807163,EPLDay_20,AVC,SFR,288p,200
13,USOpen_HEVC_SFR_288p_300K_12,30.333333333333332,12.466844918511748,USOpen_12,HEVC,SFR,288p,300
14,TNFF_HEVC_SFR_720p_2200K_32,81.36666666666666,16.263421807506834,TNFF_32,HEVC,SFR,720p,2200
15,Cricket1_SRC_SRC_SRC_SRC_198,61.56666666666667,21.826105673914643,Cricket1_198,SRC,SRC,SRC,100000
16,TNFF_AVC_SFR_396p_800K_32,41.53333333333333,15.679569155078493,TNFF_32,AVC,SFR,396p,800
17,USOpen_AVC_HFR_720p_2200K_12,60.8,17.384667574235255,USOpen_12,AVC,HFR,720p,2200
18,TNFF_AVC_HFR_540p_1900K_32,60.766666666666666,20.28247738539079,TNFF_32,AVC,HFR,540p,1900
19,TNFNFL_AVC_SFR_540p_1800K_3184,48.86666666666667,17.783388003664793,TNFNFL_3184,AVC,SFR,540p,1800
20,TNFF_HEVC_HFR_540p_1100K_32,63.266666666666666,13.987931306030289,TNFF_32,HEVC,HFR,540p,1100
21,EPLDay_AVC_HFR_288p_300K_20,3.8666666666666667,4.978174587358525,EPLDay_20,AVC,HFR,288p,300
22,Cricket1_AVC_SFR_288p_200K_198,11.166666666666666,11.48936706505435,Cricket1_198,AVC,SFR,288p,200
23,TNFF_AVC_SFR_288p_200K_32,9.419354838709678,10.092393154438986,TNFF_32,AVC,SFR,288p,200
24,Cricket1_AVC_SFR_540p_1200K_198,45.1,16.813387523042465,Cricket1_198,AVC,SFR,540p,1200
25,TNFF_AVC_HFR_720p_2200K_32,68.96666666666667,14.914161800859684,TNFF_32,AVC,HFR,720p,2200
26,Cricket1_HEVC_SFR_396p_900K_198,39.8,14.577151070539584,Cricket1_198,HEVC,SFR,396p,900
27,TNFNFL_AVC_HFR_396p_600K_3184,24.833333333333332,14.731108429291922,TNFNFL_3184,AVC,HFR,396p,600
28,Cricket1_HEVC_SFR_288p_300K_198,27.966666666666665,16.3635434901966,Cricket1_198,HEVC,SFR,288p,300
29,TNFF_HEVC_HFR_288p_300K_32,24.733333333333334,17.126847021237996,TNFF_32,HEVC,HFR,288p,300
30,TNFNFL_HEVC_SFR_540p_1100K_3184,47.233333333333334,15.873842914961987,TNFNFL_3184,HEVC,SFR,540p,1100
31,EPLDay_AVC_HFR_540p_1900K_20,49.733333333333334,16.433569978012148,EPLDay_20,AVC,HFR,540p,1900
32,USOpen_AVC_SFR_396p_800K_12,47.766666666666666,17.097140761607545,USOpen_12,AVC,SFR,396p,800
33,TNFNFL_HEVC_SFR_288p_300K_3184,17.366666666666667,15.706651103557654,TNFNFL_3184,HEVC,SFR,288p,300
34,USOpen_AVC_SFR_288p_200K_12,26.133333333333333,13.994602133997553,USOpen_12,AVC,SFR,288p,200
35,TNFF_AVC_HFR_396p_900K_32,41.266666666666666,16.00819234711472,TNFF_32,AVC,HFR,396p,900
36,USOpen_HEVC_HFR_540p_1900K_12,62.333333333333336,19.93879523831757,USOpen_12,HEVC,HFR,540p,1900
37,TNFNFL_HEVC_HFR_396p_600K_3184,31.6,16.49363513601535,TNFNFL_3184,HEVC,HFR,396p,600
38,TNFF_AVC_SFR_720p_2000K_32,67.9,14.446106741956461,TNFF_32,AVC,SFR,720p,2000
39,EPLDay_AVC_HFR_396p_900K_20,33.733333333333334,18.711731317248248,EPLDay_20,AVC,HFR,396p,900
40,TNFF_HEVC_HFR_540p_1900K_32,69.23333333333333,13.50477281885515,TNFF_32,HEVC,HFR,540p,1900
41,EPLDay_HEVC_HFR_540p_1900K_20,56.6,18.431133081464818,EPLDay_20,HEVC,HFR,540p,1900
42,Cricket1_HEVC_SFR_396p_600K_198,40.166666666666664,14.245662107774734,Cricket1_198,HEVC,SFR,396p,600
43,USOpen_AVC_HFR_288p_300K_12,28.633333333333333,15.602314643097744,USOpen_12,AVC,HFR,288p,300
44,TNFF_AVC_SFR_540p_1200K_32,51.43333333333333,19.04500517779458,TNFF_32,AVC,SFR,540p,1200
45,USOpen_HEVC_HFR_396p_900K_12,48.4,13.65674436557508,USOpen_12,HEVC,HFR,396p,900
46,TNFNFL_AVC_SFR_540p_1200K_3184,46.93333333333333,18.651064908530618,TNFNFL_3184,AVC,SFR,540p,1200
47,USOpen_HEVC_HFR_396p_600K_12,50.2,14.45775455133565,USOpen_12,HEVC,HFR,396p,600
48,TNFF_HEVC_HFR_720p_2200K_32,73.46666666666667,16.34570959677867,TNFF_32,HEVC,HFR,720p,2200
49,USOpen_HEVC_SFR_396p_900K_12,46.4,14.62326912834473,USOpen_12,HEVC,SFR,396p,900
50,EPLDay_HEVC_SFR_720p_2200K_20,62.733333333333334,19.714518057061962,EPLDay_20,HEVC,SFR,720p,2200
51,TNFF_AVC_SFR_540p_1800K_32,60.6,16.424778029956244,TNFF_32,AVC,SFR,540p,1800
52,EPLDay_AVC_HFR_540p_1300K_20,42.1,16.92010638264429,EPLDay_20,AVC,HFR,540p,1300
53,TNFF_AVC_HFR_396p_600K_32,32.1,18.017306494960152,TNFF_32,AVC,HFR,396p,600
54,USOpen_HEVC_SFR_540p_1100K_12,56.93333333333333,18.911959766830677,USOpen_12,HEVC,SFR,540p,1100
55,TNFNFL_HEVC_HFR_540p_1900K_3184,50.1,17.80327685193562,TNFNFL_3184,HEVC,HFR,540p,1900
56,USOpen_HEVC_HFR_720p_2200K_12,68.86666666666666,15.493511186586755,USOpen_12,HEVC,HFR,720p,2200
57,EPLDay_HEVC_HFR_288p_300K_20,12.0,11.661903789690601,EPLDay_20,HEVC,HFR,288p,300
58,Cricket1_AVC_HFR_540p_1900K_198,49.56666666666667,16.3027264250152,Cricket1_198,AVC,HFR,540p,1900
59,TNFNFL_AVC_HFR_540p_1300K_3184,43.7,14.085808461000738,TNFNFL_3184,AVC,HFR,540p,1300
60,EPLDay_AVC_HFR_720p_2200K_20,52.6,19.436391983424635,EPLDay_20,AVC,HFR,720p,2200
61,TNFNFL_HEVC_HFR_720p_2200K_3184,56.666666666666664,14.736198816369015,TNFNFL_3184,HEVC,HFR,720p,2200
62,USOpen_AVC_HFR_396p_900K_12,45.53333333333333,14.910250016534114,USOpen_12,AVC,HFR,396p,900
63,EPLDay_HEVC_SFR_540p_1100K_20,46.93333333333333,13.483158218887574,EPLDay_20,HEVC,SFR,540p,1100
64,USOpen_AVC_SFR_540p_1800K_12,56.5,13.603308421115798,USOpen_12,AVC,SFR,540p,1800
65,EPLDay_AVC_SFR_720p_2000K_20,54.625,16.2193621432328,EPLDay_20,AVC,SFR,720p,2000
66,Cricket1_HEVC_HFR_396p_600K_198,30.266666666666666,13.99507850003787,Cricket1_198,HEVC,HFR,396p,600
67,USOpen_HEVC_SFR_720p_2200K_12,67.33333333333333,17.05546507395471,USOpen_12,HEVC,SFR,720p,2200
68,TNFNFL_AVC_HFR_540p_1900K_3184,49.2,16.418282492392436,TNFNFL_3184,AVC,HFR,540p,1900
69,EPLDay_AVC_SFR_396p_800K_20,32.77272727272727,15.329507547631547,EPLDay_20,AVC,SFR,396p,800
70,USOpen_HEVC_SFR_540p_1900K_12,61.166666666666664,14.116381343043344,USOpen_12,HEVC,SFR,540p,1900
71,TNFNFL_HEVC_SFR_396p_600K_3184,34.53333333333333,18.346177319055386,TNFNFL_3184,HEVC,SFR,396p,600
72,EPLDay_AVC_SFR_540p_1800K_20,49.96666666666667,18.10429660482714,EPLDay_20,AVC,SFR,540p,1800
73,TNFNFL_HEVC_HFR_288p_300K_3184,9.633333333333333,9.928018712490198,TNFNFL_3184,HEVC,HFR,288p,300
74,USOpen_HEVC_SFR_396p_600K_12,47.733333333333334,15.064159083363695,USOpen_12,HEVC,SFR,396p,600
75,Cricket1_AVC_HFR_396p_600K_198,30.533333333333335,12.571749635149791,Cricket1_198,AVC,HFR,396p,600
76,TNFNFL_AVC_HFR_720p_2200K_3184,57.166666666666664,15.63134315690398,TNFNFL_3184,AVC,HFR,720p,2200
77,Cricket1_HEVC_SFR_540p_1100K_198,48.36666666666667,14.323601347271419,Cricket1_198,HEVC,SFR,540p,1100
78,TNFNFL_AVC_HFR_396p_900K_3184,36.2,14.837789592793126,TNFNFL_3184,AVC,HFR,396p,900
79,TNFF_HEVC_HFR_396p_900K_32,46.43333333333333,13.737256721129667,TNFF_32,HEVC,HFR,396p,900
80,TNFNFL_HEVC_SFR_540p_1900K_3184,51.333333333333336,17.991355949146495,TNFNFL_3184,HEVC,SFR,540p,1900
81,EPLDay_AVC_SFR_396p_400K_20,21.954545454545453,11.439474212040247,EPLDay_20,AVC,SFR,396p,400
82,Cricket1_HEVC_HFR_720p_2200K_198,52.56666666666667,19.810238654684493,Cricket1_198,HEVC,HFR,720p,2200
83,EPLDay_HEVC_SFR_288p_300K_20,14.566666666666666,10.886331899323215,EPLDay_20,HEVC,SFR,288p,300
84,TNFF_SRC_SRC_SRC_SRC_32,88.7,10.491742785003199,TNFF_32,SRC,SRC,SRC,100000
85,Cricket1_HEVC_HFR_540p_1900K_198,47.766666666666666,17.2175943602919,Cricket1_198,HEVC,HFR,540p,1900
86,TNFNFL_HEVC_HFR_540p_1100K_3184,43.333333333333336,19.608388227717466,TNFNFL_3184,HEVC,HFR,540p,1100
87,Cricket1_AVC_HFR_720p_2200K_198,52.233333333333334,16.65269414305752,Cricket1_198,AVC,HFR,720p,2200
88,TNFF_HEVC_SFR_540p_1100K_32,65.8,13.898201322473351,TNFF_32,HEVC,SFR,540p,1100
89,USOpen_HEVC_HFR_540p_1100K_12,57.96666666666667,16.531753956821667,USOpen_12,HEVC,HFR,540p,1100
90,TNFF_HEVC_SFR_288p_300K_32,30.466666666666665,15.959810636581988,TNFF_32,HEVC,SFR,288p,300
91,TNFNFL_HEVC_HFR_396p_900K_3184,34.86666666666667,15.549347967751645,TNFNFL_3184,HEVC,HFR,396p,900
92,EPLDay_AVC_HFR_396p_600K_20,19.666666666666668,15.062831370260005,EPLDay_20,AVC,HFR,396p,600
93,USOpen_AVC_SFR_396p_400K_12,42.63333333333333,12.916354834945587,USOpen_12,AVC,SFR,396p,400
94,EPLDay_HEVC_HFR_720p_2200K_20,65.66666666666667,15.087154212184027,EPLDay_20,HEVC,HFR,720p,2200
95,TNFF_HEVC_SFR_540p_1900K_32,74.6,14.015705476357587,TNFF_32,HEVC,SFR,540p,1900
96,EPLDay_HEVC_HFR_396p_600K_20,33.06666666666667,15.842839251711025,EPLDay_20,HEVC,HFR,396p,600
97,Cricket1_AVC_SFR_396p_800K_198,36.96666666666667,17.786667916041935,Cricket1_198,AVC,SFR,396p,800
98,USOpen_AVC_HFR_540p_1900K_12,56.5,11.856784274554942,USOpen_12,AVC,HFR,540p,1900
99,Cricket1_AVC_HFR_540p_1300K_198,43.333333333333336,16.729880121772805,Cricket1_198,AVC,HFR,540p,1300
100,TNFNFL_HEVC_SFR_396p_900K_3184,38.06666666666667,16.719117467405056,TNFNFL_3184,HEVC,SFR,396p,900
101,Cricket1_AVC_SFR_720p_2000K_198,50.06666666666667,18.016535614694504,Cricket1_198,AVC,SFR,720p,2000
102,TNFF_AVC_HFR_540p_1300K_32,55.4,16.422748450447223,TNFF_32,AVC,HFR,540p,1300
103,USOpen_AVC_SFR_720p_2000K_12,65.66666666666667,16.986923074987875,USOpen_12,AVC,SFR,720p,2000
104,EPLDay_AVC_SFR_540p_1200K_20,43.766666666666666,16.954219402719655,EPLDay_20,AVC,SFR,540p,1200
105,Cricket1_AVC_SFR_540p_1800K_198,48.6,19.371112513224425,Cricket1_198,AVC,SFR,540p,1800
106,TNFNFL_AVC_SFR_396p_400K_3184,20.9,14.783662153426894,TNFNFL_3184,AVC,SFR,396p,400
107,USOpen_HEVC_HFR_288p_300K_12,31.433333333333334,15.641149432044804,USOpen_12,HEVC,HFR,288p,300
108,TNFF_HEVC_SFR_396p_600K_32,44.56666666666667,15.045892758121363,TNFF_32,HEVC,SFR,396p,600
109,TNFNFL_AVC_SFR_288p_200K_3184,5.8,7.4359487177718835,TNFNFL_3184,AVC,SFR,288p,200
110,Cricket1_HEVC_SFR_540p_1900K_198,53.13333333333333,18.31344375649272,Cricket1_198,HEVC,SFR,540p,1900
111,TNFNFL_SRC_SRC_SRC_SRC_3184,64.03333333333333,17.392495188698167,TNFNFL_3184,SRC,SRC,SRC,100000
112,Cricket1_AVC_HFR_396p_900K_198,37.233333333333334,17.484628169401322,Cricket1_198,AVC,HFR,396p,900
113,EPLDay_HEVC_HFR_540p_1100K_20,47.6,15.911421474316281,EPLDay_20,HEVC,HFR,540p,1100
114,TNFF_HEVC_HFR_396p_600K_32,45.96666666666667,17.809142471089267,TNFF_32,HEVC,HFR,396p,600
115,EPLDay_HEVC_HFR_396p_900K_20,40.666666666666664,17.63015094156094,EPLDay_20,HEVC,HFR,396p,900
116,TNFF_AVC_HFR_288p_300K_32,22.166666666666668,13.930980662617483,TNFF_32,AVC,HFR,288p,300
117,TNFNFL_HEVC_SFR_720p_2200K_3184,62.833333333333336,15.440387156919206,TNFNFL_3184,HEVC,SFR,720p,2200
118,TNFF_AVC_SFR_396p_400K_32,29.9,17.52017884231399,TNFF_32,AVC,SFR,396p,400
119,EPLDay_HEVC_SFR_540p_1900K_20,56.36666666666667,15.909081962479448,EPLDay_20,HEVC,SFR,540p,1900
120,USOpen_AVC_SFR_540p_1200K_12,54.7,17.91675193778158,USOpen_12,AVC,SFR,540p,1200
121,TNFF_HEVC_SFR_396p_900K_32,50.766666666666666,17.993856976448626,TNFF_32,HEVC,SFR,396p,900
122,Cricket1_AVC_SFR_396p_400K_198,23.533333333333335,14.923657579680512,Cricket1_198,AVC,SFR,396p,400
123,TNFNFL_AVC_HFR_288p_300K_3184,14.266666666666667,19.570272240200328,TNFNFL_3184,AVC,HFR,288p,300
124,USOpen_AVC_HFR_540p_1300K_12,56.36666666666667,16.947926782418616,USOpen_12,AVC,HFR,540p,1300
125,USOpen_AVC_HFR_396p_600K_176,36.32142857142857,13.33109568808573,USOpen_176,AVC,HFR,396p,600
126,EPLDay_HEVC_HFR_288p_300K_48,17.464285714285715,12.385135511275324,EPLDay_48,HEVC,HFR,288p,300
127,EPLNight_SRC_SRC_SRC_SRC_20,92.89285714285714,11.2578204110815,EPLNight_20,SRC,SRC,SRC,100000
128,EPLDay_AVC_SFR_288p_200K_48,14.181818181818182,17.491910763228823,EPLDay_48,AVC,SFR,288p,200
129,Cricket2_AVC_SFR_396p_800K_120,34.5,12.50571298018858,Cricket2_120,AVC,SFR,396p,800
130,EPLDay_HEVC_SFR_720p_2200K_48,63.92857142857143,17.75815420634494,EPLDay_48,HEVC,SFR,720p,2200
131,EPLNight_HEVC_SFR_540p_1100K_20,50.857142857142854,16.24525048330453,EPLNight_20,HEVC,SFR,540p,1100
132,EPLDay_AVC_SFR_396p_400K_48,27.17391304347826,12.171428317859263,EPLDay_48,AVC,SFR,396p,400
133,Cricket2_HEVC_HFR_540p_1100K_120,46.17857142857143,15.995654703317246,Cricket2_120,HEVC,HFR,540p,1100
134,USOpen_SRC_SRC_SRC_SRC_176,81.77777777777777,12.916636798053876,USOpen_176,SRC,SRC,SRC,100000
135,EPLNight_HEVC_SFR_396p_600K_20,33.07142857142857,17.336848806245392,EPLNight_20,HEVC,SFR,396p,600
136,EPLDay_AVC_HFR_288p_300K_48,19.821428571428573,13.112299491667496,EPLDay_48,AVC,HFR,288p,300
137,EPLNight_AVC_SFR_396p_400K_20,27.714285714285715,13.765529264011878,EPLNight_20,AVC,SFR,396p,400
138,USOpen_HEVC_SFR_288p_300K_176,22.892857142857142,17.03848435100939,USOpen_176,HEVC,SFR,288p,300
139,TNFF_HEVC_SFR_720p_2200K_304,71.46428571428571,12.231347732238618,TNFF_304,HEVC,SFR,720p,2200
140,EPLDay_SRC_SRC_SRC_SRC_48,88.35714285714286,12.250989131244774,EPLDay_48,SRC,SRC,SRC,100000
141,TNFF_AVC_SFR_396p_800K_304,37.714285714285715,18.06309802343113,TNFF_304,AVC,SFR,396p,800
142,USOpen_AVC_HFR_720p_2200K_176,70.82142857142857,13.817828988635794,USOpen_176,AVC,HFR,720p,2200
143,TNFF_AVC_HFR_540p_1900K_304,56.214285714285715,16.90383967974044,TNFF_304,AVC,HFR,540p,1900
144,Cricket2_HEVC_HFR_396p_600K_120,31.964285714285715,15.001147915260024,Cricket2_120,HEVC,HFR,396p,600
145,TNFF_HEVC_HFR_540p_1100K_304,48.25,14.54211863126258,TNFF_304,HEVC,HFR,540p,1100
146,EPLNight_AVC_HFR_396p_600K_20,31.785714285714285,15.117060236834464,EPLNight_20,AVC,HFR,396p,600
147,EPLDay_HEVC_HFR_540p_1900K_48,55.67857142857143,15.910584014217372,EPLDay_48,HEVC,HFR,540p,1900
148,TNFF_AVC_SFR_288p_200K_304,4.964285714285714,7.2922764565235285,TNFF_304,AVC,SFR,288p,200
149,EPLDay_HEVC_SFR_396p_900K_48,38.392857142857146,16.27298217843281,EPLDay_48,HEVC,SFR,396p,900
150,TNFF_AVC_HFR_720p_2200K_304,63.714285714285715,17.862284973927494,TNFF_304,AVC,HFR,720p,2200
151,EPLDay_AVC_SFR_540p_1200K_48,47.82142857142857,17.5439317376786,EPLDay_48,AVC,SFR,540p,1200
152,Cricket2_AVC_HFR_396p_600K_120,25.607142857142858,11.742290132296187,Cricket2_120,AVC,HFR,396p,600
153,EPLDay_AVC_HFR_540p_1900K_48,56.964285714285715,15.509172730210667,EPLDay_48,AVC,HFR,540p,1900
154,TNFF_HEVC_HFR_288p_300K_304,9.035714285714286,9.574826156038936,TNFF_304,HEVC,HFR,288p,300
155,Cricket2_HEVC_SFR_396p_900K_120,41.607142857142854,14.226080892186028,Cricket2_120,HEVC,SFR,396p,900
156,EPLNight_AVC_HFR_540p_1900K_20,56.214285714285715,19.797830225372,EPLNight_20,AVC,HFR,540p,1900
157,USOpen_AVC_SFR_396p_800K_176,42.464285714285715,16.249136554768384,USOpen_176,AVC,SFR,396p,800
158,Cricket2_HEVC_HFR_396p_900K_120,38.57142857142857,17.013500041833527,Cricket2_120,HEVC,HFR,396p,900
159,USOpen_AVC_SFR_288p_200K_176,11.178571428571429,11.470625750238773,USOpen_176,AVC,SFR,288p,200
160,TNFF_AVC_HFR_396p_900K_304,39.857142857142854,14.6621823695088,TNFF_304,AVC,HFR,396p,900
161,USOpen_HEVC_HFR_540p_1900K_176,59.357142857142854,19.194891965078114,USOpen_176,HEVC,HFR,540p,1900
162,Cricket2_AVC_SFR_540p_1800K_120,42.32142857142857,18.051619577970147,Cricket2_120,AVC,SFR,540p,1800
163,TNFF_AVC_SFR_720p_2000K_304,62.785714285714285,14.760848656538164,TNFF_304,AVC,SFR,720p,2000
164,EPLNight_AVC_SFR_288p_200K_20,8.964285714285714,12.164004694346415,EPLNight_20,AVC,SFR,288p,200
165,TNFF_HEVC_HFR_540p_1900K_304,59.642857142857146,15.714448051109539,TNFF_304,HEVC,HFR,540p,1900
166,EPLNight_HEVC_HFR_396p_600K_20,30.928571428571427,14.347544766137743,EPLNight_20,HEVC,HFR,396p,600
167,EPLDay_AVC_HFR_720p_2200K_48,67.53571428571429,15.469975858456422,EPLDay_48,AVC,HFR,720p,2200
168,USOpen_AVC_HFR_288p_300K_176,15.571428571428571,14.064719212647375,USOpen_176,AVC,HFR,288p,300
169,TNFF_AVC_SFR_540p_1200K_304,47.25,14.654655525512313,TNFF_304,AVC,SFR,540p,1200
170,USOpen_HEVC_HFR_396p_900K_176,42.32142857142857,16.97277982836167,USOpen_176,HEVC,HFR,396p,900
171,Cricket2_AVC_HFR_720p_2200K_120,48.5,17.913482552057186,Cricket2_120,AVC,HFR,720p,2200
172,USOpen_HEVC_HFR_396p_600K_176,36.607142857142854,12.251353527888504,USOpen_176,HEVC,HFR,396p,600
173,TNFF_HEVC_HFR_720p_2200K_304,69.75,11.682175066558209,TNFF_304,HEVC,HFR,720p,2200
174,USOpen_HEVC_SFR_396p_900K_176,37.642857142857146,14.147726434494912,USOpen_176,HEVC,SFR,396p,900
175,EPLNight_HEVC_SFR_540p_1900K_20,54.142857142857146,14.872588125508633,EPLNight_20,HEVC,SFR,540p,1900
176,TNFF_AVC_SFR_540p_1800K_304,57.82142857142857,18.394590764345782,TNFF_304,AVC,SFR,540p,1800
177,EPLNight_AVC_HFR_540p_1300K_20,51.5,18.45554504362152,EPLNight_20,AVC,HFR,540p,1300
178,TNFF_AVC_HFR_396p_600K_304,28.178571428571427,14.69706863733759,TNFF_304,AVC,HFR,396p,600
179,USOpen_HEVC_SFR_540p_1100K_176,50.92857142857143,16.17522040350736,USOpen_176,HEVC,SFR,540p,1100
180,Cricket2_HEVC_HFR_540p_1900K_120,49.57142857142857,19.002685094910312,Cricket2_120,HEVC,HFR,540p,1900
181,USOpen_HEVC_HFR_720p_2200K_176,72.46428571428571,15.058177993694853,USOpen_176,HEVC,HFR,720p,2200
182,EPLNight_HEVC_HFR_288p_300K_20,13.571428571428571,11.393696789480236,EPLNight_20,HEVC,HFR,288p,300
183,EPLDay_AVC_HFR_396p_900K_48,40.92857142857143,15.777308686457113,EPLDay_48,AVC,HFR,396p,900
184,Cricket2_AVC_SFR_396p_400K_120,28.285714285714285,12.217835741410244,Cricket2_120,AVC,SFR,396p,400
185,EPLNight_AVC_SFR_396p_800K_20,34.857142857142854,12.33958289904683,EPLNight_20,AVC,SFR,396p,800
186,Cricket2_HEVC_SFR_720p_2200K_120,56.75,17.422532618914587,Cricket2_120,HEVC,SFR,720p,2200
187,USOpen_AVC_HFR_396p_900K_176,36.857142857142854,16.066189622296623,USOpen_176,AVC,HFR,396p,900
188,EPLNight_AVC_HFR_288p_300K_20,16.107142857142858,13.557652782823133,EPLNight_20,AVC,HFR,288p,300
189,USOpen_AVC_SFR_540p_1800K_176,53.714285714285715,16.790424870947692,USOpen_176,AVC,SFR,540p,1800
190,EPLNight_AVC_SFR_720p_2000K_20,67.14285714285714,16.61263350094544,EPLNight_20,AVC,SFR,720p,2000
191,EPLDay_AVC_HFR_396p_600K_48,31.214285714285715,14.984175326125946,EPLDay_48,AVC,HFR,396p,600
192,USOpen_HEVC_SFR_720p_2200K_176,67.28571428571429,17.22717359882583,USOpen_176,HEVC,SFR,720p,2200
193,Cricket2_AVC_HFR_540p_1900K_120,46.57142857142857,17.92529850603923,Cricket2_120,AVC,HFR,540p,1900
194,EPLNight_AVC_SFR_540p_1200K_20,46.642857142857146,14.03875830313627,EPLNight_20,AVC,SFR,540p,1200
195,USOpen_HEVC_SFR_540p_1900K_176,60.642857142857146,14.995747696583583,USOpen_176,HEVC,SFR,540p,1900
196,Cricket2_HEVC_SFR_396p_600K_120,35.0,15.505759298679036,Cricket2_120,HEVC,SFR,396p,600
197,EPLNight_AVC_SFR_540p_1800K_20,57.357142857142854,15.764368243683252,EPLNight_20,AVC,SFR,540p,1800
198,Cricket2_AVC_SFR_540p_1200K_120,43.25,18.62913424872833,Cricket2_120,AVC,SFR,540p,1200
199,USOpen_HEVC_SFR_396p_600K_176,40.42857142857143,15.015298321161302,USOpen_176,HEVC,SFR,396p,600
200,EPLDay_HEVC_HFR_396p_900K_48,36.642857142857146,11.970840421965503,EPLDay_48,HEVC,HFR,396p,900
201,Cricket2_HEVC_HFR_288p_300K_120,15.071428571428571,14.79847620396045,Cricket2_120,HEVC,HFR,288p,300
202,EPLDay_AVC_SFR_720p_2000K_48,61.476190476190474,18.494835952667973,EPLDay_48,AVC,SFR,720p,2000
203,Cricket2_AVC_SFR_288p_200K_120,10.214285714285714,10.383218407112311,Cricket2_120,AVC,SFR,288p,200
204,TNFF_HEVC_HFR_396p_900K_304,35.42857142857143,13.382901061291848,TNFF_304,HEVC,HFR,396p,900
205,Cricket2_HEVC_SFR_540p_1100K_120,48.535714285714285,16.336816753353546,Cricket2_120,HEVC,SFR,540p,1100
206,EPLNight_AVC_HFR_720p_2200K_20,70.71428571428571,18.031435135929268,EPLNight_20,AVC,HFR,720p,2200
207,EPLDay_AVC_SFR_396p_800K_48,34.333333333333336,12.174654911833116,EPLDay_48,AVC,SFR,396p,800
208,EPLNight_HEVC_SFR_288p_300K_20,16.571428571428573,12.149158029111586,EPLNight_20,HEVC,SFR,288p,300
209,TNFF_SRC_SRC_SRC_SRC_304,81.46428571428571,12.434060774619802,TNFF_304,SRC,SRC,SRC,100000
210,EPLDay_AVC_SFR_540p_1800K_48,50.57142857142857,16.003188457814478,EPLDay_48,AVC,SFR,540p,1800
211,Cricket2_HEVC_SFR_288p_300K_120,18.392857142857142,12.644420807258053,Cricket2_120,HEVC,SFR,288p,300
212,EPLDay_AVC_HFR_540p_1300K_48,50.32142857142857,13.734871083248994,EPLDay_48,AVC,HFR,540p,1300
213,TNFF_HEVC_SFR_540p_1100K_304,51.107142857142854,16.05423683667845,TNFF_304,HEVC,SFR,540p,1100
214,USOpen_HEVC_HFR_540p_1100K_176,55.25,12.916282636380219,USOpen_176,HEVC,HFR,540p,1100
215,TNFF_HEVC_SFR_288p_300K_304,12.321428571428571,8.203020225278403,TNFF_304,HEVC,SFR,288p,300
216,Cricket2_AVC_SFR_720p_2000K_120,51.75,18.019087102292392,Cricket2_120,AVC,SFR,720p,2000
217,EPLNight_AVC_HFR_396p_900K_20,40.392857142857146,15.0103280770139,EPLNight_20,AVC,HFR,396p,900
218,USOpen_AVC_SFR_396p_400K_176,31.035714285714285,13.816351965430421,USOpen_176,AVC,SFR,396p,400
219,EPLNight_HEVC_HFR_720p_2200K_20,71.14285714285714,19.48940057297498,EPLNight_20,HEVC,HFR,720p,2200
220,TNFF_HEVC_SFR_540p_1900K_304,59.42857142857143,12.91573948833795,TNFF_304,HEVC,SFR,540p,1900
221,EPLNight_HEVC_HFR_540p_1100K_20,51.464285714285715,19.117086865003298,EPLNight_20,HEVC,HFR,540p,1100
222,EPLDay_HEVC_HFR_540p_1100K_48,51.642857142857146,20.3262924131605,EPLDay_48,HEVC,HFR,540p,1100
223,USOpen_AVC_HFR_540p_1900K_176,50.357142857142854,15.829931607365761,USOpen_176,AVC,HFR,540p,1900
224,EPLDay_HEVC_SFR_540p_1100K_48,50.392857142857146,20.976754627298227,EPLDay_48,HEVC,SFR,540p,1100
225,Cricket2_HEVC_HFR_720p_2200K_120,55.0,20.092642576681786,Cricket2_120,HEVC,HFR,720p,2200
226,EPLDay_HEVC_SFR_540p_1900K_48,54.0,17.578395831246947,EPLDay_48,HEVC,SFR,540p,1900
227,TNFF_AVC_HFR_540p_1300K_304,51.357142857142854,16.464711801118096,TNFF_304,AVC,HFR,540p,1300
228,USOpen_AVC_SFR_720p_2000K_176,64.42857142857143,14.568627181693671,USOpen_176,AVC,SFR,720p,2000
229,EPLNight_HEVC_SFR_720p_2200K_20,67.64285714285714,16.39297385579367,EPLNight_20,HEVC,SFR,720p,2200
230,EPLDay_HEVC_SFR_396p_600K_48,35.82142857142857,15.132872382023587,EPLDay_48,HEVC,SFR,396p,600
231,Cricket2_AVC_HFR_540p_1300K_120,39.42857142857143,16.345441853549115,Cricket2_120,AVC,HFR,540p,1300
232,USOpen_HEVC_HFR_288p_300K_176,20.5,13.132565846561963,USOpen_176,HEVC,HFR,288p,300
233,TNFF_HEVC_SFR_396p_600K_304,32.17857142857143,17.285529810113616,TNFF_304,HEVC,SFR,396p,600
234,Cricket2_AVC_HFR_396p_900K_120,35.464285714285715,12.692748612768582,Cricket2_120,AVC,HFR,396p,900
235,EPLDay_HEVC_HFR_720p_2200K_48,66.21428571428571,15.855051342118843,EPLDay_48,HEVC,HFR,720p,2200
236,Cricket2_SRC_SRC_SRC_SRC_120,66.21428571428571,17.09502254805086,Cricket2_120,SRC,SRC,SRC,100000
237,EPLDay_HEVC_SFR_288p_300K_48,22.25,15.660744828118125,EPLDay_48,HEVC,SFR,288p,300
238,EPLNight_HEVC_HFR_540p_1900K_20,56.642857142857146,18.71633031361018,EPLNight_20,HEVC,HFR,540p,1900
239,TNFF_HEVC_HFR_396p_600K_304,22.821428571428573,15.670840918790567,TNFF_304,HEVC,HFR,396p,600
240,EPLNight_HEVC_HFR_396p_900K_20,38.0,14.596966416739766,EPLNight_20,HEVC,HFR,396p,900
241,TNFF_AVC_HFR_288p_300K_304,9.678571428571429,11.445690303804845,TNFF_304,AVC,HFR,288p,300
242,Cricket2_HEVC_SFR_540p_1900K_120,50.07142857142857,15.345843018849882,Cricket2_120,HEVC,SFR,540p,1900
243,TNFF_AVC_SFR_396p_400K_304,26.5,14.044571905188139,TNFF_304,AVC,SFR,396p,400
244,EPLNight_HEVC_SFR_396p_900K_20,38.857142857142854,12.51488909178151,EPLNight_20,HEVC,SFR,396p,900
245,USOpen_AVC_SFR_540p_1200K_176,50.857142857142854,16.66200615110893,USOpen_176,AVC,SFR,540p,1200
246,TNFF_HEVC_SFR_396p_900K_304,37.42857142857143,12.274912194706532,TNFF_304,HEVC,SFR,396p,900
247,EPLDay_HEVC_HFR_396p_600K_48,33.392857142857146,14.115187579630787,EPLDay_48,HEVC,HFR,396p,600
248,Cricket2_AVC_HFR_288p_300K_120,13.75,12.388430662747977,Cricket2_120,AVC,HFR,288p,300
249,USOpen_AVC_HFR_540p_1300K_176,54.25,15.594470173750693,USOpen_176,AVC,HFR,540p,1300
250,EPLDay_AVC_HFR_540p_1900K_0,53.10344827586207,16.34191738969031,EPLDay_0,AVC,HFR,540p,1900
251,Cricket1_HEVC_SFR_396p_900K_86,41.13793103448276,12.631990418230938,Cricket1_86,HEVC,SFR,396p,900
252,EPLDay_HEVC_HFR_288p_300K_8,15.2,11.220219843360171,EPLDay_8,HEVC,HFR,288p,300
253,USOpen_AVC_SFR_540p_1800K_0,53.67741935483871,14.02161257297898,USOpen_0,AVC,SFR,540p,1800
254,EPLDay_HEVC_HFR_396p_900K_8,34.63333333333333,13.49687206561415,EPLDay_8,HEVC,HFR,396p,900
255,TNFNFL_AVC_SFR_540p_1200K_0,41.32258064516129,17.25592389497887,TNFNFL_0,AVC,SFR,540p,1200
256,EPLDay_AVC_HFR_540p_1900K_8,56.6,15.27656156775252,EPLDay_8,AVC,HFR,540p,1900
257,Cricket1_AVC_HFR_720p_2200K_86,56.4,22.00242410887188,Cricket1_86,AVC,HFR,720p,2200
258,EPLNight_SRC_SRC_SRC_SRC_0,84.0,21.336386275804646,EPLNight_0,SRC,SRC,SRC,100000
259,USOpen_HEVC_SFR_540p_1100K_166,58.096774193548384,15.204742126802408,USOpen_166,HEVC,SFR,540p,1100
260,EPLDay_HEVC_SFR_720p_2200K_8,69.1,15.14452596374897,EPLDay_8,HEVC,SFR,720p,2200
261,TNFF_HEVC_HFR_396p_900K_144,32.733333333333334,13.808049182350931,TNFF_144,HEVC,HFR,396p,900
262,Cricket1_HEVC_HFR_720p_2200K_86,62.806451612903224,20.853435324384897,Cricket1_86,HEVC,HFR,720p,2200
263,TNFF_AVC_HFR_540p_1900K_16,54.46875,17.75877313998633,TNFF_16,AVC,HFR,540p,1900
264,TNFF_AVC_SFR_540p_1200K_144,40.4375,14.302398181773572,TNFF_144,AVC,SFR,540p,1200
265,TNFNFL_HEVC_HFR_396p_600K_0,25.833333333333332,14.940065446829728,TNFNFL_0,HEVC,HFR,396p,600
266,EPLDay_HEVC_HFR_540p_1100K_8,52.1,12.946943011125574,EPLDay_8,HEVC,HFR,540p,1100
267,Cricket1_AVC_SFR_396p_800K_86,39.12903225806452,16.971972979162175,Cricket1_86,AVC,SFR,396p,800
268,USOpen_AVC_HFR_396p_600K_0,45.36666666666667,13.202230451286969,USOpen_0,AVC,HFR,396p,600
269,EPLDay_HEVC_SFR_288p_300K_0,19.451612903225808,16.566267143685764,EPLDay_0,HEVC,SFR,288p,300
270,TNFF_HEVC_HFR_720p_2200K_144,59.5,15.497983739828868,TNFF_144,HEVC,HFR,720p,2200
271,USOpen_AVC_HFR_540p_1300K_0,55.93333333333333,17.374182634651397,USOpen_0,AVC,HFR,540p,1300
272,TNFF_AVC_SFR_396p_800K_16,37.3,11.556095072875323,TNFF_16,AVC,SFR,396p,800
273,USOpen_AVC_SFR_288p_200K_0,27.0625,14.450210854862984,USOpen_0,AVC,SFR,288p,200
274,EPLDay_AVC_SFR_540p_1800K_8,54.96666666666667,16.777928623310114,EPLDay_8,AVC,SFR,540p,1800
275,TNFNFL_AVC_SFR_396p_400K_0,15.903225806451612,11.093022621652556,TNFNFL_0,AVC,SFR,396p,400
276,EPLNight_AVC_SFR_720p_2000K_0,67.17241379310344,14.969092215622489,EPLNight_0,AVC,SFR,720p,2000
277,TNFNFL_AVC_HFR_540p_1900K_0,41.6,18.203662635121905,TNFNFL_0,AVC,HFR,540p,1900
278,EPLNight_AVC_SFR_288p_200K_0,14.90625,12.986433726681856,EPLNight_0,AVC,SFR,288p,200
279,TNFF_AVC_HFR_396p_600K_16,33.70967741935484,13.66227097824657,TNFF_16,AVC,HFR,396p,600
280,Cricket2_HEVC_HFR_540p_1100K_90,47.10344827586207,17.86992238484622,Cricket2_90,HEVC,HFR,540p,1100
281,USOpen_HEVC_SFR_396p_600K_0,41.09375,13.572397022541745,USOpen_0,HEVC,SFR,396p,600
282,TNFF_HEVC_HFR_288p_300K_16,15.827586206896552,11.039330831535288,TNFF_16,HEVC,HFR,288p,300
283,Cricket2_AVC_HFR_720p_2200K_90,53.096774193548384,16.17316542661805,Cricket2_90,AVC,HFR,720p,2200
284,USOpen_AVC_SFR_720p_2000K_166,71.3225806451613,14.26339121051307,USOpen_166,AVC,SFR,720p,2000
285,TNFF_AVC_HFR_720p_2200K_16,61.65625,19.42873093996363,TNFF_16,AVC,HFR,720p,2200
286,EPLDay_HEVC_HFR_396p_900K_0,33.7,12.15222887649285,EPLDay_0,HEVC,HFR,396p,900
287,TNFF_AVC_SFR_288p_200K_144,10.733333333333333,12.033102490860598,TNFF_144,AVC,SFR,288p,200
288,Cricket1_AVC_HFR_288p_300K_86,22.733333333333334,11.890986315506192,Cricket1_86,AVC,HFR,288p,300
289,TNFF_AVC_SFR_396p_800K_144,29.0,15.386140950002158,TNFF_144,AVC,SFR,396p,800
290,EPLDay_HEVC_SFR_540p_1900K_8,73.16666666666667,12.70979499790964,EPLDay_8,HEVC,SFR,540p,1900
291,Cricket2_AVC_SFR_396p_400K_90,29.275862068965516,11.872589560728812,Cricket2_90,AVC,SFR,396p,400
292,TNFNFL_AVC_SFR_288p_200K_0,7.3,10.360662784461876,TNFNFL_0,AVC,SFR,288p,200
293,Cricket2_HEVC_SFR_540p_1900K_90,50.25,18.17450136867584,Cricket2_90,HEVC,SFR,540p,1900
294,USOpen_AVC_HFR_540p_1300K_166,53.645161290322584,18.43479946800611,USOpen_166,AVC,HFR,540p,1300
295,EPLDay_HEVC_SFR_396p_600K_8,33.9,10.577806956075536,EPLDay_8,HEVC,SFR,396p,600
296,USOpen_AVC_SFR_396p_400K_166,32.34375,12.685152184246746,USOpen_166,AVC,SFR,396p,400
297,Cricket1_HEVC_HFR_396p_900K_86,32.93333333333333,13.596404753545041,Cricket1_86,HEVC,HFR,396p,900
298,TNFF_AVC_HFR_540p_1300K_144,39.40625,17.311230774774508,TNFF_144,AVC,HFR,540p,1300
299,EPLDay_HEVC_SFR_540p_1900K_0,51.42424242424242,15.157816871332985,EPLDay_0,HEVC,SFR,540p,1900
300,EPLNight_HEVC_HFR_540p_1900K_0,58.34375,16.189520868064626,EPLNight_0,HEVC,HFR,540p,1900
301,Cricket2_HEVC_SFR_396p_900K_90,37.32258064516129,13.73337610155355,Cricket2_90,HEVC,SFR,396p,900
302,EPLNight_HEVC_HFR_720p_2200K_0,69.10344827586206,19.192931219567498,EPLNight_0,HEVC,HFR,720p,2200
303,Cricket2_AVC_SFR_540p_1800K_90,48.06666666666667,19.28027201283449,Cricket2_90,AVC,SFR,540p,1800
304,TNFF_AVC_SFR_540p_1200K_16,45.645161290322584,15.695794355745631,TNFF_16,AVC,SFR,540p,1200
305,TNFNFL_HEVC_SFR_396p_900K_0,40.32258064516129,16.88936885845782,TNFNFL_0,HEVC,SFR,396p,900
306,EPLDay_HEVC_HFR_396p_600K_0,33.54838709677419,13.129230401928753,EPLDay_0,HEVC,HFR,396p,600
307,USOpen_HEVC_SFR_720p_2200K_0,63.51724137931034,15.650538582018616,USOpen_0,HEVC,SFR,720p,2200
308,TNFF_AVC_HFR_396p_600K_144,17.7,12.29674753745884,TNFF_144,AVC,HFR,396p,600
309,TNFNFL_HEVC_HFR_720p_2200K_0,58.86666666666667,18.333454545053844,TNFNFL_0,HEVC,HFR,720p,2200
310,TNFF_AVC_HFR_540p_1300K_16,46.166666666666664,17.676883838002166,TNFF_16,AVC,HFR,540p,1300
311,USOpen_AVC_HFR_540p_1900K_0,57.833333333333336,15.733368644028172,USOpen_0,AVC,HFR,540p,1900
312,EPLNight_HEVC_HFR_288p_300K_0,17.666666666666668,12.663157408622682,EPLNight_0,HEVC,HFR,288p,300
313,EPLDay_HEVC_HFR_720p_2200K_8,65.35483870967742,14.65638336565615,EPLDay_8,HEVC,HFR,720p,2200
314,USOpen_AVC_SFR_540p_1200K_166,55.645161290322584,15.948603714991993,USOpen_166,AVC,SFR,540p,1200
315,Cricket1_SRC_SRC_SRC_SRC_86,65.0,24.92181322042095,Cricket1_86,SRC,SRC,SRC,100000
316,TNFF_AVC_SFR_396p_400K_16,24.903225806451612,15.211105532789412,TNFF_16,AVC,SFR,396p,400
317,Cricket2_HEVC_SFR_288p_300K_90,22.866666666666667,9.510462075466622,Cricket2_90,HEVC,SFR,288p,300
318,USOpen_AVC_HFR_720p_2200K_0,73.26666666666667,16.70914586552992,USOpen_0,AVC,HFR,720p,2200
319,EPLNight_AVC_SFR_540p_1200K_0,50.36666666666667,15.345973051223858,EPLNight_0,AVC,SFR,540p,1200
320,USOpen_HEVC_HFR_288p_300K_0,26.066666666666666,13.406300343080819,USOpen_0,HEVC,HFR,288p,300
321,EPLNight_HEVC_SFR_720p_2200K_0,70.09677419354838,14.317494011015443,EPLNight_0,HEVC,SFR,720p,2200
322,EPLDay_HEVC_HFR_288p_300K_0,16.35483870967742,13.568341679871104,EPLDay_0,HEVC,HFR,288p,300
323,TNFF_HEVC_SFR_720p_2200K_144,64.4,17.839282496782204,TNFF_144,HEVC,SFR,720p,2200
324,USOpen_HEVC_HFR_540p_1100K_0,57.13333333333333,11.502849888421371,USOpen_0,HEVC,HFR,540p,1100
325,TNFNFL_AVC_HFR_396p_600K_0,21.774193548387096,14.740135416324074,TNFNFL_0,AVC,HFR,396p,600
326,TNFF_HEVC_HFR_288p_300K_144,12.3125,11.946331811480878,TNFF_144,HEVC,HFR,288p,300
327,TNFF_AVC_HFR_288p_300K_16,19.870967741935484,15.882109909974423,TNFF_16,AVC,HFR,288p,300
328,TNFF_HEVC_HFR_540p_1100K_144,44.2,16.87680854506167,TNFF_144,HEVC,HFR,540p,1100
329,EPLNight_AVC_HFR_540p_1300K_0,54.9,18.07825581557395,EPLNight_0,AVC,HFR,540p,1300
330,TNFF_HEVC_SFR_396p_600K_144,32.1,12.386417292071721,TNFF_144,HEVC,SFR,396p,600
331,USOpen_HEVC_SFR_540p_1900K_166,60.45161290322581,14.63940486556397,USOpen_166,HEVC,SFR,540p,1900
332,TNFF_AVC_HFR_396p_900K_144,26.451612903225808,15.351449883563944,TNFF_144,AVC,HFR,396p,900
333,TNFF_AVC_SFR_288p_200K_16,8.137931034482758,10.842840122692866,TNFF_16,AVC,SFR,288p,200
334,USOpen_HEVC_SFR_396p_900K_166,40.03225806451613,14.885550194015805,USOpen_166,HEVC,SFR,396p,900
335,USOpen_AVC_SFR_396p_800K_0,42.32258064516129,12.977367635989411,USOpen_0,AVC,SFR,396p,800
336,EPLDay_HEVC_HFR_720p_2200K_0,64.62068965517241,17.652612961031064,EPLDay_0,HEVC,HFR,720p,2200
337,Cricket1_HEVC_HFR_540p_1100K_86,52.333333333333336,18.170183145900197,Cricket1_86,HEVC,HFR,540p,1100
338,USOpen_HEVC_SFR_396p_900K_0,44.12903225806452,15.564106630080245,USOpen_0,HEVC,SFR,396p,900
339,TNFF_AVC_SFR_540p_1800K_144,48.63333333333333,16.797784245416285,TNFF_144,AVC,SFR,540p,1800
340,USOpen_AVC_SFR_396p_400K_0,39.516129032258064,13.983564010471849,USOpen_0,AVC,SFR,396p,400
341,TNFF_AVC_SFR_396p_400K_144,21.451612903225808,15.747685359211895,TNFF_144,AVC,SFR,396p,400
342,USOpen_AVC_SFR_720p_2000K_0,64.4,18.11371487759114,USOpen_0,AVC,SFR,720p,2000
343,EPLDay_HEVC_SFR_720p_2200K_0,70.7,16.7633528865797,EPLDay_0,HEVC,SFR,720p,2200
344,USOpen_AVC_HFR_288p_300K_0,31.466666666666665,16.378305433984583,USOpen_0,AVC,HFR,288p,300
345,EPLDay_HEVC_SFR_288p_300K_8,16.7,12.050311199301037,EPLDay_8,HEVC,SFR,288p,300
346,Cricket2_AVC_SFR_540p_1200K_90,45.96774193548387,15.109244918192267,Cricket2_90,AVC,SFR,540p,1200
347,EPLDay_SRC_SRC_SRC_SRC_0,92.3225806451613,9.713266939119562,EPLDay_0,SRC,SRC,SRC,100000
348,Cricket1_HEVC_SFR_540p_1100K_86,50.4,17.360107526548713,Cricket1_86,HEVC,SFR,540p,1100
349,EPLNight_HEVC_HFR_396p_600K_0,39.61290322580645,11.707944419880965,EPLNight_0,HEVC,HFR,396p,600
350,Cricket2_HEVC_SFR_720p_2200K_90,57.5,17.711225254058512,Cricket2_90,HEVC,SFR,720p,2200
351,USOpen_SRC_SRC_SRC_SRC_166,80.87096774193549,17.48684655074442,USOpen_166,SRC,SRC,SRC,100000
352,Cricket2_AVC_SFR_396p_800K_90,37.064516129032256,15.454272786078098,Cricket2_90,AVC,SFR,396p,800
353,USOpen_HEVC_HFR_720p_2200K_166,73.6,17.511139311878026,USOpen_166,HEVC,HFR,720p,2200
354,Cricket1_AVC_SFR_288p_200K_86,16.8125,12.699501712665738,Cricket1_86,AVC,SFR,288p,200
355,USOpen_SRC_SRC_SRC_SRC_0,70.29032258064517,20.125723466678956,USOpen_0,SRC,SRC,SRC,100000
356,Cricket2_HEVC_HFR_288p_300K_90,21.0625,14.404724702332912,Cricket2_90,HEVC,HFR,288p,300
357,TNFF_HEVC_HFR_396p_900K_16,36.38709677419355,16.283134792418018,TNFF_16,HEVC,HFR,396p,900
358,EPLDay_HEVC_HFR_540p_1900K_0,52.9375,14.73715012307332,EPLDay_0,HEVC,HFR,540p,1900
359,TNFF_AVC_HFR_720p_2200K_144,55.37931034482759,16.896059106119367,TNFF_144,AVC,HFR,720p,2200
360,Cricket2_AVC_SFR_720p_2000K_90,59.03448275862069,18.965454545350916,Cricket2_90,AVC,SFR,720p,2000
361,Cricket1_HEVC_SFR_720p_2200K_86,63.0,19.57285809976531,Cricket1_86,HEVC,SFR,720p,2200
362,USOpen_HEVC_SFR_540p_1100K_0,55.38709677419355,15.426574096197555,USOpen_0,HEVC,SFR,540p,1100
363,EPLDay_HEVC_SFR_396p_900K_8,34.48275862068966,12.631708022370754,EPLDay_8,HEVC,SFR,396p,900
364,EPLNight_HEVC_HFR_396p_900K_0,41.266666666666666,13.47326570987483,EPLNight_0,HEVC,HFR,396p,900
365,USOpen_HEVC_SFR_288p_300K_166,27.774193548387096,12.928362612237743,USOpen_166,HEVC,SFR,288p,300
366,EPLNight_HEVC_SFR_396p_900K_0,38.59375,12.05419889239845,EPLNight_0,HEVC,SFR,396p,900
367,TNFF_HEVC_HFR_720p_2200K_16,62.06666666666667,20.22363853404119,TNFF_16,HEVC,HFR,720p,2200
368,Cricket1_AVC_SFR_396p_400K_86,31.9,15.395562131125104,Cricket1_86,AVC,SFR,396p,400
369,Cricket2_HEVC_SFR_540p_1100K_90,52.266666666666666,17.593433118322555,Cricket2_90,HEVC,SFR,540p,1100
370,TNFF_HEVC_SFR_720p_2200K_16,66.06666666666666,20.014883351035436,TNFF_16,HEVC,SFR,720p,2200
371,EPLDay_HEVC_HFR_396p_600K_8,28.166666666666668,10.53908071048999,EPLDay_8,HEVC,HFR,396p,600
372,USOpen_AVC_SFR_540p_1200K_0,54.516129032258064,15.045888877443662,USOpen_0,AVC,SFR,540p,1200
373,EPLNight_AVC_HFR_720p_2200K_0,70.45161290322581,20.745522190268684,EPLNight_0,AVC,HFR,720p,2200
374,TNFNFL_AVC_SFR_540p_1800K_0,46.2,15.24773207179787,TNFNFL_0,AVC,SFR,540p,1800
375,USOpen_AVC_HFR_540p_1900K_166,56.516129032258064,14.343416985574267,USOpen_166,AVC,HFR,540p,1900
376,EPLDay_HEVC_SFR_396p_900K_0,34.67741935483871,14.735051685656899,EPLDay_0,HEVC,SFR,396p,900
377,TNFNFL_HEVC_HFR_396p_900K_0,29.6,15.501827849214,TNFNFL_0,HEVC,HFR,396p,900
378,USOpen_AVC_HFR_720p_2200K_166,67.40625,15.46136187201826,USOpen_166,AVC,HFR,720p,2200
379,Cricket1_HEVC_SFR_540p_1900K_86,55.03225806451613,20.92765398588092,Cricket1_86,HEVC,SFR,540p,1900
380,EPLDay_AVC_HFR_540p_1300K_0,49.483870967741936,13.382393266218783,EPLDay_0,AVC,HFR,540p,1300
381,USOpen_HEVC_SFR_720p_2200K_166,69.55172413793103,20.203424439839743,USOpen_166,HEVC,SFR,720p,2200
382,EPLDay_HEVC_SFR_540p_1100K_0,50.6,12.009995836801941,EPLDay_0,HEVC,SFR,540p,1100
383,USOpen_AVC_SFR_288p_200K_166,12.413793103448276,11.312237015817049,USOpen_166,AVC,SFR,288p,200
384,TNFF_AVC_HFR_396p_900K_16,37.32258064516129,13.977832904106034,TNFF_16,AVC,HFR,396p,900
385,Cricket2_AVC_HFR_288p_300K_90,23.633333333333333,9.843723324478848,Cricket2_90,AVC,HFR,288p,300
386,USOpen_HEVC_HFR_396p_900K_0,43.86666666666667,14.15799734739659,USOpen_0,HEVC,HFR,396p,900
387,USOpen_HEVC_HFR_396p_900K_166,43.266666666666666,13.063775190281799,USOpen_166,HEVC,HFR,396p,900
388,TNFF_HEVC_SFR_540p_1900K_144,60.625,13.965918337152054,TNFF_144,HEVC,SFR,540p,1900
389,TNFF_HEVC_SFR_396p_900K_144,37.03225806451613,16.485543757051534,TNFF_144,HEVC,SFR,396p,900
390,Cricket1_AVC_HFR_396p_900K_86,35.733333333333334,14.95979797843392,Cricket1_86,AVC,HFR,396p,900
391,USOpen_HEVC_HFR_396p_600K_0,44.09375,14.8015188726529,USOpen_0,HEVC,HFR,396p,600
392,EPLDay_AVC_SFR_540p_1200K_8,41.41935483870968,14.672278433238533,EPLDay_8,AVC,SFR,540p,1200
393,TNFF_HEVC_SFR_288p_300K_144,16.586206896551722,14.361147877902619,TNFF_144,HEVC,SFR,288p,300
394,TNFNFL_HEVC_HFR_288p_300K_0,13.433333333333334,14.42147318719169,TNFNFL_0,HEVC,HFR,288p,300
395,EPLNight_HEVC_SFR_540p_1100K_0,52.58064516129032,16.796263396955165,EPLNight_0,HEVC,SFR,540p,1100
396,TNFF_HEVC_HFR_540p_1100K_16,41.1,18.046883387443938,TNFF_16,HEVC,HFR,540p,1100
397,EPLNight_HEVC_SFR_396p_600K_0,38.666666666666664,15.025164077491983,EPLNight_0,HEVC,SFR,396p,600
398,TNFF_HEVC_HFR_540p_1900K_144,55.56666666666667,15.6432804175538,TNFF_144,HEVC,HFR,540p,1900
399,USOpen_AVC_SFR_396p_800K_166,38.56666666666667,16.140391018256718,USOpen_166,AVC,SFR,396p,800
400,TNFF_SRC_SRC_SRC_SRC_144,69.74193548387096,17.67806685887361,TNFF_144,SRC,SRC,SRC,100000
401,USOpen_AVC_HFR_396p_900K_166,41.62068965517241,15.198488566195966,USOpen_166,AVC,HFR,396p,900
402,USOpen_HEVC_SFR_396p_600K_166,40.6,13.047605144240071,USOpen_166,HEVC,SFR,396p,600
403,Cricket1_AVC_HFR_540p_1300K_86,45.0,16.418358626854268,Cricket1_86,AVC,HFR,540p,1300
404,Cricket2_HEVC_HFR_396p_900K_90,36.2,11.796609682446903,Cricket2_90,HEVC,HFR,396p,900
405,TNFF_HEVC_SFR_540p_1900K_16,62.875,20.01366720518756,TNFF_16,HEVC,SFR,540p,1900
406,Cricket2_AVC_HFR_540p_1300K_90,47.34375,16.88677251393824,Cricket2_90,AVC,HFR,540p,1300
407,Cricket2_AVC_HFR_396p_600K_90,29.322580645161292,15.008357019908765,Cricket2_90,AVC,HFR,396p,600
408,USOpen_HEVC_HFR_720p_2200K_0,65.10344827586206,15.401175117696223,USOpen_0,HEVC,HFR,720p,2200
409,USOpen_HEVC_HFR_540p_1100K_166,56.58064516129032,17.12906263286293,USOpen_166,HEVC,HFR,540p,1100
410,Cricket1_AVC_HFR_396p_600K_86,32.9,10.885311203635842,Cricket1_86,AVC,HFR,396p,600
411,USOpen_AVC_HFR_396p_600K_166,33.53333333333333,12.619385440222075,USOpen_166,AVC,HFR,396p,600
412,Cricket2_HEVC_SFR_396p_600K_90,34.3,16.579404894828603,Cricket2_90,HEVC,SFR,396p,600
413,EPLDay_HEVC_SFR_396p_600K_0,33.233333333333334,14.141389213542242,EPLDay_0,HEVC,SFR,396p,600
414,USOpen_HEVC_HFR_288p_300K_166,21.29032258064516,13.206043456194953,USOpen_166,HEVC,HFR,288p,300
415,TNFF_AVC_SFR_720p_2000K_144,58.29032258064516,18.311275476420562,TNFF_144,AVC,SFR,720p,2000
416,TNFNFL_HEVC_SFR_540p_1900K_0,53.483870967741936,16.488257733312057,TNFNFL_0,HEVC,SFR,540p,1900
417,Cricket2_HEVC_HFR_396p_600K_90,35.766666666666666,17.139979255789342,Cricket2_90,HEVC,HFR,396p,600
418,EPLNight_AVC_HFR_396p_600K_0,33.2,10.783938674405254,EPLNight_0,AVC,HFR,396p,600
419,Cricket1_AVC_SFR_720p_2000K_86,53.86206896551724,19.6744611947974,Cricket1_86,AVC,SFR,720p,2000
420,TNFF_HEVC_SFR_396p_900K_16,40.666666666666664,14.93839200033108,TNFF_16,HEVC,SFR,396p,900
421,EPLNight_AVC_SFR_540p_1800K_0,54.46666666666667,15.668936005854244,EPLNight_0,AVC,SFR,540p,1800
422,EPLDay_SRC_SRC_SRC_SRC_8,92.3225806451613,10.049513218107418,EPLDay_8,SRC,SRC,SRC,100000
423,TNFF_HEVC_HFR_396p_600K_16,29.322580645161292,11.371688377988425,TNFF_16,HEVC,HFR,396p,600
424,USOpen_AVC_HFR_288p_300K_166,16.838709677419356,12.443671209646183,USOpen_166,AVC,HFR,288p,300
425,Cricket2_SRC_SRC_SRC_SRC_90,65.16129032258064,19.60266073808571,Cricket2_90,SRC,SRC,SRC,100000
426,USOpen_HEVC_HFR_540p_1900K_166,64.21875,15.271980828874165,USOpen_166,HEVC,HFR,540p,1900
427,TNFF_AVC_SFR_720p_2000K_16,57.0,17.629875212263983,TNFF_16,AVC,SFR,720p,2000
428,USOpen_HEVC_SFR_288p_300K_0,26.310344827586206,12.830737469803712,USOpen_0,HEVC,SFR,288p,300
429,TNFF_HEVC_HFR_540p_1900K_16,56.903225806451616,20.17880529522399,TNFF_16,HEVC,HFR,540p,1900
430,TNFNFL_AVC_HFR_540p_1300K_0,36.833333333333336,17.627787407638227,TNFNFL_0,AVC,HFR,540p,1300
431,USOpen_AVC_SFR_540p_1800K_166,60.45161290322581,17.049905325018422,USOpen_166,AVC,SFR,540p,1800
432,TNFNFL_HEVC_HFR_540p_1100K_0,42.28125,16.454927785848835,TNFNFL_0,HEVC,HFR,540p,1100
433,TNFF_HEVC_SFR_288p_300K_16,18.625,12.665775736211344,TNFF_16,HEVC,SFR,288p,300
434,EPLDay_AVC_SFR_540p_1200K_0,42.13793103448276,15.718919279186741,EPLDay_0,AVC,SFR,540p,1200
435,Cricket1_HEVC_SFR_396p_600K_86,40.83870967741935,17.25164185583982,Cricket1_86,HEVC,SFR,396p,600
436,EPLNight_HEVC_HFR_540p_1100K_0,51.7,15.124263067446737,EPLNight_0,HEVC,HFR,540p,1100
437,TNFNFL_HEVC_SFR_288p_300K_0,16.0,11.714341912869578,TNFNFL_0,HEVC,SFR,288p,300
438,Cricket2_HEVC_HFR_720p_2200K_90,57.59375,23.169024816282192,Cricket2_90,HEVC,HFR,720p,2200
439,TNFNFL_SRC_SRC_SRC_SRC_0,71.90322580645162,17.3248932198165,TNFNFL_0,SRC,SRC,SRC,100000
440,Cricket1_AVC_SFR_540p_1200K_86,47.464285714285715,17.4836293691661,Cricket1_86,AVC,SFR,540p,1200
441,TNFNFL_HEVC_SFR_540p_1100K_0,47.241379310344826,14.632639878765584,TNFNFL_0,HEVC,SFR,540p,1100
442,TNFNFL_HEVC_HFR_540p_1900K_0,52.233333333333334,16.269979170921584,TNFNFL_0,HEVC,HFR,540p,1900
443,EPLNight_AVC_HFR_288p_300K_0,15.90625,10.961179723802543,EPLNight_0,AVC,HFR,288p,300
444,EPLDay_HEVC_HFR_540p_1100K_0,44.9,15.060655142899106,EPLDay_0,HEVC,HFR,540p,1100
445,Cricket1_HEVC_HFR_540p_1900K_86,57.70967741935484,16.080831202211105,Cricket1_86,HEVC,HFR,540p,1900
446,TNFNFL_AVC_HFR_396p_900K_0,24.93548387096774,16.417802068665246,TNFNFL_0,AVC,HFR,396p,900
447,TNFF_HEVC_SFR_396p_600K_16,36.96666666666667,12.128433076407227,TNFF_16,HEVC,SFR,396p,600
448,TNFF_AVC_HFR_540p_1900K_144,45.774193548387096,17.271475042858597,TNFF_144,AVC,HFR,540p,1900
449,TNFF_AVC_SFR_540p_1800K_16,51.63333333333333,14.568192139803147,TNFF_16,AVC,SFR,540p,1800
450,EPLDay_HEVC_HFR_540p_1900K_8,55.83870967741935,14.615715744436343,EPLDay_8,HEVC,HFR,540p,1900
451,USOpen_HEVC_HFR_540p_1900K_0,57.06666666666667,17.343458581135298,USOpen_0,HEVC,HFR,540p,1900
452,TNFF_HEVC_HFR_396p_600K_144,29.35483870967742,15.386521934214045,TNFF_144,HEVC,HFR,396p,600
453,EPLDay_HEVC_SFR_540p_1100K_8,42.3,12.559591288466887,EPLDay_8,HEVC,SFR,540p,1100
454,Cricket1_AVC_HFR_540p_1900K_86,54.241379310344826,19.430965639507214,Cricket1_86,AVC,HFR,540p,1900
455,EPLNight_AVC_HFR_396p_900K_0,38.61290322580645,17.045815718432596,EPLNight_0,AVC,HFR,396p,900
456,USOpen_HEVC_HFR_396p_600K_166,39.86666666666667,15.903319010683132,USOpen_166,HEVC,HFR,396p,600
457,EPLNight_AVC_SFR_396p_800K_0,37.03225806451613,13.778159133015306,EPLNight_0,AVC,SFR,396p,800
458,TNFF_HEVC_SFR_540p_1100K_144,48.03225806451613,14.400904700450845,TNFF_144,HEVC,SFR,540p,1100
459,EPLNight_AVC_HFR_540p_1900K_0,56.96875,16.055537158173813,EPLNight_0,AVC,HFR,540p,1900
460,TNFNFL_HEVC_SFR_396p_600K_0,35.03333333333333,12.765796314979944,TNFNFL_0,HEVC,SFR,396p,600
461,Cricket1_AVC_SFR_540p_1800K_86,53.733333333333334,19.397479790483665,Cricket1_86,AVC,SFR,540p,1800
462,EPLDay_AVC_SFR_540p_1800K_0,50.43333333333333,14.657610840636872,EPLDay_0,AVC,SFR,540p,1800
463,TNFNFL_AVC_HFR_288p_300K_0,12.67741935483871,15.061994677427395,TNFNFL_0,AVC,HFR,288p,300
464,TNFNFL_AVC_SFR_720p_2000K_0,47.758620689655174,15.482259419031598,TNFNFL_0,AVC,SFR,720p,2000
465,Cricket2_AVC_SFR_288p_200K_90,18.310344827586206,13.354847881951311,Cricket2_90,AVC,SFR,288p,200
466,TNFNFL_HEVC_SFR_720p_2200K_0,57.806451612903224,15.99882930160367,TNFNFL_0,HEVC,SFR,720p,2200
467,Cricket1_HEVC_SFR_288p_300K_86,19.551724137931036,13.322488653547435,Cricket1_86,HEVC,SFR,288p,300
468,USOpen_HEVC_SFR_540p_1900K_0,55.25806451612903,16.102429674281844,USOpen_0,HEVC,SFR,540p,1900
469,TNFF_SRC_SRC_SRC_SRC_16,82.5,14.644111444536332,TNFF_16,SRC,SRC,SRC,100000
470,Cricket2_AVC_HFR_396p_900K_90,38.0,13.870367578914177,Cricket2_90,AVC,HFR,396p,900
471,Cricket1_HEVC_HFR_288p_300K_86,21.766666666666666,13.052926449225433,Cricket1_86,HEVC,HFR,288p,300
472,TNFF_HEVC_SFR_540p_1100K_16,51.806451612903224,17.50653215385932,TNFF_16,HEVC,SFR,540p,1100
473,Cricket2_HEVC_HFR_540p_1900K_90,48.36666666666667,17.219143093919886,Cricket2_90,HEVC,HFR,540p,1900
474,EPLNight_HEVC_SFR_540p_1900K_0,57.774193548387096,19.54103982015444,EPLNight_0,HEVC,SFR,540p,1900
475,TNFNFL_AVC_HFR_720p_2200K_0,51.2,20.82210364012244,TNFNFL_0,AVC,HFR,720p,2200
476,Cricket2_AVC_HFR_540p_1900K_90,45.310344827586206,15.005983745058371,Cricket2_90,AVC,HFR,540p,1900
477,TNFNFL_AVC_SFR_396p_800K_0,33.53333333333333,14.937053108145381,TNFNFL_0,AVC,SFR,396p,800
478,TNFF_AVC_HFR_288p_300K_144,11.290322580645162,13.968151673942561,TNFF_144,AVC,HFR,288p,300
479,Cricket1_HEVC_HFR_396p_600K_86,35.15625,16.454690393243503,Cricket1_86,HEVC,HFR,396p,600
480,EPLNight_AVC_SFR_396p_400K_0,30.677419354838708,13.84566334056518,EPLNight_0,AVC,SFR,396p,400
481,USOpen_AVC_HFR_396p_900K_0,43.6,15.337535656030274,USOpen_0,AVC,HFR,396p,900
482,EPLNight_HEVC_SFR_288p_300K_0,17.689655172413794,13.916260517022726,EPLNight_0,HEVC,SFR,288p,300
483,EPLDay_AVC_HFR_540p_1300K_8,43.75,15.67242801865748,EPLDay_8,AVC,HFR,540p,1300
484,USOpen_SRC_SRC_SRC_SRC_648,72.83870967741936,20.048484415718953,USOpen_648,SRC,SRC,SRC,100000
485,EPLDay_HEVC_SFR_396p_600K_74,34.225806451612904,13.116622493613146,EPLDay_74,HEVC,SFR,396p,600
486,USOpen_HEVC_HFR_396p_900K_648,46.645161290322584,12.987707307412563,USOpen_648,HEVC,HFR,396p,900
487,TNFF_AVC_HFR_540p_1300K_336,54.03225806451613,15.171033245624846,TNFF_336,AVC,HFR,540p,1300
488,EPLDay_HEVC_SFR_540p_1100K_74,55.25806451612903,15.065379542846944,EPLDay_74,HEVC,SFR,540p,1100
489,TNFF_HEVC_HFR_540p_1900K_336,65.16129032258064,15.742067688498267,TNFF_336,HEVC,HFR,540p,1900
490,TNFF_HEVC_HFR_288p_300K_114,13.875,10.517099172300316,TNFF_114,HEVC,HFR,288p,300
491,USOpen_HEVC_SFR_540p_1900K_648,54.12903225806452,15.275411267329472,USOpen_648,HEVC,SFR,540p,1900
492,EPLDay_HEVC_HFR_396p_600K_74,34.41935483870968,15.626227319123712,EPLDay_74,HEVC,HFR,396p,600
493,TNFF_HEVC_SFR_540p_1900K_114,65.25,12.108881038312335,TNFF_114,HEVC,SFR,540p,1900
494,EPLDay_AVC_HFR_396p_600K_74,27.580645161290324,15.628291536759878,EPLDay_74,AVC,HFR,396p,600
495,TNFF_HEVC_SFR_288p_300K_114,16.40625,12.338606523327503,TNFF_114,HEVC,SFR,288p,300
496,USOpen_HEVC_SFR_288p_300K_648,23.35483870967742,15.37813359013118,USOpen_648,HEVC,SFR,288p,300
497,EPLDay_HEVC_SFR_720p_2200K_74,66.58064516129032,19.012346062744946,EPLDay_74,HEVC,SFR,720p,2200
498,USOpen_AVC_SFR_720p_2000K_648,65.51612903225806,17.947721515452983,USOpen_648,AVC,SFR,720p,2000
499,EPLDay_AVC_HFR_540p_1300K_74,51.74193548387097,16.62483129564751,EPLDay_74,AVC,HFR,540p,1300
500,TNFF_SRC_SRC_SRC_SRC_336,79.83870967741936,17.930145411125366,TNFF_336,SRC,SRC,SRC,100000
501,EPLDay_AVC_SFR_540p_1200K_74,45.935483870967744,18.172889208522232,EPLDay_74,AVC,SFR,540p,1200
502,USOpen_HEVC_HFR_540p_1100K_648,58.54838709677419,13.030581176050436,USOpen_648,HEVC,HFR,540p,1100
503,TNFF_HEVC_HFR_396p_900K_114,40.90625,14.453285472082118,TNFF_114,HEVC,HFR,396p,900
504,USOpen_HEVC_HFR_720p_2200K_148,63.375,17.401059594174143,USOpen_148,HEVC,HFR,720p,2200
505,USOpen_AVC_HFR_396p_600K_648,41.645161290322584,13.67726719331063,USOpen_648,AVC,HFR,396p,600
506,TNFF_HEVC_HFR_288p_300K_336,22.387096774193548,14.940046679883112,TNFF_336,HEVC,HFR,288p,300
507,USOpen_HEVC_HFR_396p_600K_648,43.645161290322584,11.560635062076026,USOpen_648,HEVC,HFR,396p,600
508,TNFF_HEVC_HFR_720p_2200K_114,65.8125,18.779040011406334,TNFF_114,HEVC,HFR,720p,2200
509,USOpen_HEVC_SFR_396p_600K_648,38.41935483870968,13.680157972933356,USOpen_648,HEVC,SFR,396p,600
510,USOpen_SRC_SRC_SRC_SRC_148,71.24242424242425,19.654639830083923,USOpen_148,SRC,SRC,SRC,100000
511,USOpen_AVC_SFR_396p_800K_648,38.225806451612904,13.89060875003,USOpen_648,AVC,SFR,396p,800
512,TNFF_AVC_SFR_396p_400K_336,24.032258064516128,13.014839845017963,TNFF_336,AVC,SFR,396p,400
513,USOpen_AVC_HFR_540p_1900K_648,64.03225806451613,14.922344948838047,USOpen_648,AVC,HFR,540p,1900
514,EPLDay_HEVC_SFR_288p_300K_74,24.387096774193548,19.172691297031825,EPLDay_74,HEVC,SFR,288p,300
515,USOpen_HEVC_SFR_396p_600K_148,51.8125,16.129238783960016,USOpen_148,HEVC,SFR,396p,600
516,EPLDay_AVC_HFR_288p_300K_74,15.64516129032258,13.780651202125052,EPLDay_74,AVC,HFR,288p,300
517,USOpen_HEVC_SFR_720p_2200K_148,71.15625,15.421392153028856,USOpen_148,HEVC,SFR,720p,2200
518,USOpen_AVC_HFR_720p_2200K_648,73.19354838709677,14.66270087965953,USOpen_648,AVC,HFR,720p,2200
519,USOpen_HEVC_SFR_540p_1900K_148,63.21875,17.005025681765375,USOpen_148,HEVC,SFR,540p,1900
520,EPLDay_HEVC_HFR_540p_1900K_74,60.38709677419355,15.194815370774503,EPLDay_74,HEVC,HFR,540p,1900
521,USOpen_HEVC_HFR_540p_1900K_148,66.40625,16.81305180321229,USOpen_148,HEVC,HFR,540p,1900
522,TNFF_AVC_SFR_540p_1200K_114,43.09375,15.89685380625676,TNFF_114,AVC,SFR,540p,1200
523,TNFF_AVC_SFR_540p_1200K_336,54.67741935483871,14.46327294591416,TNFF_336,AVC,SFR,540p,1200
524,TNFF_AVC_HFR_396p_900K_114,34.5625,13.294588889845372,TNFF_114,AVC,HFR,396p,900
525,USOpen_HEVC_SFR_288p_300K_148,36.34375,15.792817542715422,USOpen_148,HEVC,SFR,288p,300
526,EPLDay_AVC_SFR_720p_2000K_74,59.645161290322584,16.479798752092496,EPLDay_74,AVC,SFR,720p,2000
527,USOpen_AVC_SFR_540p_1200K_148,61.5,13.543910070581537,USOpen_148,AVC,SFR,540p,1200
528,TNFF_HEVC_HFR_540p_1900K_114,60.96875,15.296005146360928,TNFF_114,HEVC,HFR,540p,1900
529,TNFF_AVC_HFR_396p_900K_336,45.38709677419355,15.203304860064279,TNFF_336,AVC,HFR,396p,900
530,USOpen_AVC_SFR_396p_800K_148,48.71875,16.369243978800608,USOpen_148,AVC,SFR,396p,800
531,TNFF_AVC_SFR_720p_2000K_114,59.25,15.443445211480501,TNFF_114,AVC,SFR,720p,2000
532,TNFF_AVC_HFR_540p_1900K_336,54.96774193548387,14.656241367764688,TNFF_336,AVC,HFR,540p,1900
533,EPLDay_HEVC_SFR_396p_900K_74,44.483870967741936,16.32111430363696,EPLDay_74,HEVC,SFR,396p,900
534,TNFF_HEVC_SFR_396p_900K_336,51.903225806451616,11.571251469133088,TNFF_336,HEVC,SFR,396p,900
535,TNFF_HEVC_SFR_396p_600K_114,33.53125,13.770403895220358,TNFF_114,HEVC,SFR,396p,600
536,TNFF_AVC_SFR_540p_1800K_336,56.74193548387097,16.45711482951877,TNFF_336,AVC,SFR,540p,1800
537,USOpen_AVC_SFR_720p_2000K_148,69.4375,13.914779687440259,USOpen_148,AVC,SFR,720p,2000
538,TNFF_AVC_SFR_288p_200K_336,16.419354838709676,17.375871653324303,TNFF_336,AVC,SFR,288p,200
539,USOpen_HEVC_SFR_540p_1100K_148,56.84375,14.055935968035,USOpen_148,HEVC,SFR,540p,1100
540,EPLDay_HEVC_HFR_288p_300K_74,20.612903225806452,16.765320233715247,EPLDay_74,HEVC,HFR,288p,300
541,USOpen_HEVC_HFR_396p_900K_148,50.5625,15.001952997859979,USOpen_148,HEVC,HFR,396p,900
542,TNFF_HEVC_SFR_540p_1900K_336,67.87096774193549,14.18027238348852,TNFF_336,HEVC,SFR,540p,1900
543,TNFF_AVC_HFR_288p_300K_114,9.8125,9.54082510844843,TNFF_114,AVC,HFR,288p,300
544,USOpen_AVC_HFR_288p_300K_648,25.548387096774192,16.761782008731068,USOpen_648,AVC,HFR,288p,300
545,TNFF_SRC_SRC_SRC_SRC_114,80.46875,15.92950166946537,TNFF_114,SRC,SRC,SRC,100000
546,TNFF_HEVC_HFR_396p_600K_336,44.03225806451613,16.05129654288389,TNFF_336,HEVC,HFR,396p,600
547,USOpen_HEVC_SFR_540p_1100K_648,55.61290322580645,13.43965586002097,USOpen_648,HEVC,SFR,540p,1100
548,USOpen_AVC_HFR_540p_1300K_148,55.59375,10.535236634148282,USOpen_148,AVC,HFR,540p,1300
549,TNFF_AVC_HFR_540p_1300K_114,45.375,15.111564280378124,TNFF_114,AVC,HFR,540p,1300
550,EPLDay_AVC_SFR_288p_200K_74,12.225806451612904,13.99011097149687,EPLDay_74,AVC,SFR,288p,200
551,TNFF_AVC_HFR_288p_300K_336,17.870967741935484,14.970383526631618,TNFF_336,AVC,HFR,288p,300
552,EPLDay_SRC_SRC_SRC_SRC_74,85.06451612903226,16.88468571998434,EPLDay_74,SRC,SRC,SRC,100000
553,TNFF_HEVC_SFR_396p_600K_336,48.61290322580645,15.004681891598173,TNFF_336,HEVC,SFR,396p,600
554,USOpen_AVC_HFR_540p_1900K_148,57.96875,16.83093204304206,USOpen_148,AVC,HFR,540p,1900
555,USOpen_AVC_SFR_540p_1800K_648,54.87096774193548,15.503884914774499,USOpen_648,AVC,SFR,540p,1800
556,USOpen_HEVC_HFR_540p_1100K_148,58.4375,11.363146296250877,USOpen_148,HEVC,HFR,540p,1100
557,TNFF_HEVC_HFR_396p_900K_336,52.225806451612904,11.934524808895908,TNFF_336,HEVC,HFR,396p,900
558,TNFF_HEVC_SFR_720p_2200K_114,67.625,14.347800354061246,TNFF_114,HEVC,SFR,720p,2200
559,USOpen_HEVC_SFR_720p_2200K_648,67.09677419354838,16.322070628268115,USOpen_648,HEVC,SFR,720p,2200
560,EPLDay_HEVC_HFR_540p_1100K_74,49.03225806451613,14.447868178424963,EPLDay_74,HEVC,HFR,540p,1100
561,USOpen_AVC_HFR_396p_600K_148,46.59375,15.632217083238706,USOpen_148,AVC,HFR,396p,600
562,EPLDay_HEVC_SFR_540p_1900K_74,59.064516129032256,14.650631350198438,EPLDay_74,HEVC,SFR,540p,1900
563,USOpen_AVC_HFR_396p_900K_148,44.78125,16.057969935128785,USOpen_148,AVC,HFR,396p,900
564,USOpen_AVC_HFR_396p_900K_648,42.096774193548384,13.759113903177933,USOpen_648,AVC,HFR,396p,900
565,TNFF_AVC_SFR_540p_1800K_114,57.84375,18.725165845393732,TNFF_114,AVC,SFR,540p,1800
566,USOpen_AVC_SFR_540p_1200K_648,53.806451612903224,13.582292444727816,USOpen_648,AVC,SFR,540p,1200
567,EPLDay_HEVC_HFR_720p_2200K_74,65.54838709677419,16.33487997660699,EPLDay_74,HEVC,HFR,720p,2200
568,USOpen_HEVC_HFR_540p_1900K_648,66.3225806451613,14.770037448953754,USOpen_648,HEVC,HFR,540p,1900
569,EPLDay_AVC_HFR_540p_1900K_74,54.806451612903224,19.578492733903946,EPLDay_74,AVC,HFR,540p,1900
570,USOpen_AVC_HFR_540p_1300K_648,63.32258064516129,14.737240729119291,USOpen_648,AVC,HFR,540p,1300
571,USOpen_AVC_SFR_396p_400K_148,39.71875,15.790096530341415,USOpen_148,AVC,SFR,396p,400
572,USOpen_HEVC_SFR_396p_900K_648,40.67741935483871,14.258867296039925,USOpen_648,HEVC,SFR,396p,900
573,TNFF_AVC_HFR_540p_1900K_114,52.53125,13.928353220589289,TNFF_114,AVC,HFR,540p,1900
574,USOpen_HEVC_HFR_720p_2200K_648,73.3225806451613,16.073193666181997,USOpen_648,HEVC,HFR,720p,2200
575,TNFF_HEVC_HFR_540p_1100K_114,51.21875,15.094979246010906,TNFF_114,HEVC,HFR,540p,1100
576,TNFF_AVC_SFR_396p_800K_336,41.193548387096776,16.1912348945023,TNFF_336,AVC,SFR,396p,800
577,USOpen_AVC_SFR_288p_200K_148,26.46875,15.902013188194129,USOpen_148,AVC,SFR,288p,200
578,TNFF_AVC_HFR_720p_2200K_336,64.61290322580645,16.914733831885677,TNFF_336,AVC,HFR,720p,2200
579,TNFF_AVC_SFR_288p_200K_114,7.34375,13.063808247884689,TNFF_114,AVC,SFR,288p,200
580,EPLDay_AVC_SFR_396p_800K_74,38.096774193548384,15.536335846320284,EPLDay_74,AVC,SFR,396p,800
581,TNFF_HEVC_HFR_720p_2200K_336,69.25806451612904,18.229659883818695,TNFF_336,HEVC,HFR,720p,2200
582,USOpen_AVC_SFR_396p_400K_648,38.483870967741936,13.444919817037828,USOpen_648,AVC,SFR,396p,400
583,TNFF_AVC_HFR_396p_600K_336,37.774193548387096,18.98167142682876,TNFF_336,AVC,HFR,396p,600
584,TNFF_AVC_SFR_396p_400K_114,18.875,11.14604750573045,TNFF_114,AVC,SFR,396p,400
585,USOpen_HEVC_HFR_396p_600K_148,41.5625,17.30776108426506,USOpen_148,HEVC,HFR,396p,600
586,TNFF_HEVC_SFR_288p_300K_336,26.483870967741936,14.08927976762643,TNFF_336,HEVC,SFR,288p,300
587,USOpen_AVC_SFR_288p_200K_648,21.0,19.340747558691525,USOpen_648,AVC,SFR,288p,200
588,TNFF_HEVC_HFR_396p_600K_114,29.71875,13.798175547422927,TNFF_114,HEVC,HFR,396p,600
589,TNFF_AVC_SFR_720p_2000K_336,61.16129032258065,19.011196657103614,TNFF_336,AVC,SFR,720p,2000
590,EPLDay_AVC_HFR_720p_2200K_74,59.45161290322581,14.853779164342631,EPLDay_74,AVC,HFR,720p,2200
591,USOpen_AVC_SFR_540p_1800K_148,61.6875,16.419191324483677,USOpen_148,AVC,SFR,540p,1800
592,TNFF_HEVC_HFR_540p_1100K_336,54.70967741935484,15.362697907357155,TNFF_336,HEVC,HFR,540p,1100
593,USOpen_AVC_HFR_288p_300K_148,32.8125,17.974700101809766,USOpen_148,AVC,HFR,288p,300
594,TNFF_AVC_HFR_396p_600K_114,24.78125,15.633966177445185,TNFF_114,AVC,HFR,396p,600
595,EPLDay_AVC_SFR_540p_1800K_74,56.806451612903224,14.592130788796272,EPLDay_74,AVC,SFR,540p,1800
596,USOpen_AVC_HFR_720p_2200K_148,63.18181818181818,15.39865115197677,USOpen_148,AVC,HFR,720p,2200
597,TNFF_HEVC_SFR_540p_1100K_336,62.25806451612903,17.592094525731984,TNFF_336,HEVC,SFR,540p,1100
598,USOpen_HEVC_HFR_288p_300K_648,19.516129032258064,14.435330689401713,USOpen_648,HEVC,HFR,288p,300
599,TNFF_HEVC_SFR_396p_900K_114,46.25,14.48706319445042,TNFF_114,HEVC,SFR,396p,900
600,EPLDay_AVC_HFR_396p_900K_74,35.935483870967744,15.073872897192269,EPLDay_74,AVC,HFR,396p,900
601,TNFF_AVC_HFR_720p_2200K_114,60.53125,14.943611458998122,TNFF_114,AVC,HFR,720p,2200
602,EPLDay_AVC_SFR_396p_400K_74,24.612903225806452,16.526962173008506,EPLDay_74,AVC,SFR,396p,400
603,TNFF_AVC_SFR_396p_800K_114,35.65625,18.221912247003605,TNFF_114,AVC,SFR,396p,800
604,EPLDay_HEVC_HFR_396p_900K_74,42.87096774193548,12.478993795985707,EPLDay_74,HEVC,HFR,396p,900
605,TNFF_HEVC_SFR_540p_1100K_114,54.375,14.700658998834031,TNFF_114,HEVC,SFR,540p,1100
606,USOpen_HEVC_SFR_396p_900K_148,54.09375,16.11745826541828,USOpen_148,HEVC,SFR,396p,900
607,TNFF_HEVC_SFR_720p_2200K_336,73.2258064516129,14.390206520563718,TNFF_336,HEVC,SFR,720p,2200
608,USOpen_HEVC_HFR_288p_300K_148,34.1875,17.47934048383977,USOpen_148,HEVC,HFR,288p,300
609,TNFNFL_SRC_SRC_SRC_SRC_4211,63.36666666666667,15.116179705497315,TNFNFL_4211,SRC,SRC,SRC,100000
610,USOpen_AVC_SFR_396p_800K_604,47.266666666666666,14.217203975778393,USOpen_604,AVC,SFR,396p,800
611,TNFNFL_HEVC_HFR_540p_1100K_4211,39.7,14.597145839740955,TNFNFL_4211,HEVC,HFR,540p,1100
612,Cricket2_HEVC_SFR_288p_300K_210,29.161290322580644,12.778754480660591,Cricket2_210,HEVC,SFR,288p,300
613,USOpen_AVC_SFR_540p_1800K_604,55.666666666666664,14.517422483194306,USOpen_604,AVC,SFR,540p,1800
614,Cricket2_HEVC_HFR_288p_300K_210,27.516129032258064,17.11982621207756,Cricket2_210,HEVC,HFR,288p,300
615,EPLNight_HEVC_SFR_288p_300K_58,7.290322580645161,9.063195862982354,EPLNight_58,HEVC,SFR,288p,300
616,TNFNFL_HEVC_HFR_720p_2200K_4211,46.93333333333333,18.286485598811915,TNFNFL_4211,HEVC,HFR,720p,2200
617,USOpen_AVC_HFR_396p_900K_604,48.2,15.921473968616514,USOpen_604,AVC,HFR,396p,900
618,EPLNight_HEVC_HFR_540p_1900K_58,54.29032258064516,15.758650565257076,EPLNight_58,HEVC,HFR,540p,1900
619,USOpen_AVC_HFR_540p_1900K_604,63.63333333333333,15.856614462810848,USOpen_604,AVC,HFR,540p,1900
620,EPLNight_HEVC_HFR_288p_300K_58,7.290322580645161,12.086231965412058,EPLNight_58,HEVC,HFR,288p,300
621,TNFNFL_HEVC_SFR_396p_600K_4211,26.8,16.011246047700347,TNFNFL_4211,HEVC,SFR,396p,600
622,USOpen_HEVC_SFR_540p_1100K_604,58.6,13.477388471065158,USOpen_604,HEVC,SFR,540p,1100
623,TNFNFL_AVC_HFR_720p_2200K_4211,54.766666666666666,19.47765101055281,TNFNFL_4211,AVC,HFR,720p,2200
624,USOpen_HEVC_HFR_288p_300K_604,33.53333333333333,16.24342602066722,USOpen_604,HEVC,HFR,288p,300
625,Cricket2_SRC_SRC_SRC_SRC_210,80.51612903225806,17.266172349315116,Cricket2_210,SRC,SRC,SRC,100000
626,USOpen_HEVC_HFR_540p_1100K_604,62.4,14.237509145446287,USOpen_604,HEVC,HFR,540p,1100
627,TNFNFL_HEVC_SFR_396p_900K_4211,33.4,16.523922052587878,TNFNFL_4211,HEVC,SFR,396p,900
628,EPLNight_HEVC_SFR_540p_1100K_58,46.774193548387096,11.591736983089275,EPLNight_58,HEVC,SFR,540p,1100
629,Cricket1_HEVC_SFR_288p_300K_210,26.258064516129032,12.582547416151812,Cricket1_210,HEVC,SFR,288p,300
630,TNFNFL_AVC_HFR_396p_600K_4211,24.666666666666668,14.558693470073319,TNFNFL_4211,AVC,HFR,396p,600
631,Cricket2_AVC_SFR_396p_400K_210,38.41935483870968,14.877508882588808,Cricket2_210,AVC,SFR,396p,400
632,TNFNFL_HEVC_HFR_396p_900K_4211,28.766666666666666,13.225438451039052,TNFNFL_4211,HEVC,HFR,396p,900
633,EPLNight_HEVC_HFR_720p_2200K_58,63.67741935483871,16.145282136765353,EPLNight_58,HEVC,HFR,720p,2200
634,TNFNFL_HEVC_SFR_540p_1100K_4211,34.733333333333334,15.556206335593378,TNFNFL_4211,HEVC,SFR,540p,1100
635,Cricket1_AVC_HFR_288p_300K_210,22.870967741935484,14.909927274186822,Cricket1_210,AVC,HFR,288p,300
636,TNFNFL_AVC_SFR_396p_800K_4211,31.3,13.706810959032982,TNFNFL_4211,AVC,SFR,396p,800
637,Cricket2_HEVC_HFR_396p_900K_210,45.29032258064516,13.610227530953656,Cricket2_210,HEVC,HFR,396p,900
638,TNFNFL_AVC_SFR_540p_1200K_4211,43.5,13.5,TNFNFL_4211,AVC,SFR,540p,1200
639,USOpen_AVC_SFR_288p_200K_604,24.133333333333333,13.576286515669723,USOpen_604,AVC,SFR,288p,200
640,Cricket1_HEVC_HFR_540p_1900K_210,58.774193548387096,19.79851685129283,Cricket1_210,HEVC,HFR,540p,1900
641,USOpen_AVC_SFR_720p_2000K_604,68.43333333333334,15.217716283624455,USOpen_604,AVC,SFR,720p,2000
642,Cricket1_HEVC_SFR_396p_600K_210,40.225806451612904,14.22562358159106,Cricket1_210,HEVC,SFR,396p,600
643,TNFNFL_HEVC_HFR_396p_600K_4211,21.633333333333333,14.675338345522244,TNFNFL_4211,HEVC,HFR,396p,600
644,Cricket1_SRC_SRC_SRC_SRC_210,78.74193548387096,17.895697341838243,Cricket1_210,SRC,SRC,SRC,100000
645,USOpen_AVC_HFR_288p_300K_604,34.666666666666664,13.337499349161703,USOpen_604,AVC,HFR,288p,300
646,Cricket1_HEVC_SFR_540p_1900K_210,63.38709677419355,16.0737763179555,Cricket1_210,HEVC,SFR,540p,1900
647,EPLNight_HEVC_SFR_720p_2200K_58,70.61290322580645,15.646657726904262,EPLNight_58,HEVC,SFR,720p,2200
648,Cricket2_HEVC_SFR_396p_900K_210,47.96774193548387,14.295236903491706,Cricket2_210,HEVC,SFR,396p,900
649,EPLNight_AVC_SFR_288p_200K_58,6.096774193548387,8.282725275008795,EPLNight_58,AVC,SFR,288p,200
650,Cricket1_HEVC_HFR_720p_2200K_210,69.09677419354838,19.304612249674992,Cricket1_210,HEVC,HFR,720p,2200
651,USOpen_HEVC_SFR_396p_900K_604,46.833333333333336,16.323976911960585,USOpen_604,HEVC,SFR,396p,900
652,Cricket1_AVC_SFR_720p_2000K_210,57.58064516129032,18.96988138032937,Cricket1_210,AVC,SFR,720p,2000
653,EPLNight_AVC_HFR_288p_300K_58,9.064516129032258,11.381749635529193,EPLNight_58,AVC,HFR,288p,300
654,Cricket2_HEVC_HFR_396p_600K_210,42.354838709677416,17.31780435143643,Cricket2_210,HEVC,HFR,396p,600
655,Cricket1_AVC_SFR_540p_1800K_210,54.67741935483871,16.296421726324034,Cricket1_210,AVC,SFR,540p,1800
656,EPLNight_AVC_SFR_720p_2000K_58,64.48387096774194,16.63240321266028,EPLNight_58,AVC,SFR,720p,2000
657,Cricket2_HEVC_SFR_396p_600K_210,46.29032258064516,11.52331031175951,Cricket2_210,HEVC,SFR,396p,600
658,USOpen_AVC_SFR_396p_400K_604,43.43333333333333,13.195159044976387,USOpen_604,AVC,SFR,396p,400
659,Cricket2_AVC_HFR_396p_900K_210,49.87096774193548,12.589657648587464,Cricket2_210,AVC,HFR,396p,900
660,EPLNight_HEVC_HFR_396p_600K_58,21.838709677419356,15.24868428844325,EPLNight_58,HEVC,HFR,396p,600
661,Cricket2_HEVC_HFR_540p_1900K_210,61.903225806451616,17.12073792257587,Cricket2_210,HEVC,HFR,540p,1900
662,Cricket1_HEVC_HFR_288p_300K_210,28.129032258064516,14.922902803936427,Cricket1_210,HEVC,HFR,288p,300
663,Cricket2_AVC_SFR_720p_2000K_210,64.2258064516129,17.48494223595826,Cricket2_210,AVC,SFR,720p,2000
664,Cricket1_HEVC_SFR_720p_2200K_210,68.87096774193549,19.283524533090787,Cricket1_210,HEVC,SFR,720p,2200
665,USOpen_SRC_SRC_SRC_SRC_604,70.2,15.780578781105168,USOpen_604,SRC,SRC,SRC,100000
666,Cricket1_HEVC_HFR_540p_1100K_210,50.903225806451616,20.95979998474757,Cricket1_210,HEVC,HFR,540p,1100
667,Cricket2_AVC_HFR_540p_1300K_210,50.806451612903224,15.010575529656737,Cricket2_210,AVC,HFR,540p,1300
668,EPLNight_AVC_HFR_396p_600K_58,24.870967741935484,12.898466864343696,EPLNight_58,AVC,HFR,396p,600
669,TNFNFL_AVC_HFR_288p_300K_4211,7.733333333333333,10.269480133980599,TNFNFL_4211,AVC,HFR,288p,300
670,EPLNight_SRC_SRC_SRC_SRC_58,94.03225806451613,11.448295748551656,EPLNight_58,SRC,SRC,SRC,100000
671,Cricket2_AVC_SFR_396p_800K_210,48.32258064516129,15.850892102246004,Cricket2_210,AVC,SFR,396p,800
672,TNFNFL_HEVC_SFR_720p_2200K_4211,50.7,17.043376034890112,TNFNFL_4211,HEVC,SFR,720p,2200
673,Cricket1_AVC_SFR_396p_800K_210,43.32258064516129,15.674896916416087,Cricket1_210,AVC,SFR,396p,800
674,EPLNight_AVC_HFR_540p_1900K_58,55.45161290322581,15.393418597186935,EPLNight_58,AVC,HFR,540p,1900
675,USOpen_HEVC_HFR_396p_600K_604,47.166666666666664,17.02954948187284,USOpen_604,HEVC,HFR,396p,600
676,Cricket2_AVC_HFR_720p_2200K_210,61.41935483870968,20.66752820645014,Cricket2_210,AVC,HFR,720p,2200
677,USOpen_HEVC_SFR_540p_1900K_604,56.5,14.165097952361643,USOpen_604,HEVC,SFR,540p,1900
678,Cricket2_AVC_HFR_396p_600K_210,43.87096774193548,12.196620196790827,Cricket2_210,AVC,HFR,396p,600
679,Cricket1_HEVC_HFR_396p_600K_210,37.483870967741936,16.58967997852286,Cricket1_210,HEVC,HFR,396p,600
680,TNFNFL_HEVC_HFR_288p_300K_4211,8.6,11.749042514179614,TNFNFL_4211,HEVC,HFR,288p,300
681,Cricket1_HEVC_SFR_396p_900K_210,47.193548387096776,14.645090237144677,Cricket1_210,HEVC,SFR,396p,900
682,Cricket2_AVC_HFR_540p_1900K_210,62.38709677419355,16.48592247823508,Cricket2_210,AVC,HFR,540p,1900
683,EPLNight_HEVC_SFR_540p_1900K_58,55.645161290322584,16.324429322825374,EPLNight_58,HEVC,SFR,540p,1900
684,TNFNFL_AVC_SFR_720p_2000K_4211,48.166666666666664,15.847362206023087,TNFNFL_4211,AVC,SFR,720p,2000
685,USOpen_AVC_HFR_540p_1300K_604,60.53333333333333,18.304340711669703,USOpen_604,AVC,HFR,540p,1300
686,Cricket1_AVC_HFR_396p_600K_210,40.29032258064516,14.977819188315674,Cricket1_210,AVC,HFR,396p,600
687,USOpen_AVC_SFR_540p_1200K_604,53.56666666666667,14.307767897971445,USOpen_604,AVC,SFR,540p,1200
688,Cricket1_AVC_SFR_396p_400K_210,33.12903225806452,14.849224885785683,Cricket1_210,AVC,SFR,396p,400
689,TNFNFL_AVC_SFR_288p_200K_4211,6.9,8.125474345128003,TNFNFL_4211,AVC,SFR,288p,200
690,EPLNight_AVC_SFR_540p_1800K_58,52.096774193548384,14.85055628090198,EPLNight_58,AVC,SFR,540p,1800
691,TNFNFL_AVC_HFR_540p_1900K_4211,45.233333333333334,16.45941135709969,TNFNFL_4211,AVC,HFR,540p,1900
692,USOpen_HEVC_HFR_540p_1900K_604,63.3,16.79513818539957,USOpen_604,HEVC,HFR,540p,1900
693,TNFNFL_HEVC_SFR_540p_1900K_4211,42.13333333333333,15.259386910649091,TNFNFL_4211,HEVC,SFR,540p,1900
694,USOpen_HEVC_HFR_720p_2200K_604,75.36666666666666,14.18328437124334,USOpen_604,HEVC,HFR,720p,2200
695,TNFNFL_AVC_HFR_396p_900K_4211,32.13333333333333,14.051650753163804,TNFNFL_4211,AVC,HFR,396p,900
696,Cricket1_AVC_SFR_540p_1200K_210,46.645161290322584,16.77468981896156,Cricket1_210,AVC,SFR,540p,1200
697,TNFNFL_HEVC_HFR_540p_1900K_4211,44.93333333333333,16.20068585653775,TNFNFL_4211,HEVC,HFR,540p,1900
698,EPLNight_AVC_SFR_396p_800K_58,30.451612903225808,12.883694895981384,EPLNight_58,AVC,SFR,396p,800
699,TNFNFL_HEVC_SFR_288p_300K_4211,11.766666666666667,10.769349510944888,TNFNFL_4211,HEVC,SFR,288p,300
700,EPLNight_HEVC_SFR_396p_900K_58,35.225806451612904,13.69414680101321,EPLNight_58,HEVC,SFR,396p,900
701,Cricket2_HEVC_HFR_540p_1100K_210,58.12903225806452,18.702668320036103,Cricket2_210,HEVC,HFR,540p,1100
702,Cricket1_AVC_HFR_396p_900K_210,43.45161290322581,13.804718009942363,Cricket1_210,AVC,HFR,396p,900
703,Cricket2_HEVC_HFR_720p_2200K_210,64.03225806451613,21.261025786207725,Cricket2_210,HEVC,HFR,720p,2200
704,EPLNight_AVC_HFR_540p_1300K_58,48.41935483870968,15.349212848470044,EPLNight_58,AVC,HFR,540p,1300
705,USOpen_HEVC_SFR_288p_300K_604,30.5,16.406807530209324,USOpen_604,HEVC,SFR,288p,300
706,Cricket2_HEVC_SFR_540p_1900K_210,66.38709677419355,16.635906404336993,Cricket2_210,HEVC,SFR,540p,1900
707,TNFNFL_AVC_HFR_540p_1300K_4211,40.166666666666664,14.248001809220673,TNFNFL_4211,AVC,HFR,540p,1300
708,Cricket2_AVC_SFR_540p_1800K_210,64.25806451612904,18.5262982078493,Cricket2_210,AVC,SFR,540p,1800
709,EPLNight_AVC_SFR_396p_400K_58,24.70967741935484,14.756504412515415,EPLNight_58,AVC,SFR,396p,400
710,Cricket1_HEVC_HFR_396p_900K_210,46.903225806451616,14.24294922048796,Cricket1_210,HEVC,HFR,396p,900
711,Cricket2_AVC_HFR_288p_300K_210,26.451612903225808,14.441961062612897,Cricket2_210,AVC,HFR,288p,300
712,TNFNFL_AVC_SFR_396p_400K_4211,22.866666666666667,13.106571718882945,TNFNFL_4211,AVC,SFR,396p,400
713,EPLNight_HEVC_SFR_396p_600K_58,29.096774193548388,14.523295721923134,EPLNight_58,HEVC,SFR,396p,600
714,Cricket2_HEVC_SFR_540p_1100K_210,59.38709677419355,16.693976930762435,Cricket2_210,HEVC,SFR,540p,1100
715,USOpen_HEVC_SFR_720p_2200K_604,67.93333333333334,16.784781466819545,USOpen_604,HEVC,SFR,720p,2200
716,Cricket1_AVC_HFR_540p_1300K_210,52.96774193548387,18.93193899884487,Cricket1_210,AVC,HFR,540p,1300
717,Cricket2_AVC_SFR_540p_1200K_210,57.25806451612903,17.681715983604928,Cricket2_210,AVC,SFR,540p,1200
718,Cricket1_AVC_SFR_288p_200K_210,14.32258064516129,9.792647329878031,Cricket1_210,AVC,SFR,288p,200
719,EPLNight_AVC_HFR_396p_900K_58,35.58064516129032,15.912612553991387,EPLNight_58,AVC,HFR,396p,900
720,USOpen_HEVC_SFR_396p_600K_604,45.86666666666667,13.71795255212024,USOpen_604,HEVC,SFR,396p,600
721,Cricket1_AVC_HFR_540p_1900K_210,55.25806451612903,21.20402843943466,Cricket1_210,AVC,HFR,540p,1900
722,Cricket2_AVC_SFR_288p_200K_210,20.580645161290324,13.774155775426035,Cricket2_210,AVC,SFR,288p,200
723,TNFNFL_AVC_SFR_540p_1800K_4211,47.0,16.0312195418814,TNFNFL_4211,AVC,SFR,540p,1800
724,EPLNight_HEVC_HFR_396p_900K_58,32.064516129032256,16.100361614594487,EPLNight_58,HEVC,HFR,396p,900
725,USOpen_AVC_HFR_720p_2200K_604,75.33333333333333,15.883604404822254,USOpen_604,AVC,HFR,720p,2200
726,EPLNight_AVC_SFR_540p_1200K_58,46.16129032258065,15.210558247678991,EPLNight_58,AVC,SFR,540p,1200
727,USOpen_HEVC_HFR_396p_900K_604,49.8,17.4,USOpen_604,HEVC,HFR,396p,900
728,EPLNight_AVC_HFR_720p_2200K_58,68.19354838709677,18.476522775147973,EPLNight_58,AVC,HFR,720p,2200
729,USOpen_AVC_HFR_396p_600K_604,46.1,15.18628767452182,USOpen_604,AVC,HFR,396p,600
730,EPLNight_HEVC_HFR_540p_1100K_58,48.32258064516129,13.924652301848234,EPLNight_58,HEVC,HFR,540p,1100
731,Cricket1_HEVC_SFR_540p_1100K_210,55.483870967741936,16.267662297592484,Cricket1_210,HEVC,SFR,540p,1100
732,Cricket2_HEVC_SFR_720p_2200K_210,69.64516129032258,17.347582126023983,Cricket2_210,HEVC,SFR,720p,2200
733,Cricket1_AVC_HFR_720p_2200K_210,63.87096774193548,18.688864953683623,Cricket1_210,AVC,HFR,720p,2200
734,EPLDay_AVC_HFR_720p_2200K_8,69.66666666666667,15.60863958292425,EPLDay_8,AVC,HFR,720p,2200
735,EPLDay_AVC_HFR_720p_2200K_0,73.28,12.641265759408746,EPLDay_0,AVC,HFR,720p,2200
736,EPLDay_AVC_HFR_396p_600K_8,26.5,11.416362526362473,EPLDay_8,AVC,HFR,396p,600
737,EPLDay_AVC_HFR_396p_900K_0,36.916666666666664,12.216507502373808,EPLDay_0,AVC,HFR,396p,900
738,EPLDay_AVC_HFR_288p_300K_0,16.52,11.038550629498422,EPLDay_0,AVC,HFR,288p,300
739,EPLDay_AVC_HFR_288p_300K_8,13.961538461538462,12.939149803334688,EPLDay_8,AVC,HFR,288p,300
740,EPLDay_AVC_HFR_396p_900K_8,36.708333333333336,13.020749999733331,EPLDay_8,AVC,HFR,396p,900
741,EPLDay_AVC_HFR_396p_600K_0,33.291666666666664,14.287171304666606,EPLDay_0,AVC,HFR,396p,600
