,video,mos,content,codec,fr,res,bitrate
0,USOpen_AVC_HFR_396p_600K_12,47.34526578660594,USOpen_12,AVC,HFR,396p,600
1,Cricket1_AVC_HFR_288p_300K_198,35.65598288177762,Cricket1_198,AVC,HFR,288p,300
2,EPLDay_SRC_SRC_SRC_SRC_20,73.7853694004891,EPLDay_20,SRC,SRC,SRC,100000
3,Cricket1_HEVC_HFR_396p_900K_198,42.98071504972857,Cricket1_198,HEVC,HFR,396p,900
4,TNFNFL_AVC_SFR_396p_800K_3184,43.35431886402826,TNFNFL_3184,AVC,SFR,396p,800
5,Cricket1_HEVC_SFR_720p_2200K_198,58.37446768278655,Cricket1_198,HEVC,SFR,720p,2200
6,EPLDay_HEVC_SFR_396p_600K_20,41.417676874861215,EPLDay_20,HEVC,SFR,396p,600
7,Cricket1_HEVC_HFR_540p_1100K_198,48.74976506785978,Cricket1_198,HEVC,HFR,540p,1100
8,TNFNFL_AVC_SFR_720p_2000K_3184,57.52061001079088,TNFNFL_3184,AVC,SFR,720p,2000
9,USOpen_SRC_SRC_SRC_SRC_12,69.09485051951994,USOpen_12,SRC,SRC,SRC,100000
10,EPLDay_HEVC_SFR_396p_900K_20,46.258037204035546,EPLDay_20,HEVC,SFR,396p,900
11,Cricket1_HEVC_HFR_288p_300K_198,36.87098451666328,Cricket1_198,HEVC,HFR,288p,300
12,EPLDay_AVC_SFR_288p_200K_20,22.65629784100094,EPLDay_20,AVC,SFR,288p,200
13,USOpen_HEVC_SFR_288p_300K_12,39.41191970539964,USOpen_12,HEVC,SFR,288p,300
14,TNFF_HEVC_SFR_720p_2200K_32,72.3118737612069,TNFF_32,HEVC,SFR,720p,2200
15,Cricket1_SRC_SRC_SRC_SRC_198,56.94194522645253,Cricket1_198,SRC,SRC,SRC,100000
16,TNFF_AVC_SFR_396p_800K_32,48.59251020535533,TNFF_32,AVC,SFR,396p,800
17,USOpen_AVC_HFR_720p_2200K_12,59.307732028680086,USOpen_12,AVC,HFR,720p,2200
18,TNFF_AVC_HFR_540p_1900K_32,58.941048893556044,TNFF_32,AVC,HFR,540p,1900
19,TNFNFL_AVC_SFR_540p_1800K_3184,56.017085754564285,TNFNFL_3184,AVC,SFR,540p,1800
20,TNFF_HEVC_HFR_540p_1100K_32,59.65103635853493,TNFF_32,HEVC,HFR,540p,1100
21,EPLDay_AVC_HFR_288p_300K_20,24.569255299006716,EPLDay_20,AVC,HFR,288p,300
22,Cricket1_AVC_SFR_288p_200K_198,27.459191480463527,Cricket1_198,AVC,SFR,288p,200
23,TNFF_AVC_SFR_288p_200K_32,27.598016128981392,TNFF_32,AVC,SFR,288p,200
24,Cricket1_AVC_SFR_540p_1200K_198,51.53100772389162,Cricket1_198,AVC,SFR,540p,1200
25,TNFF_AVC_HFR_720p_2200K_32,65.10193321859555,TNFF_32,AVC,HFR,720p,2200
26,Cricket1_HEVC_SFR_396p_900K_198,47.52691443624233,Cricket1_198,HEVC,SFR,396p,900
27,TNFNFL_AVC_HFR_396p_600K_3184,38.333161245243495,TNFNFL_3184,AVC,HFR,396p,600
28,Cricket1_HEVC_SFR_288p_300K_198,41.207281025437155,Cricket1_198,HEVC,SFR,288p,300
29,TNFF_HEVC_HFR_288p_300K_32,40.98776220369314,TNFF_32,HEVC,HFR,288p,300
30,TNFNFL_HEVC_SFR_540p_1100K_3184,53.10045209326691,TNFNFL_3184,HEVC,SFR,540p,1100
31,EPLDay_AVC_HFR_540p_1900K_20,52.9697814010593,EPLDay_20,AVC,HFR,540p,1900
32,USOpen_AVC_SFR_396p_800K_12,52.88559716748072,USOpen_12,AVC,SFR,396p,800
33,TNFNFL_HEVC_SFR_288p_300K_3184,34.09881011728312,TNFNFL_3184,HEVC,SFR,288p,300
34,USOpen_AVC_SFR_288p_200K_12,38.09940474050704,USOpen_12,AVC,SFR,288p,200
35,TNFF_AVC_HFR_396p_900K_32,48.31310054622183,TNFF_32,AVC,HFR,396p,900
36,USOpen_HEVC_HFR_540p_1900K_12,58.39543018184179,USOpen_12,HEVC,HFR,540p,1900
37,TNFNFL_HEVC_HFR_396p_600K_3184,45.02302466802212,TNFNFL_3184,HEVC,HFR,396p,600
38,TNFF_AVC_SFR_720p_2000K_32,64.22430544695405,TNFF_32,AVC,SFR,720p,2000
39,EPLDay_AVC_HFR_396p_900K_20,46.96943451131335,EPLDay_20,AVC,HFR,396p,900
40,TNFF_HEVC_HFR_540p_1900K_32,65.96098405342265,TNFF_32,HEVC,HFR,540p,1900
41,EPLDay_HEVC_HFR_540p_1900K_20,51.2982655953378,EPLDay_20,HEVC,HFR,540p,1900
42,Cricket1_HEVC_SFR_396p_600K_198,47.994667923428715,Cricket1_198,HEVC,SFR,396p,600
43,USOpen_AVC_HFR_288p_300K_12,40.74826818199518,USOpen_12,AVC,HFR,288p,300
44,TNFF_AVC_SFR_540p_1200K_32,55.80956837348814,TNFF_32,AVC,SFR,540p,1200
45,USOpen_HEVC_HFR_396p_900K_12,51.82791992653271,USOpen_12,HEVC,HFR,396p,900
46,TNFNFL_AVC_SFR_540p_1200K_3184,51.19157751291674,TNFNFL_3184,AVC,SFR,540p,1200
47,USOpen_HEVC_HFR_396p_600K_12,49.14830068124495,USOpen_12,HEVC,HFR,396p,600
48,TNFF_HEVC_HFR_720p_2200K_32,63.847599338793955,TNFF_32,HEVC,HFR,720p,2200
49,USOpen_HEVC_SFR_396p_900K_12,49.15490303322456,USOpen_12,HEVC,SFR,396p,900
50,EPLDay_HEVC_SFR_720p_2200K_20,55.94139376531219,EPLDay_20,HEVC,SFR,720p,2200
51,TNFF_AVC_SFR_540p_1800K_32,61.204119052661305,TNFF_32,AVC,SFR,540p,1800
52,EPLDay_AVC_HFR_540p_1300K_20,51.779911984035195,EPLDay_20,AVC,HFR,540p,1300
53,TNFF_AVC_HFR_396p_600K_32,43.489352269544774,TNFF_32,AVC,HFR,396p,600
54,USOpen_HEVC_SFR_540p_1100K_12,57.451485132285924,USOpen_12,HEVC,SFR,540p,1100
55,TNFNFL_HEVC_HFR_540p_1900K_3184,53.849726563319344,TNFNFL_3184,HEVC,HFR,540p,1900
56,USOpen_HEVC_HFR_720p_2200K_12,61.99693765734405,USOpen_12,HEVC,HFR,720p,2200
57,EPLDay_HEVC_HFR_288p_300K_20,31.513549297878523,EPLDay_20,HEVC,HFR,288p,300
58,Cricket1_AVC_HFR_540p_1900K_198,55.54228672684549,Cricket1_198,AVC,HFR,540p,1900
59,TNFNFL_AVC_HFR_540p_1300K_3184,50.632391136264715,TNFNFL_3184,AVC,HFR,540p,1300
60,EPLDay_AVC_HFR_720p_2200K_20,57.703945814622834,EPLDay_20,AVC,HFR,720p,2200
61,TNFNFL_HEVC_HFR_720p_2200K_3184,55.35883032650711,TNFNFL_3184,HEVC,HFR,720p,2200
62,USOpen_AVC_HFR_396p_900K_12,50.57358235194305,USOpen_12,AVC,HFR,396p,900
63,EPLDay_HEVC_SFR_540p_1100K_20,48.40731600310951,EPLDay_20,HEVC,SFR,540p,1100
64,USOpen_AVC_SFR_540p_1800K_12,58.96567451149572,USOpen_12,AVC,SFR,540p,1800
65,EPLDay_AVC_SFR_720p_2000K_20,56.570176300542926,EPLDay_20,AVC,SFR,720p,2000
66,Cricket1_HEVC_HFR_396p_600K_198,41.99785983745881,Cricket1_198,HEVC,HFR,396p,600
67,USOpen_HEVC_SFR_720p_2200K_12,56.99884124421285,USOpen_12,HEVC,SFR,720p,2200
68,TNFNFL_AVC_HFR_540p_1900K_3184,54.74640418955409,TNFNFL_3184,AVC,HFR,540p,1900
69,EPLDay_AVC_SFR_396p_800K_20,39.22306537891544,EPLDay_20,AVC,SFR,396p,800
70,USOpen_HEVC_SFR_540p_1900K_12,58.06040009455939,USOpen_12,HEVC,SFR,540p,1900
71,TNFNFL_HEVC_SFR_396p_600K_3184,48.34994137253485,TNFNFL_3184,HEVC,SFR,396p,600
72,EPLDay_AVC_SFR_540p_1800K_20,55.56588227400424,EPLDay_20,AVC,SFR,540p,1800
73,TNFNFL_HEVC_HFR_288p_300K_3184,30.165766551461957,TNFNFL_3184,HEVC,HFR,288p,300
74,USOpen_HEVC_SFR_396p_600K_12,50.42113931425762,USOpen_12,HEVC,SFR,396p,600
75,Cricket1_AVC_HFR_396p_600K_198,40.88153723990512,Cricket1_198,AVC,HFR,396p,600
76,TNFNFL_AVC_HFR_720p_2200K_3184,54.8658659877154,TNFNFL_3184,AVC,HFR,720p,2200
77,Cricket1_HEVC_SFR_540p_1100K_198,52.054900416472115,Cricket1_198,HEVC,SFR,540p,1100
78,TNFNFL_AVC_HFR_396p_900K_3184,46.808878978657766,TNFNFL_3184,AVC,HFR,396p,900
79,TNFF_HEVC_HFR_396p_900K_32,51.712637385429346,TNFF_32,HEVC,HFR,396p,900
80,TNFNFL_HEVC_SFR_540p_1900K_3184,47.845539765061254,TNFNFL_3184,HEVC,SFR,540p,1900
81,EPLDay_AVC_SFR_396p_400K_20,32.52055977802808,EPLDay_20,AVC,SFR,396p,400
82,Cricket1_HEVC_HFR_720p_2200K_198,50.31148120636147,Cricket1_198,HEVC,HFR,720p,2200
83,EPLDay_HEVC_SFR_288p_300K_20,30.435150633306378,EPLDay_20,HEVC,SFR,288p,300
84,TNFF_SRC_SRC_SRC_SRC_32,76.55439893775397,TNFF_32,SRC,SRC,SRC,100000
85,Cricket1_HEVC_HFR_540p_1900K_198,52.97554860535125,Cricket1_198,HEVC,HFR,540p,1900
86,TNFNFL_HEVC_HFR_540p_1100K_3184,50.38511619412304,TNFNFL_3184,HEVC,HFR,540p,1100
87,Cricket1_AVC_HFR_720p_2200K_198,55.800680386600426,Cricket1_198,AVC,HFR,720p,2200
88,TNFF_HEVC_SFR_540p_1100K_32,62.40378553814935,TNFF_32,HEVC,SFR,540p,1100
89,USOpen_HEVC_HFR_540p_1100K_12,56.58998637596495,USOpen_12,HEVC,HFR,540p,1100
90,TNFF_HEVC_SFR_288p_300K_32,42.241955951813424,TNFF_32,HEVC,SFR,288p,300
91,TNFNFL_HEVC_HFR_396p_900K_3184,45.21302656095442,TNFNFL_3184,HEVC,HFR,396p,900
92,EPLDay_AVC_HFR_396p_600K_20,35.706384689814435,EPLDay_20,AVC,HFR,396p,600
93,USOpen_AVC_SFR_396p_400K_12,48.36874199912625,USOpen_12,AVC,SFR,396p,400
94,EPLDay_HEVC_HFR_720p_2200K_20,63.49569994779468,EPLDay_20,HEVC,HFR,720p,2200
95,TNFF_HEVC_SFR_540p_1900K_32,65.34182712167096,TNFF_32,HEVC,SFR,540p,1900
96,EPLDay_HEVC_HFR_396p_600K_20,44.61734371201267,EPLDay_20,HEVC,HFR,396p,600
97,Cricket1_AVC_SFR_396p_800K_198,43.617006769179554,Cricket1_198,AVC,SFR,396p,800
98,USOpen_AVC_HFR_540p_1900K_12,57.19402990782805,USOpen_12,AVC,HFR,540p,1900
99,Cricket1_AVC_HFR_540p_1300K_198,49.65265737598775,Cricket1_198,AVC,HFR,540p,1300
100,TNFNFL_HEVC_SFR_396p_900K_3184,48.76468910730429,TNFNFL_3184,HEVC,SFR,396p,900
101,Cricket1_AVC_SFR_720p_2000K_198,56.67293491304203,Cricket1_198,AVC,SFR,720p,2000
102,TNFF_AVC_HFR_540p_1300K_32,57.49055730469927,TNFF_32,AVC,HFR,540p,1300
103,USOpen_AVC_SFR_720p_2000K_12,63.544375922019526,USOpen_12,AVC,SFR,720p,2000
104,EPLDay_AVC_SFR_540p_1200K_20,49.4733384074051,EPLDay_20,AVC,SFR,540p,1200
105,Cricket1_AVC_SFR_540p_1800K_198,51.101278728683724,Cricket1_198,AVC,SFR,540p,1800
106,TNFNFL_AVC_SFR_396p_400K_3184,36.21401177093489,TNFNFL_3184,AVC,SFR,396p,400
107,USOpen_HEVC_HFR_288p_300K_12,42.93741208363334,USOpen_12,HEVC,HFR,288p,300
108,TNFF_HEVC_SFR_396p_600K_32,48.03388805734513,TNFF_32,HEVC,SFR,396p,600
109,TNFNFL_AVC_SFR_288p_200K_3184,28.484277883031055,TNFNFL_3184,AVC,SFR,288p,200
110,Cricket1_HEVC_SFR_540p_1900K_198,57.08365203531057,Cricket1_198,HEVC,SFR,540p,1900
111,TNFNFL_SRC_SRC_SRC_SRC_3184,63.799969836157736,TNFNFL_3184,SRC,SRC,SRC,100000
112,Cricket1_AVC_HFR_396p_900K_198,46.14903103496794,Cricket1_198,AVC,HFR,396p,900
113,EPLDay_HEVC_HFR_540p_1100K_20,53.12350344324581,EPLDay_20,HEVC,HFR,540p,1100
114,TNFF_HEVC_HFR_396p_600K_32,53.21422207645097,TNFF_32,HEVC,HFR,396p,600
115,EPLDay_HEVC_HFR_396p_900K_20,45.55588086864963,EPLDay_20,HEVC,HFR,396p,900
116,TNFF_AVC_HFR_288p_300K_32,36.0130977949519,TNFF_32,AVC,HFR,288p,300
117,TNFNFL_HEVC_SFR_720p_2200K_3184,62.74235251472896,TNFNFL_3184,HEVC,SFR,720p,2200
118,TNFF_AVC_SFR_396p_400K_32,43.80496222493481,TNFF_32,AVC,SFR,396p,400
119,EPLDay_HEVC_SFR_540p_1900K_20,56.02703263879394,EPLDay_20,HEVC,SFR,540p,1900
120,USOpen_AVC_SFR_540p_1200K_12,55.226127745074294,USOpen_12,AVC,SFR,540p,1200
121,TNFF_HEVC_SFR_396p_900K_32,56.866506355083594,TNFF_32,HEVC,SFR,396p,900
122,Cricket1_AVC_SFR_396p_400K_198,40.00286013047206,Cricket1_198,AVC,SFR,396p,400
123,TNFNFL_AVC_HFR_288p_300K_3184,34.09385891267558,TNFNFL_3184,AVC,HFR,288p,300
124,USOpen_AVC_HFR_540p_1300K_12,56.537668174548,USOpen_12,AVC,HFR,540p,1300
125,USOpen_AVC_HFR_396p_600K_176,46.42707682142858,USOpen_176,AVC,HFR,396p,600
126,EPLDay_HEVC_HFR_288p_300K_48,33.200971571428575,EPLDay_48,HEVC,HFR,288p,300
127,EPLNight_SRC_SRC_SRC_SRC_20,78.38185939285714,EPLNight_20,SRC,SRC,SRC,100000
128,EPLDay_AVC_SFR_288p_200K_48,28.995150363636366,EPLDay_48,AVC,SFR,288p,200
129,Cricket2_AVC_SFR_396p_800K_120,46.41574857142856,Cricket2_120,AVC,SFR,396p,800
130,EPLDay_HEVC_SFR_720p_2200K_48,60.735490178571446,EPLDay_48,HEVC,SFR,720p,2200
131,EPLNight_HEVC_SFR_540p_1100K_20,52.18293046428571,EPLNight_20,HEVC,SFR,540p,1100
132,EPLDay_AVC_SFR_396p_400K_48,37.87147669565217,EPLDay_48,AVC,SFR,396p,400
133,Cricket2_HEVC_HFR_540p_1100K_120,52.170867464285706,Cricket2_120,HEVC,HFR,540p,1100
134,USOpen_SRC_SRC_SRC_SRC_176,73.77302881481481,USOpen_176,SRC,SRC,SRC,100000
135,EPLNight_HEVC_SFR_396p_600K_20,46.47103489285714,EPLNight_20,HEVC,SFR,396p,600
136,EPLDay_AVC_HFR_288p_300K_48,38.259488964285715,EPLDay_48,AVC,HFR,288p,300
137,EPLNight_AVC_SFR_396p_400K_20,42.54767232142858,EPLNight_20,AVC,SFR,396p,400
138,USOpen_HEVC_SFR_288p_300K_176,38.02576035714286,USOpen_176,HEVC,SFR,288p,300
139,TNFF_HEVC_SFR_720p_2200K_304,66.90271232142858,TNFF_304,HEVC,SFR,720p,2200
140,EPLDay_SRC_SRC_SRC_SRC_48,74.18109921428571,EPLDay_48,SRC,SRC,SRC,100000
141,TNFF_AVC_SFR_396p_800K_304,44.20106910714286,TNFF_304,AVC,SFR,396p,800
142,USOpen_AVC_HFR_720p_2200K_176,65.07862710714286,USOpen_176,AVC,HFR,720p,2200
143,TNFF_AVC_HFR_540p_1900K_304,56.35809939285714,TNFF_304,AVC,HFR,540p,1900
144,Cricket2_HEVC_HFR_396p_600K_120,42.61669382142857,Cricket2_120,HEVC,HFR,396p,600
145,TNFF_HEVC_HFR_540p_1100K_304,50.95181932142857,TNFF_304,HEVC,HFR,540p,1100
146,EPLNight_AVC_HFR_396p_600K_20,40.71527214285714,EPLNight_20,AVC,HFR,396p,600
147,EPLDay_HEVC_HFR_540p_1900K_48,55.56474678571429,EPLDay_48,HEVC,HFR,540p,1900
148,TNFF_AVC_SFR_288p_200K_304,27.14644170714286,TNFF_304,AVC,SFR,288p,200
149,EPLDay_HEVC_SFR_396p_900K_48,48.60711760714286,EPLDay_48,HEVC,SFR,396p,900
150,TNFF_AVC_HFR_720p_2200K_304,60.72932792857143,TNFF_304,AVC,HFR,720p,2200
151,EPLDay_AVC_SFR_540p_1200K_48,51.28383728571429,EPLDay_48,AVC,SFR,540p,1200
152,Cricket2_AVC_HFR_396p_600K_120,39.532369464285715,Cricket2_120,AVC,HFR,396p,600
153,EPLDay_AVC_HFR_540p_1900K_48,56.16985317857143,EPLDay_48,AVC,HFR,540p,1900
154,TNFF_HEVC_HFR_288p_300K_304,31.530837285714284,TNFF_304,HEVC,HFR,288p,300
155,Cricket2_HEVC_SFR_396p_900K_120,51.655947142857144,Cricket2_120,HEVC,SFR,396p,900
156,EPLNight_AVC_HFR_540p_1900K_20,56.881723714285705,EPLNight_20,AVC,HFR,540p,1900
157,USOpen_AVC_SFR_396p_800K_176,48.31826814285714,USOpen_176,AVC,SFR,396p,800
158,Cricket2_HEVC_HFR_396p_900K_120,47.40617839285714,Cricket2_120,HEVC,HFR,396p,900
159,USOpen_AVC_SFR_288p_200K_176,32.28586221428572,USOpen_176,AVC,SFR,288p,200
160,TNFF_AVC_HFR_396p_900K_304,45.47369435714286,TNFF_304,AVC,HFR,396p,900
161,USOpen_HEVC_HFR_540p_1900K_176,58.52731299999999,USOpen_176,HEVC,HFR,540p,1900
162,Cricket2_AVC_SFR_540p_1800K_120,49.65272542857142,Cricket2_120,AVC,SFR,540p,1800
163,TNFF_AVC_SFR_720p_2000K_304,62.11683989285715,TNFF_304,AVC,SFR,720p,2000
164,EPLNight_AVC_SFR_288p_200K_20,30.35113517857143,EPLNight_20,AVC,SFR,288p,200
165,TNFF_HEVC_HFR_540p_1900K_304,57.49422178571429,TNFF_304,HEVC,HFR,540p,1900
166,EPLNight_HEVC_HFR_396p_600K_20,45.330397964285716,EPLNight_20,HEVC,HFR,396p,600
167,EPLDay_AVC_HFR_720p_2200K_48,65.18137857142857,EPLDay_48,AVC,HFR,720p,2200
168,USOpen_AVC_HFR_288p_300K_176,34.38475853571429,USOpen_176,AVC,HFR,288p,300
169,TNFF_AVC_SFR_540p_1200K_304,52.91222814285714,TNFF_304,AVC,SFR,540p,1200
170,USOpen_HEVC_HFR_396p_900K_176,51.74050900000001,USOpen_176,HEVC,HFR,396p,900
171,Cricket2_AVC_HFR_720p_2200K_120,51.43954503571428,Cricket2_120,AVC,HFR,720p,2200
172,USOpen_HEVC_HFR_396p_600K_176,45.741097642857135,USOpen_176,HEVC,HFR,396p,600
173,TNFF_HEVC_HFR_720p_2200K_304,63.98085553571429,TNFF_304,HEVC,HFR,720p,2200
174,USOpen_HEVC_SFR_396p_900K_176,48.996734964285714,USOpen_176,HEVC,SFR,396p,900
175,EPLNight_HEVC_SFR_540p_1900K_20,57.96160214285714,EPLNight_20,HEVC,SFR,540p,1900
176,TNFF_AVC_SFR_540p_1800K_304,59.43016782142856,TNFF_304,AVC,SFR,540p,1800
177,EPLNight_AVC_HFR_540p_1300K_20,54.082760214285706,EPLNight_20,AVC,HFR,540p,1300
178,TNFF_AVC_HFR_396p_600K_304,44.96350332142857,TNFF_304,AVC,HFR,396p,600
179,USOpen_HEVC_SFR_540p_1100K_176,50.04076542857143,USOpen_176,HEVC,SFR,540p,1100
180,Cricket2_HEVC_HFR_540p_1900K_120,53.38826617857143,Cricket2_120,HEVC,HFR,540p,1900
181,USOpen_HEVC_HFR_720p_2200K_176,67.0150462142857,USOpen_176,HEVC,HFR,720p,2200
182,EPLNight_HEVC_HFR_288p_300K_20,34.72264957142857,EPLNight_20,HEVC,HFR,288p,300
183,EPLDay_AVC_HFR_396p_900K_48,47.964800107142864,EPLDay_48,AVC,HFR,396p,900
184,Cricket2_AVC_SFR_396p_400K_120,40.71816885714286,Cricket2_120,AVC,SFR,396p,400
185,EPLNight_AVC_SFR_396p_800K_20,45.25100957142856,EPLNight_20,AVC,SFR,396p,800
186,Cricket2_HEVC_SFR_720p_2200K_120,57.29251571428573,Cricket2_120,HEVC,SFR,720p,2200
187,USOpen_AVC_HFR_396p_900K_176,46.81862764285713,USOpen_176,AVC,HFR,396p,900
188,EPLNight_AVC_HFR_288p_300K_20,34.45382264285714,EPLNight_20,AVC,HFR,288p,300
189,USOpen_AVC_SFR_540p_1800K_176,53.680140535714294,USOpen_176,AVC,SFR,540p,1800
190,EPLNight_AVC_SFR_720p_2000K_20,61.64819899999999,EPLNight_20,AVC,SFR,720p,2000
191,EPLDay_AVC_HFR_396p_600K_48,41.80653782142857,EPLDay_48,AVC,HFR,396p,600
192,USOpen_HEVC_SFR_720p_2200K_176,62.616022464285706,USOpen_176,HEVC,SFR,720p,2200
193,Cricket2_AVC_HFR_540p_1900K_120,51.03987750000001,Cricket2_120,AVC,HFR,540p,1900
194,EPLNight_AVC_SFR_540p_1200K_20,52.969865285714285,EPLNight_20,AVC,SFR,540p,1200
195,USOpen_HEVC_SFR_540p_1900K_176,57.74019675,USOpen_176,HEVC,SFR,540p,1900
196,Cricket2_HEVC_SFR_396p_600K_120,45.76002564285715,Cricket2_120,HEVC,SFR,396p,600
197,EPLNight_AVC_SFR_540p_1800K_20,55.533356964285716,EPLNight_20,AVC,SFR,540p,1800
198,Cricket2_AVC_SFR_540p_1200K_120,49.604230821428565,Cricket2_120,AVC,SFR,540p,1200
199,USOpen_HEVC_SFR_396p_600K_176,48.282485821428565,USOpen_176,HEVC,SFR,396p,600
200,EPLDay_HEVC_HFR_396p_900K_48,44.37020042857143,EPLDay_48,HEVC,HFR,396p,900
201,Cricket2_HEVC_HFR_288p_300K_120,33.26384921428571,Cricket2_120,HEVC,HFR,288p,300
202,EPLDay_AVC_SFR_720p_2000K_48,63.080566000000005,EPLDay_48,AVC,SFR,720p,2000
203,Cricket2_AVC_SFR_288p_200K_120,30.17583817857143,Cricket2_120,AVC,SFR,288p,200
204,TNFF_HEVC_HFR_396p_900K_304,43.955741428571436,TNFF_304,HEVC,HFR,396p,900
205,Cricket2_HEVC_SFR_540p_1100K_120,52.86969271428571,Cricket2_120,HEVC,SFR,540p,1100
206,EPLNight_AVC_HFR_720p_2200K_20,65.99971000000001,EPLNight_20,AVC,HFR,720p,2200
207,EPLDay_AVC_SFR_396p_800K_48,47.48222054166666,EPLDay_48,AVC,SFR,396p,800
208,EPLNight_HEVC_SFR_288p_300K_20,35.18055325,EPLNight_20,HEVC,SFR,288p,300
209,TNFF_SRC_SRC_SRC_SRC_304,70.08825703571428,TNFF_304,SRC,SRC,SRC,100000
210,EPLDay_AVC_SFR_540p_1800K_48,54.22769710714285,EPLDay_48,AVC,SFR,540p,1800
211,Cricket2_HEVC_SFR_288p_300K_120,36.43860064285714,Cricket2_120,HEVC,SFR,288p,300
212,EPLDay_AVC_HFR_540p_1300K_48,54.19487457142857,EPLDay_48,AVC,HFR,540p,1300
213,TNFF_HEVC_SFR_540p_1100K_304,57.69970225000001,TNFF_304,HEVC,SFR,540p,1100
214,USOpen_HEVC_HFR_540p_1100K_176,53.926779107142856,USOpen_176,HEVC,HFR,540p,1100
215,TNFF_HEVC_SFR_288p_300K_304,32.621873375,TNFF_304,HEVC,SFR,288p,300
216,Cricket2_AVC_SFR_720p_2000K_120,52.72325935714285,Cricket2_120,AVC,SFR,720p,2000
217,EPLNight_AVC_HFR_396p_900K_20,47.34719067857143,EPLNight_20,AVC,HFR,396p,900
218,USOpen_AVC_SFR_396p_400K_176,41.81528264285714,USOpen_176,AVC,SFR,396p,400
219,EPLNight_HEVC_HFR_720p_2200K_20,64.13888439285715,EPLNight_20,HEVC,HFR,720p,2200
220,TNFF_HEVC_SFR_540p_1900K_304,58.41455383214286,TNFF_304,HEVC,SFR,540p,1900
221,EPLNight_HEVC_HFR_540p_1100K_20,55.28298592857142,EPLNight_20,HEVC,HFR,540p,1100
222,EPLDay_HEVC_HFR_540p_1100K_48,55.86629607142857,EPLDay_48,HEVC,HFR,540p,1100
223,USOpen_AVC_HFR_540p_1900K_176,53.57357853571428,USOpen_176,AVC,HFR,540p,1900
224,EPLDay_HEVC_SFR_540p_1100K_48,50.64208960714285,EPLDay_48,HEVC,SFR,540p,1100
225,Cricket2_HEVC_HFR_720p_2200K_120,55.8601625,Cricket2_120,HEVC,HFR,720p,2200
226,EPLDay_HEVC_SFR_540p_1900K_48,54.299295392857154,EPLDay_48,HEVC,SFR,540p,1900
227,TNFF_AVC_HFR_540p_1300K_304,50.816343285714304,TNFF_304,AVC,HFR,540p,1300
228,USOpen_AVC_SFR_720p_2000K_176,60.51952892857141,USOpen_176,AVC,SFR,720p,2000
229,EPLNight_HEVC_SFR_720p_2200K_20,64.61642539285714,EPLNight_20,HEVC,SFR,720p,2200
230,EPLDay_HEVC_SFR_396p_600K_48,46.28124032142857,EPLDay_48,HEVC,SFR,396p,600
231,Cricket2_AVC_HFR_540p_1300K_120,47.64887925,Cricket2_120,AVC,HFR,540p,1300
232,USOpen_HEVC_HFR_288p_300K_176,36.792378035714286,USOpen_176,HEVC,HFR,288p,300
233,TNFF_HEVC_SFR_396p_600K_304,45.39586839285714,TNFF_304,HEVC,SFR,396p,600
234,Cricket2_AVC_HFR_396p_900K_120,45.61862478571429,Cricket2_120,AVC,HFR,396p,900
235,EPLDay_HEVC_HFR_720p_2200K_48,64.94516739285714,EPLDay_48,HEVC,HFR,720p,2200
236,Cricket2_SRC_SRC_SRC_SRC_120,61.50521800000001,Cricket2_120,SRC,SRC,SRC,100000
237,EPLDay_HEVC_SFR_288p_300K_48,37.16591296428572,EPLDay_48,HEVC,SFR,288p,300
238,EPLNight_HEVC_HFR_540p_1900K_20,56.72069835714286,EPLNight_20,HEVC,HFR,540p,1900
239,TNFF_HEVC_HFR_396p_600K_304,36.75802289285715,TNFF_304,HEVC,HFR,396p,600
240,EPLNight_HEVC_HFR_396p_900K_20,47.910870964285714,EPLNight_20,HEVC,HFR,396p,900
241,TNFF_AVC_HFR_288p_300K_304,29.47543685,TNFF_304,AVC,HFR,288p,300
242,Cricket2_HEVC_SFR_540p_1900K_120,54.427150964285715,Cricket2_120,HEVC,SFR,540p,1900
243,TNFF_AVC_SFR_396p_400K_304,39.50901232142858,TNFF_304,AVC,SFR,396p,400
244,EPLNight_HEVC_SFR_396p_900K_20,49.40166267857143,EPLNight_20,HEVC,SFR,396p,900
245,USOpen_AVC_SFR_540p_1200K_176,52.235322214285716,USOpen_176,AVC,SFR,540p,1200
246,TNFF_HEVC_SFR_396p_900K_304,47.014259749999994,TNFF_304,HEVC,SFR,396p,900
247,EPLDay_HEVC_HFR_396p_600K_48,42.139569107142854,EPLDay_48,HEVC,HFR,396p,600
248,Cricket2_AVC_HFR_288p_300K_120,36.226991035714285,Cricket2_120,AVC,HFR,288p,300
249,USOpen_AVC_HFR_540p_1300K_176,56.53087907142857,USOpen_176,AVC,HFR,540p,1300
250,EPLDay_AVC_HFR_540p_1900K_0,50.666054137931035,EPLDay_0,AVC,HFR,540p,1900
251,Cricket1_HEVC_SFR_396p_900K_86,54.58501513793104,Cricket1_86,HEVC,SFR,396p,900
252,EPLDay_HEVC_HFR_288p_300K_8,49.359348628738616,EPLDay_8,HEVC,HFR,288p,300
253,USOpen_AVC_SFR_540p_1800K_0,48.23642978434014,USOpen_0,AVC,SFR,540p,1800
254,EPLDay_HEVC_HFR_396p_900K_8,45.45318697681996,EPLDay_8,HEVC,HFR,396p,900
255,TNFNFL_AVC_SFR_540p_1200K_0,46.65608460010045,TNFNFL_0,AVC,SFR,540p,1200
256,EPLDay_AVC_HFR_540p_1900K_8,51.352421062242044,EPLDay_8,AVC,HFR,540p,1900
257,Cricket1_AVC_HFR_720p_2200K_86,51.858348520103796,Cricket1_86,AVC,HFR,720p,2200
258,EPLNight_SRC_SRC_SRC_SRC_0,52.77880356206896,EPLNight_0,SRC,SRC,SRC,100000
259,USOpen_HEVC_SFR_540p_1100K_166,55.35178544217993,USOpen_166,HEVC,SFR,540p,1100
260,EPLDay_HEVC_SFR_720p_2200K_8,47.40031094311116,EPLDay_8,HEVC,SFR,720p,2200
261,TNFF_HEVC_HFR_396p_900K_144,50.12525156156557,TNFF_144,HEVC,HFR,396p,900
262,Cricket1_HEVC_HFR_720p_2200K_86,48.315614236281775,Cricket1_86,HEVC,HFR,720p,2200
263,TNFF_AVC_HFR_540p_1900K_16,50.85052686497682,TNFF_16,AVC,HFR,540p,1900
264,TNFF_AVC_SFR_540p_1200K_144,51.75755933915226,TNFF_144,AVC,SFR,540p,1200
265,TNFNFL_HEVC_HFR_396p_600K_0,44.48581499606917,TNFNFL_0,HEVC,HFR,396p,600
266,EPLDay_HEVC_HFR_540p_1100K_8,54.738660427038226,EPLDay_8,HEVC,HFR,540p,1100
267,Cricket1_AVC_SFR_396p_800K_86,44.864481753034084,Cricket1_86,AVC,SFR,396p,800
268,USOpen_AVC_HFR_396p_600K_0,45.07116086134398,USOpen_0,AVC,HFR,396p,600
269,EPLDay_HEVC_SFR_288p_300K_0,45.095717046865246,EPLDay_0,HEVC,SFR,288p,300
270,TNFF_HEVC_HFR_720p_2200K_144,49.14695669399548,TNFF_144,HEVC,HFR,720p,2200
271,USOpen_AVC_HFR_540p_1300K_0,49.52366685343713,USOpen_0,AVC,HFR,540p,1300
272,TNFF_AVC_SFR_396p_800K_16,52.03839918864593,TNFF_16,AVC,SFR,396p,800
273,USOpen_AVC_SFR_288p_200K_0,44.67213914876588,USOpen_0,AVC,SFR,288p,200
274,EPLDay_AVC_SFR_540p_1800K_8,45.33018982801064,EPLDay_8,AVC,SFR,540p,1800
275,TNFNFL_AVC_SFR_396p_400K_0,50.073176644365546,TNFNFL_0,AVC,SFR,396p,400
276,EPLNight_AVC_SFR_720p_2000K_0,54.9892221724138,EPLNight_0,AVC,SFR,720p,2000
277,TNFNFL_AVC_HFR_540p_1900K_0,49.29923635343713,TNFNFL_0,AVC,HFR,540p,1900
278,EPLNight_AVC_SFR_288p_200K_0,45.24329111172561,EPLNight_0,AVC,SFR,288p,200
279,TNFF_AVC_HFR_396p_600K_16,54.121667446499075,TNFF_16,AVC,HFR,396p,600
280,Cricket2_HEVC_HFR_540p_1100K_90,48.91464724137931,Cricket2_90,HEVC,HFR,540p,1100
281,USOpen_HEVC_SFR_396p_600K_0,48.807872028193714,USOpen_0,HEVC,SFR,396p,600
282,TNFF_HEVC_HFR_288p_300K_16,40.75250017241379,TNFF_16,HEVC,HFR,288p,300
283,Cricket2_AVC_HFR_720p_2200K_90,51.483766900453375,Cricket2_90,AVC,HFR,720p,2200
284,USOpen_AVC_SFR_720p_2000K_166,54.57253208047731,USOpen_166,AVC,SFR,720p,2000
285,TNFF_AVC_HFR_720p_2200K_16,53.680705425383564,TNFF_16,AVC,HFR,720p,2200
286,EPLDay_HEVC_HFR_396p_900K_0,50.41582916433775,EPLDay_0,HEVC,HFR,396p,900
287,TNFF_AVC_SFR_288p_200K_144,48.4359016121983,TNFF_144,AVC,SFR,288p,200
288,Cricket1_AVC_HFR_288p_300K_86,45.9252679201239,Cricket1_86,AVC,HFR,288p,300
289,TNFF_AVC_SFR_396p_800K_144,45.568072829466594,TNFF_144,AVC,SFR,396p,800
290,EPLDay_HEVC_SFR_540p_1900K_8,48.96858071252,EPLDay_8,HEVC,SFR,540p,1900
291,Cricket2_AVC_SFR_396p_400K_90,46.53246872413794,Cricket2_90,AVC,SFR,396p,400
292,TNFNFL_AVC_SFR_288p_200K_0,49.27783748677045,TNFNFL_0,AVC,SFR,288p,200
293,Cricket2_HEVC_SFR_540p_1900K_90,49.88943353555522,Cricket2_90,HEVC,SFR,540p,1900
294,USOpen_AVC_HFR_540p_1300K_166,48.050935165814586,USOpen_166,AVC,HFR,540p,1300
295,EPLDay_HEVC_SFR_396p_600K_8,45.81704947918667,EPLDay_8,HEVC,SFR,396p,600
296,USOpen_AVC_SFR_396p_400K_166,49.09644743146376,USOpen_166,AVC,SFR,396p,400
297,Cricket1_HEVC_HFR_396p_900K_86,42.49305165343714,Cricket1_86,HEVC,HFR,396p,900
298,TNFF_AVC_HFR_540p_1300K_144,50.90599691897599,TNFF_144,AVC,HFR,540p,1300
299,EPLDay_HEVC_SFR_540p_1900K_0,53.821530971126975,EPLDay_0,HEVC,SFR,540p,1900
300,EPLNight_HEVC_HFR_540p_1900K_0,47.42770972649551,EPLNight_0,HEVC,HFR,540p,1900
301,Cricket2_HEVC_SFR_396p_900K_90,53.50084326895779,Cricket2_90,HEVC,SFR,396p,900
302,EPLNight_HEVC_HFR_720p_2200K_0,52.79153017241379,EPLNight_0,HEVC,HFR,720p,2200
303,Cricket2_AVC_SFR_540p_1800K_90,51.6508413616783,Cricket2_90,AVC,SFR,540p,1800
304,TNFF_AVC_SFR_540p_1200K_16,52.77392156828384,TNFF_16,AVC,SFR,540p,1200
305,TNFNFL_HEVC_SFR_396p_900K_0,47.18141958953245,TNFNFL_0,HEVC,SFR,396p,900
306,EPLDay_HEVC_HFR_396p_600K_0,50.588662004159694,EPLDay_0,HEVC,HFR,396p,600
307,USOpen_HEVC_SFR_720p_2200K_0,51.76253212068966,USOpen_0,HEVC,SFR,720p,2200
308,TNFF_AVC_HFR_396p_600K_144,44.133853980786135,TNFF_144,AVC,HFR,396p,600
309,TNFNFL_HEVC_HFR_720p_2200K_0,48.26751662008785,TNFNFL_0,HEVC,HFR,720p,2200
310,TNFF_AVC_HFR_540p_1300K_16,50.88188236235673,TNFF_16,AVC,HFR,540p,1300
311,USOpen_AVC_HFR_540p_1900K_0,52.45616853483616,USOpen_0,AVC,HFR,540p,1900
312,EPLNight_HEVC_HFR_288p_300K_0,52.49767461411946,EPLNight_0,HEVC,HFR,288p,300
313,EPLDay_HEVC_HFR_720p_2200K_8,49.36198193056546,EPLDay_8,HEVC,HFR,720p,2200
314,USOpen_AVC_SFR_540p_1200K_166,49.15768616436135,USOpen_166,AVC,SFR,540p,1200
315,Cricket1_SRC_SRC_SRC_SRC_86,54.13332550751849,Cricket1_86,SRC,SRC,SRC,100000
316,TNFF_AVC_SFR_396p_400K_16,44.16509002610369,TNFF_16,AVC,SFR,396p,400
317,Cricket2_HEVC_SFR_288p_300K_90,47.618247979303305,Cricket2_90,HEVC,SFR,288p,300
318,USOpen_AVC_HFR_720p_2200K_0,48.78269691411947,USOpen_0,AVC,HFR,720p,2200
319,EPLNight_AVC_SFR_540p_1200K_0,51.26555460367576,EPLNight_0,AVC,SFR,540p,1200
320,USOpen_HEVC_HFR_288p_300K_0,46.399142235407176,USOpen_0,HEVC,HFR,288p,300
321,EPLNight_HEVC_SFR_720p_2200K_0,55.44865671559618,EPLNight_0,HEVC,SFR,720p,2200
322,EPLDay_HEVC_HFR_288p_300K_0,47.98100658147069,EPLDay_0,HEVC,HFR,288p,300
323,TNFF_HEVC_SFR_720p_2200K_144,50.54816228677045,TNFF_144,HEVC,SFR,720p,2200
324,USOpen_HEVC_HFR_540p_1100K_0,54.92006905851643,USOpen_0,HEVC,HFR,540p,1100
325,TNFNFL_AVC_HFR_396p_600K_0,47.33844651446607,TNFNFL_0,AVC,HFR,396p,600
326,TNFF_HEVC_HFR_288p_300K_144,46.78459581353478,TNFF_144,HEVC,HFR,288p,300
327,TNFF_AVC_HFR_288p_300K_16,48.59262435618869,TNFF_16,AVC,HFR,288p,300
328,TNFF_HEVC_HFR_540p_1100K_144,52.961409425118546,TNFF_144,HEVC,HFR,540p,1100
329,EPLNight_AVC_HFR_540p_1300K_0,48.205623659873886,EPLNight_0,AVC,HFR,540p,1300
330,TNFF_HEVC_SFR_396p_600K_144,45.89067519880015,TNFF_144,HEVC,SFR,396p,600
331,USOpen_HEVC_SFR_540p_1900K_166,55.66180570324445,USOpen_166,HEVC,SFR,540p,1900
332,TNFF_AVC_HFR_396p_900K_144,48.66385094210223,TNFF_144,AVC,HFR,396p,900
333,TNFF_AVC_SFR_288p_200K_16,42.70967924137931,TNFF_16,AVC,SFR,288p,200
334,USOpen_HEVC_SFR_396p_900K_166,47.94888888725404,USOpen_166,HEVC,SFR,396p,900
335,USOpen_AVC_SFR_396p_800K_0,48.74718182203527,USOpen_0,AVC,SFR,396p,800
336,EPLDay_HEVC_HFR_720p_2200K_0,54.81344589655173,EPLDay_0,HEVC,HFR,720p,2200
337,Cricket1_HEVC_HFR_540p_1100K_86,53.144760496252516,Cricket1_86,HEVC,HFR,540p,1100
338,USOpen_HEVC_SFR_396p_900K_0,48.12251141919305,USOpen_0,HEVC,SFR,396p,900
339,TNFF_AVC_SFR_540p_1800K_144,49.166951261565565,TNFF_144,AVC,SFR,540p,1800
340,USOpen_AVC_SFR_396p_400K_0,49.30453711608191,USOpen_0,AVC,SFR,396p,400
341,TNFF_AVC_SFR_396p_400K_144,47.944397331200875,TNFF_144,AVC,SFR,396p,400
342,USOpen_AVC_SFR_720p_2000K_0,49.79519768677047,USOpen_0,AVC,SFR,720p,2000
343,EPLDay_HEVC_SFR_720p_2200K_0,53.82763677099864,EPLDay_0,HEVC,SFR,720p,2200
344,USOpen_AVC_HFR_288p_300K_0,52.67377599455871,USOpen_0,AVC,HFR,288p,300
345,EPLDay_HEVC_SFR_288p_300K_8,43.76825214540625,EPLDay_8,HEVC,SFR,288p,300
346,Cricket2_AVC_SFR_540p_1200K_90,48.11437314644471,Cricket2_90,AVC,SFR,540p,1200
347,EPLDay_SRC_SRC_SRC_SRC_0,54.36409160253972,EPLDay_0,SRC,SRC,SRC,100000
348,Cricket1_HEVC_SFR_540p_1100K_86,50.10990401364661,Cricket1_86,HEVC,SFR,540p,1100
349,EPLNight_HEVC_HFR_396p_600K_0,49.80599493926648,EPLNight_0,HEVC,HFR,396p,600
350,Cricket2_HEVC_SFR_720p_2200K_90,56.118471690547146,Cricket2_90,HEVC,SFR,720p,2200
351,USOpen_SRC_SRC_SRC_SRC_166,54.144829445721555,USOpen_166,SRC,SRC,SRC,100000
352,Cricket2_AVC_SFR_396p_800K_90,53.05987194692296,Cricket2_90,AVC,SFR,396p,800
353,USOpen_HEVC_HFR_720p_2200K_166,52.06501745343713,USOpen_166,HEVC,HFR,720p,2200
354,Cricket1_AVC_SFR_288p_200K_86,49.96881862691697,Cricket1_86,AVC,SFR,288p,200
355,USOpen_SRC_SRC_SRC_SRC_0,53.25841932467991,USOpen_0,SRC,SRC,SRC,100000
356,Cricket2_HEVC_HFR_288p_300K_90,44.95496079232701,Cricket2_90,HEVC,HFR,288p,300
357,TNFF_HEVC_HFR_396p_900K_16,48.00366921681426,TNFF_16,HEVC,HFR,396p,900
358,EPLDay_HEVC_HFR_540p_1900K_0,49.818518442425486,EPLDay_0,HEVC,HFR,540p,1900
359,TNFF_AVC_HFR_720p_2200K_144,51.428118724137946,TNFF_144,AVC,HFR,720p,2200
360,Cricket2_AVC_SFR_720p_2000K_90,55.31578231034483,Cricket2_90,AVC,SFR,720p,2000
361,Cricket1_HEVC_SFR_720p_2200K_86,50.88684184047724,Cricket1_86,HEVC,SFR,720p,2200
362,USOpen_HEVC_SFR_540p_1100K_0,52.55193323900826,USOpen_0,HEVC,SFR,540p,1100
363,EPLDay_HEVC_SFR_396p_900K_8,47.4569654137931,EPLDay_8,HEVC,SFR,396p,900
364,EPLNight_HEVC_HFR_396p_900K_0,50.18778546257833,EPLNight_0,HEVC,HFR,396p,900
365,USOpen_HEVC_SFR_288p_300K_166,46.27617252811786,USOpen_166,HEVC,SFR,288p,300
366,EPLNight_HEVC_SFR_396p_900K_0,53.577451719612355,EPLNight_0,HEVC,SFR,396p,900
367,TNFF_HEVC_HFR_720p_2200K_16,54.54018563766531,TNFF_16,HEVC,HFR,720p,2200
368,Cricket1_AVC_SFR_396p_400K_86,48.173715945018,Cricket1_86,AVC,SFR,396p,400
369,Cricket2_HEVC_SFR_540p_1100K_90,54.384382361733714,Cricket2_90,HEVC,SFR,540p,1100
370,TNFF_HEVC_SFR_720p_2200K_16,48.83472400433197,TNFF_16,HEVC,SFR,720p,2200
371,EPLDay_HEVC_HFR_396p_600K_8,47.087041976287715,EPLDay_8,HEVC,HFR,396p,600
372,USOpen_AVC_SFR_540p_1200K_0,52.71518086986862,USOpen_0,AVC,SFR,540p,1200
373,EPLNight_AVC_HFR_720p_2200K_0,56.55180725460661,EPLNight_0,AVC,HFR,720p,2200
374,TNFNFL_AVC_SFR_540p_1800K_0,49.21483108677046,TNFNFL_0,AVC,SFR,540p,1800
375,USOpen_AVC_HFR_540p_1900K_166,52.106823175479846,USOpen_166,AVC,HFR,540p,1900
376,EPLDay_HEVC_SFR_396p_900K_0,42.799193820932274,EPLDay_0,HEVC,SFR,396p,900
377,TNFNFL_HEVC_HFR_396p_900K_0,50.66981245850346,TNFNFL_0,HEVC,HFR,396p,900
378,USOpen_AVC_HFR_720p_2200K_166,51.054391941750524,USOpen_166,AVC,HFR,720p,2200
379,Cricket1_HEVC_SFR_540p_1900K_86,52.6124411819531,Cricket1_86,HEVC,SFR,540p,1900
380,EPLDay_AVC_HFR_540p_1300K_0,53.06450988680568,EPLDay_0,AVC,HFR,540p,1300
381,USOpen_HEVC_SFR_720p_2200K_166,51.25965186206896,USOpen_166,HEVC,SFR,720p,2200
382,EPLDay_HEVC_SFR_540p_1100K_0,51.015733977612136,EPLDay_0,HEVC,SFR,540p,1100
383,USOpen_AVC_SFR_288p_200K_166,47.43360358620689,USOpen_166,AVC,SFR,288p,200
384,TNFF_AVC_HFR_396p_900K_16,50.50665365067875,TNFF_16,AVC,HFR,396p,900
385,Cricket2_AVC_HFR_288p_300K_90,48.74137276754159,Cricket2_90,AVC,HFR,288p,300
386,USOpen_HEVC_HFR_396p_900K_0,52.945591578963125,USOpen_0,HEVC,HFR,396p,900
387,USOpen_HEVC_HFR_396p_900K_166,47.285569611098985,USOpen_166,HEVC,HFR,396p,900
388,TNFF_HEVC_SFR_540p_1900K_144,48.00273632205415,TNFF_144,HEVC,SFR,540p,1900
389,TNFF_HEVC_SFR_396p_900K_144,51.76553603191481,TNFF_144,HEVC,SFR,396p,900
390,Cricket1_AVC_HFR_396p_900K_86,49.42514335343713,Cricket1_86,AVC,HFR,396p,900
391,USOpen_HEVC_HFR_396p_600K_0,50.069018412985216,USOpen_0,HEVC,HFR,396p,600
392,EPLDay_AVC_SFR_540p_1200K_8,52.39586862432944,EPLDay_8,AVC,SFR,540p,1200
393,TNFF_HEVC_SFR_288p_300K_144,43.681652586206894,TNFF_144,HEVC,SFR,288p,300
394,TNFNFL_HEVC_HFR_288p_300K_0,50.09391174320721,TNFNFL_0,HEVC,HFR,288p,300
395,EPLNight_HEVC_SFR_540p_1100K_0,52.72599497350361,EPLNight_0,HEVC,SFR,540p,1100
396,TNFF_HEVC_HFR_540p_1100K_16,49.45993591726463,TNFF_16,HEVC,HFR,540p,1100
397,EPLNight_HEVC_SFR_396p_600K_0,46.956549086770465,EPLNight_0,HEVC,SFR,396p,600
398,TNFF_HEVC_HFR_540p_1900K_144,55.47150354068579,TNFF_144,HEVC,HFR,540p,1900
399,USOpen_AVC_SFR_396p_800K_166,50.251582564337745,USOpen_166,AVC,SFR,396p,800
400,TNFF_SRC_SRC_SRC_SRC_144,51.87234781169489,TNFF_144,SRC,SRC,SRC,100000
401,USOpen_AVC_HFR_396p_900K_166,41.10423503448277,USOpen_166,AVC,HFR,396p,900
402,USOpen_HEVC_SFR_396p_600K_166,51.94933505343713,USOpen_166,HEVC,SFR,396p,600
403,Cricket1_AVC_HFR_540p_1300K_86,56.22062520785011,Cricket1_86,AVC,HFR,540p,1300
404,Cricket2_HEVC_HFR_396p_900K_90,52.609610417264655,Cricket2_90,HEVC,HFR,396p,900
405,TNFF_HEVC_SFR_540p_1900K_16,59.04921532816148,TNFF_16,HEVC,SFR,540p,1900
406,Cricket2_AVC_HFR_540p_1300K_90,49.69772912838809,Cricket2_90,AVC,HFR,540p,1300
407,Cricket2_AVC_HFR_396p_600K_90,46.00980841345111,Cricket2_90,AVC,HFR,396p,600
408,USOpen_HEVC_HFR_720p_2200K_0,51.897786482758626,USOpen_0,HEVC,HFR,720p,2200
409,USOpen_HEVC_HFR_540p_1100K_166,50.05316874428841,USOpen_166,HEVC,HFR,540p,1100
410,Cricket1_AVC_HFR_396p_600K_86,46.057034613173755,Cricket1_86,AVC,HFR,396p,600
411,USOpen_AVC_HFR_396p_600K_166,51.592241827456846,USOpen_166,AVC,HFR,396p,600
412,Cricket2_HEVC_SFR_396p_600K_90,51.530741082279505,Cricket2_90,HEVC,SFR,396p,600
413,EPLDay_HEVC_SFR_396p_600K_0,47.55037557224204,EPLDay_0,HEVC,SFR,396p,600
414,USOpen_HEVC_HFR_288p_300K_166,54.91409924109083,USOpen_166,HEVC,HFR,288p,300
415,TNFF_AVC_SFR_720p_2000K_144,49.52650599775343,TNFF_144,AVC,SFR,720p,2000
416,TNFNFL_HEVC_SFR_540p_1900K_0,53.276915562155466,TNFNFL_0,HEVC,SFR,540p,1900
417,Cricket2_HEVC_HFR_396p_600K_90,47.118027762246356,Cricket2_90,HEVC,HFR,396p,600
418,EPLNight_AVC_HFR_396p_600K_0,53.36038362989333,EPLNight_0,AVC,HFR,396p,600
419,Cricket1_AVC_SFR_720p_2000K_86,52.39835006896551,Cricket1_86,AVC,SFR,720p,2000
420,TNFF_HEVC_SFR_396p_900K_16,52.17487279320722,TNFF_16,HEVC,SFR,396p,900
421,EPLNight_AVC_SFR_540p_1800K_0,50.92317984484448,EPLNight_0,AVC,SFR,540p,1800
422,EPLDay_SRC_SRC_SRC_SRC_8,56.10267391852309,EPLDay_8,SRC,SRC,SRC,100000
423,TNFF_HEVC_HFR_396p_600K_16,48.19985274390937,TNFF_16,HEVC,HFR,396p,600
424,USOpen_AVC_HFR_288p_300K_166,40.413705528203906,USOpen_166,AVC,HFR,288p,300
425,Cricket2_SRC_SRC_SRC_SRC_90,45.83750430911883,Cricket2_90,SRC,SRC,SRC,100000
426,USOpen_HEVC_HFR_540p_1900K_166,51.78616197991042,USOpen_166,HEVC,HFR,540p,1900
427,TNFF_AVC_SFR_720p_2000K_16,46.91442213357401,TNFF_16,AVC,SFR,720p,2000
428,USOpen_HEVC_SFR_288p_300K_0,46.76399558620689,USOpen_0,HEVC,SFR,288p,300
429,TNFF_HEVC_HFR_540p_1900K_16,45.17945433248195,TNFF_16,HEVC,HFR,540p,1900
430,TNFNFL_AVC_HFR_540p_1300K_0,48.30029959235042,TNFNFL_0,AVC,HFR,540p,1300
431,USOpen_AVC_SFR_540p_1800K_166,45.13226685181503,USOpen_166,AVC,SFR,540p,1800
432,TNFNFL_HEVC_HFR_540p_1100K_0,48.89038759573418,TNFNFL_0,HEVC,HFR,540p,1100
433,TNFF_HEVC_SFR_288p_300K_16,47.014622674017474,TNFF_16,HEVC,SFR,288p,300
434,EPLDay_AVC_SFR_540p_1200K_0,44.63583027586206,EPLDay_0,AVC,SFR,540p,1200
435,Cricket1_HEVC_SFR_396p_600K_86,49.52259966357455,Cricket1_86,HEVC,SFR,396p,600
436,EPLNight_HEVC_HFR_540p_1100K_0,51.49817015343713,EPLNight_0,HEVC,HFR,540p,1100
437,TNFNFL_HEVC_SFR_288p_300K_0,50.68681226924248,TNFNFL_0,HEVC,SFR,288p,300
438,Cricket2_HEVC_HFR_720p_2200K_90,52.23800670798412,Cricket2_90,HEVC,HFR,720p,2200
439,TNFNFL_SRC_SRC_SRC_SRC_0,53.80669480417666,TNFNFL_0,SRC,SRC,SRC,100000
440,Cricket1_AVC_SFR_540p_1200K_86,52.01169453571428,Cricket1_86,AVC,SFR,540p,1200
441,TNFNFL_HEVC_SFR_540p_1100K_0,51.52279303448275,TNFNFL_0,HEVC,SFR,540p,1100
442,TNFNFL_HEVC_HFR_540p_1900K_0,52.82172004529352,TNFNFL_0,HEVC,HFR,540p,1900
443,EPLNight_AVC_HFR_288p_300K_0,45.1628774270649,EPLNight_0,AVC,HFR,288p,300
444,EPLDay_HEVC_HFR_540p_1100K_0,52.90479105611357,EPLDay_0,HEVC,HFR,540p,1100
445,Cricket1_HEVC_HFR_540p_1900K_86,50.080517836688074,Cricket1_86,HEVC,HFR,540p,1900
446,TNFNFL_AVC_HFR_396p_900K_0,43.13779003311929,TNFNFL_0,AVC,HFR,396p,900
447,TNFF_HEVC_SFR_396p_600K_16,48.070694096561326,TNFF_16,HEVC,SFR,396p,600
448,TNFF_AVC_HFR_540p_1900K_144,52.77608236979544,TNFF_144,AVC,HFR,540p,1900
449,TNFF_AVC_SFR_540p_1800K_16,53.16885657794902,TNFF_16,AVC,SFR,540p,1800
450,EPLDay_HEVC_HFR_540p_1900K_8,49.532591644502254,EPLDay_8,HEVC,HFR,540p,1900
451,USOpen_HEVC_HFR_540p_1900K_0,52.11924599625253,USOpen_0,HEVC,HFR,540p,1900
452,TNFF_HEVC_HFR_396p_600K_144,50.181817950111714,TNFF_144,HEVC,HFR,396p,600
453,EPLDay_HEVC_SFR_540p_1100K_8,51.58220641554248,EPLDay_8,HEVC,SFR,540p,1100
454,Cricket1_AVC_HFR_540p_1900K_86,51.06618372413793,Cricket1_86,AVC,HFR,540p,1900
455,EPLNight_AVC_HFR_396p_900K_0,51.412584834992934,EPLNight_0,AVC,HFR,396p,900
456,USOpen_HEVC_HFR_396p_600K_166,51.58586056885578,USOpen_166,HEVC,HFR,396p,600
457,EPLNight_AVC_SFR_396p_800K_0,45.38351501578272,EPLNight_0,AVC,SFR,396p,800
458,TNFF_HEVC_SFR_540p_1100K_144,51.99026686019396,TNFF_144,HEVC,SFR,540p,1100
459,EPLNight_AVC_HFR_540p_1900K_0,52.70576971823391,EPLNight_0,AVC,HFR,540p,1900
460,TNFNFL_HEVC_SFR_396p_600K_0,52.291128379521,TNFNFL_0,HEVC,SFR,396p,600
461,Cricket1_AVC_SFR_540p_1800K_86,49.90524361151115,Cricket1_86,AVC,SFR,540p,1800
462,EPLDay_AVC_SFR_540p_1800K_0,52.3931155822795,EPLDay_0,AVC,SFR,540p,1800
463,TNFNFL_AVC_HFR_288p_300K_0,41.349957348303604,TNFNFL_0,AVC,HFR,288p,300
464,TNFNFL_AVC_SFR_720p_2000K_0,51.01614549655173,TNFNFL_0,AVC,SFR,720p,2000
465,Cricket2_AVC_SFR_288p_200K_90,49.17400235172414,Cricket2_90,AVC,SFR,288p,200
466,TNFNFL_HEVC_SFR_720p_2200K_0,47.10503943398081,TNFNFL_0,HEVC,SFR,720p,2200
467,Cricket1_HEVC_SFR_288p_300K_86,49.850458344827594,Cricket1_86,HEVC,SFR,288p,300
468,USOpen_HEVC_SFR_540p_1900K_0,49.562200373729596,USOpen_0,HEVC,SFR,540p,1900
469,TNFF_SRC_SRC_SRC_SRC_16,52.97626379372085,TNFF_16,SRC,SRC,SRC,100000
470,Cricket2_AVC_HFR_396p_900K_90,49.66072594364309,Cricket2_90,AVC,HFR,396p,900
471,Cricket1_HEVC_HFR_288p_300K_86,45.3013871201038,Cricket1_86,HEVC,HFR,288p,300
472,TNFF_HEVC_SFR_540p_1100K_16,49.93306921521432,TNFF_16,HEVC,SFR,540p,1100
473,Cricket2_HEVC_HFR_540p_1900K_90,46.17279466480754,Cricket2_90,HEVC,HFR,540p,1900
474,EPLNight_HEVC_SFR_540p_1900K_0,58.1077208433129,EPLNight_0,HEVC,SFR,540p,1900
475,TNFNFL_AVC_HFR_720p_2200K_0,54.74098716224009,TNFNFL_0,AVC,HFR,720p,2200
476,Cricket2_AVC_HFR_540p_1900K_90,51.614576551724134,Cricket2_90,AVC,HFR,540p,1900
477,TNFNFL_AVC_SFR_396p_800K_0,51.64088389512346,TNFNFL_0,AVC,SFR,396p,800
478,TNFF_AVC_HFR_288p_300K_144,45.99614066828859,TNFF_144,AVC,HFR,288p,300
479,Cricket1_HEVC_HFR_396p_600K_86,51.793280700585015,Cricket1_86,HEVC,HFR,396p,600
480,EPLNight_AVC_SFR_396p_400K_0,49.69476857411005,EPLNight_0,AVC,SFR,396p,400
481,USOpen_AVC_HFR_396p_900K_0,52.39551406173373,USOpen_0,AVC,HFR,396p,900
482,EPLNight_HEVC_SFR_288p_300K_0,52.26994894827587,EPLNight_0,HEVC,SFR,288p,300
483,EPLDay_AVC_HFR_540p_1300K_8,50.35898771400137,EPLDay_8,AVC,HFR,540p,1300
484,USOpen_SRC_SRC_SRC_SRC_648,69.62236935872905,USOpen_648,SRC,SRC,SRC,100000
485,EPLDay_HEVC_SFR_396p_600K_74,39.978521893018495,EPLDay_74,HEVC,SFR,396p,600
486,USOpen_HEVC_HFR_396p_900K_648,49.75044709074639,USOpen_648,HEVC,HFR,396p,900
487,TNFF_AVC_HFR_540p_1300K_336,55.70265001057352,TNFF_336,AVC,HFR,540p,1300
488,EPLDay_HEVC_SFR_540p_1100K_74,56.361835680790236,EPLDay_74,HEVC,SFR,540p,1100
489,TNFF_HEVC_HFR_540p_1900K_336,63.94091960238828,TNFF_336,HEVC,HFR,540p,1900
490,TNFF_HEVC_HFR_288p_300K_114,24.220738930495738,TNFF_114,HEVC,HFR,288p,300
491,USOpen_HEVC_SFR_540p_1900K_648,54.99947094114586,USOpen_648,HEVC,SFR,540p,1900
492,EPLDay_HEVC_HFR_396p_600K_74,40.127923820567716,EPLDay_74,HEVC,HFR,396p,600
493,TNFF_HEVC_SFR_540p_1900K_114,63.83277047779083,TNFF_114,HEVC,SFR,540p,1900
494,EPLDay_AVC_HFR_396p_600K_74,34.81364017467441,EPLDay_74,AVC,HFR,396p,600
495,TNFF_HEVC_SFR_288p_300K_114,26.318659762031395,TNFF_114,HEVC,SFR,288p,300
496,USOpen_HEVC_SFR_288p_300K_648,31.455106156302172,USOpen_648,HEVC,SFR,288p,300
497,EPLDay_HEVC_SFR_720p_2200K_74,65.3079895137613,EPLDay_74,HEVC,SFR,720p,2200
498,USOpen_AVC_SFR_720p_2000K_648,64.34509518715458,USOpen_648,AVC,SFR,720p,2000
499,EPLDay_AVC_HFR_540p_1300K_74,53.93888894312934,EPLDay_74,AVC,HFR,540p,1300
500,TNFF_SRC_SRC_SRC_SRC_336,75.3592591183055,TNFF_336,SRC,SRC,SRC,100000
501,EPLDay_AVC_SFR_540p_1200K_74,49.29801799206546,EPLDay_74,AVC,SFR,540p,1200
502,USOpen_HEVC_HFR_540p_1100K_648,58.37213001712088,USOpen_648,HEVC,HFR,540p,1100
503,TNFF_HEVC_HFR_396p_900K_114,45.1188737244393,TNFF_114,HEVC,HFR,396p,900
504,USOpen_HEVC_HFR_720p_2200K_148,62.175295836671594,USOpen_148,HEVC,HFR,720p,2200
505,USOpen_AVC_HFR_396p_600K_648,45.672580854289805,USOpen_648,AVC,HFR,396p,600
506,TNFF_HEVC_HFR_288p_300K_336,30.150880007279472,TNFF_336,HEVC,HFR,288p,300
507,USOpen_HEVC_HFR_396p_600K_648,47.35595790476666,USOpen_648,HEVC,HFR,396p,600
508,TNFF_HEVC_HFR_720p_2200K_114,64.05911916376098,TNFF_114,HEVC,HFR,720p,2200
509,USOpen_HEVC_SFR_396p_600K_648,42.46507632876209,USOpen_648,HEVC,SFR,396p,600
510,USOpen_SRC_SRC_SRC_SRC_148,67.87453188169356,USOpen_148,SRC,SRC,SRC,100000
511,USOpen_AVC_SFR_396p_800K_648,43.17968448030812,USOpen_648,AVC,SFR,396p,800
512,TNFF_AVC_SFR_396p_400K_336,31.71699587861322,TNFF_336,AVC,SFR,396p,400
513,USOpen_AVC_HFR_540p_1900K_648,62.437995054001185,USOpen_648,AVC,HFR,540p,1900
514,EPLDay_HEVC_SFR_288p_300K_74,32.55057919127573,EPLDay_74,HEVC,SFR,288p,300
515,USOpen_HEVC_SFR_396p_600K_148,52.95980432157214,USOpen_148,HEVC,SFR,396p,600
516,EPLDay_AVC_HFR_288p_300K_74,25.26329018282163,EPLDay_74,AVC,HFR,288p,300
517,USOpen_HEVC_SFR_720p_2200K_148,68.2739192667214,USOpen_148,HEVC,SFR,720p,2200
518,USOpen_AVC_HFR_720p_2200K_648,70.2552081758308,USOpen_648,AVC,HFR,720p,2200
519,USOpen_HEVC_SFR_540p_1900K_148,62.43338974071375,USOpen_148,HEVC,SFR,540p,1900
520,EPLDay_HEVC_HFR_540p_1900K_74,60.63139385993333,EPLDay_74,HEVC,HFR,540p,1900
521,USOpen_HEVC_HFR_540p_1900K_148,64.37031906453824,USOpen_148,HEVC,HFR,540p,1900
522,TNFF_AVC_SFR_540p_1200K_114,46.36397242753648,TNFF_114,AVC,SFR,540p,1200
523,TNFF_AVC_SFR_540p_1200K_336,55.83661285773729,TNFF_336,AVC,SFR,540p,1200
524,TNFF_AVC_HFR_396p_900K_114,40.091603910738705,TNFF_114,AVC,HFR,396p,900
525,USOpen_HEVC_SFR_288p_300K_148,41.76636891105565,USOpen_148,HEVC,SFR,288p,300
526,EPLDay_AVC_SFR_720p_2000K_74,59.93760467358758,EPLDay_74,AVC,SFR,720p,2000
527,USOpen_AVC_SFR_540p_1200K_148,61.07900095970599,USOpen_148,AVC,SFR,540p,1200
528,TNFF_HEVC_HFR_540p_1900K_114,60.33018952359906,TNFF_114,HEVC,HFR,540p,1900
529,TNFF_AVC_HFR_396p_900K_336,48.5091021305731,TNFF_336,AVC,HFR,396p,900
530,USOpen_AVC_SFR_396p_800K_148,51.33526465250412,USOpen_148,AVC,SFR,396p,800
531,TNFF_AVC_SFR_720p_2000K_114,59.05158121579197,TNFF_114,AVC,SFR,720p,2000
532,TNFF_AVC_HFR_540p_1900K_336,56.11368705430882,TNFF_336,AVC,HFR,540p,1900
533,EPLDay_HEVC_SFR_396p_900K_74,47.66905826570999,EPLDay_74,HEVC,SFR,396p,900
534,TNFF_HEVC_SFR_396p_900K_336,53.97127685583055,TNFF_336,HEVC,SFR,396p,900
535,TNFF_HEVC_SFR_396p_600K_114,39.06555788253581,TNFF_114,HEVC,SFR,396p,600
536,TNFF_AVC_SFR_540p_1800K_336,57.51186531728485,TNFF_336,AVC,SFR,540p,1800
537,USOpen_AVC_SFR_720p_2000K_148,66.93180864464449,USOpen_148,AVC,SFR,720p,2000
538,TNFF_AVC_SFR_288p_200K_336,25.598832437958094,TNFF_336,AVC,SFR,288p,200
539,USOpen_HEVC_SFR_540p_1100K_148,57.44021306636687,USOpen_148,HEVC,SFR,540p,1100
540,EPLDay_HEVC_HFR_288p_300K_74,29.29980506151146,EPLDay_74,HEVC,HFR,288p,300
541,USOpen_HEVC_HFR_396p_900K_148,52.460368571553985,USOpen_148,HEVC,HFR,396p,900
542,TNFF_HEVC_SFR_540p_1900K_336,66.69719448202267,TNFF_336,HEVC,SFR,540p,1900
543,TNFF_AVC_HFR_288p_300K_114,21.0820461842223,TNFF_114,AVC,HFR,288p,300
544,USOpen_AVC_HFR_288p_300K_648,33.11525899501185,USOpen_648,AVC,HFR,288p,300
545,TNFF_SRC_SRC_SRC_SRC_114,75.39411814019711,TNFF_114,SRC,SRC,SRC,100000
546,TNFF_HEVC_HFR_396p_600K_336,47.59564696454508,TNFF_336,HEVC,HFR,396p,600
547,USOpen_HEVC_SFR_540p_1100K_648,56.266361190351546,USOpen_648,HEVC,SFR,540p,1100
548,USOpen_AVC_HFR_540p_1300K_148,56.377699136553574,USOpen_148,AVC,HFR,540p,1300
549,TNFF_AVC_HFR_540p_1300K_114,48.2615175739228,TNFF_114,AVC,HFR,540p,1300
550,EPLDay_AVC_SFR_288p_200K_74,22.300394306672747,EPLDay_74,AVC,SFR,288p,200
551,TNFF_AVC_HFR_288p_300K_336,26.91064832824264,TNFF_336,AVC,HFR,288p,300
552,EPLDay_SRC_SRC_SRC_SRC_74,80.49876354382332,EPLDay_74,SRC,SRC,SRC,100000
553,TNFF_HEVC_SFR_396p_600K_336,51.15825480325476,TNFF_336,HEVC,SFR,396p,600
554,USOpen_AVC_HFR_540p_1900K_148,58.000042898437066,USOpen_148,AVC,HFR,540p,1900
555,USOpen_AVC_SFR_540p_1800K_648,55.578928524140515,USOpen_648,AVC,SFR,540p,1800
556,USOpen_HEVC_HFR_540p_1100K_148,58.80579137774738,USOpen_148,HEVC,HFR,540p,1100
557,TNFF_HEVC_HFR_396p_900K_336,53.65420398185804,TNFF_336,HEVC,HFR,396p,900
558,TNFF_HEVC_SFR_720p_2200K_114,65.35165599882339,TNFF_114,HEVC,SFR,720p,2200
559,USOpen_HEVC_SFR_720p_2200K_648,65.90084041615799,USOpen_648,HEVC,SFR,720p,2200
560,EPLDay_HEVC_HFR_540p_1100K_74,51.794786075089654,EPLDay_74,HEVC,HFR,540p,1100
561,USOpen_AVC_HFR_396p_600K_148,50.030349567219105,USOpen_148,AVC,HFR,396p,600
562,EPLDay_HEVC_SFR_540p_1900K_74,59.54894946873379,EPLDay_74,HEVC,SFR,540p,1900
563,USOpen_AVC_HFR_396p_900K_148,47.772062981796346,USOpen_148,AVC,HFR,396p,900
564,USOpen_AVC_HFR_396p_900K_648,45.990854500991844,USOpen_648,AVC,HFR,396p,900
565,TNFF_AVC_SFR_540p_1800K_114,57.578035852126916,TNFF_114,AVC,SFR,540p,1800
566,USOpen_AVC_SFR_540p_1200K_648,54.94430515974969,USOpen_648,AVC,SFR,540p,1200
567,EPLDay_HEVC_HFR_720p_2200K_74,64.48845515599453,EPLDay_74,HEVC,HFR,720p,2200
568,USOpen_HEVC_HFR_540p_1900K_648,64.87679842324518,USOpen_648,HEVC,HFR,540p,1900
569,EPLDay_AVC_HFR_540p_1900K_74,56.16091962848334,EPLDay_74,AVC,HFR,540p,1900
570,USOpen_AVC_HFR_540p_1300K_648,62.18429282547923,USOpen_648,AVC,HFR,540p,1300
571,USOpen_AVC_SFR_396p_400K_148,44.22660405033457,USOpen_148,AVC,SFR,396p,400
572,USOpen_HEVC_SFR_396p_900K_648,44.57619387662973,USOpen_648,HEVC,SFR,396p,900
573,TNFF_AVC_HFR_540p_1900K_114,53.64842405427764,TNFF_114,AVC,HFR,540p,1900
574,USOpen_HEVC_HFR_720p_2200K_648,70.5620135701302,USOpen_648,HEVC,HFR,720p,2200
575,TNFF_HEVC_HFR_540p_1100K_114,52.81704050534094,TNFF_114,HEVC,HFR,540p,1100
576,TNFF_AVC_SFR_396p_800K_336,45.77727193812274,TNFF_336,AVC,SFR,396p,800
577,USOpen_AVC_SFR_288p_200K_148,34.26172407743021,USOpen_148,AVC,SFR,288p,200
578,TNFF_AVC_HFR_720p_2200K_336,63.78963052868604,TNFF_336,AVC,HFR,720p,2200
579,TNFF_AVC_SFR_288p_200K_114,19.247796070035584,TNFF_114,AVC,SFR,288p,200
580,EPLDay_AVC_SFR_396p_800K_74,43.35869635164186,EPLDay_74,AVC,SFR,396p,800
581,TNFF_HEVC_HFR_720p_2200K_336,67.49970384025055,TNFF_336,HEVC,HFR,720p,2200
582,USOpen_AVC_SFR_396p_400K_648,43.79503365740975,USOpen_648,AVC,SFR,396p,400
583,TNFF_AVC_HFR_396p_600K_336,42.23000906349493,TNFF_336,AVC,HFR,396p,600
584,TNFF_AVC_SFR_396p_400K_114,28.255750528319837,TNFF_114,AVC,SFR,396p,400
585,USOpen_HEVC_HFR_396p_600K_148,45.3117248207012,USOpen_148,HEVC,HFR,396p,600
586,TNFF_HEVC_SFR_288p_300K_336,33.75467561063057,TNFF_336,HEVC,SFR,288p,300
587,USOpen_AVC_SFR_288p_200K_648,30.082532174674416,USOpen_648,AVC,SFR,288p,200
588,TNFF_HEVC_HFR_396p_600K_114,36.903049377946815,TNFF_114,HEVC,HFR,396p,600
589,TNFF_AVC_SFR_720p_2000K_336,60.93304093446268,TNFF_336,AVC,SFR,720p,2000
590,EPLDay_AVC_HFR_720p_2200K_74,59.93456522249415,EPLDay_74,AVC,HFR,720p,2200
591,USOpen_AVC_SFR_540p_1800K_148,61.08971199172185,USOpen_148,AVC,SFR,540p,1800
592,TNFF_HEVC_HFR_540p_1100K_336,56.00037400190685,TNFF_336,HEVC,HFR,540p,1100
593,USOpen_AVC_HFR_288p_300K_148,38.358752422990676,USOpen_148,AVC,HFR,288p,300
594,TNFF_AVC_HFR_396p_600K_114,32.72419155641023,TNFF_114,AVC,HFR,396p,600
595,EPLDay_AVC_SFR_540p_1800K_74,56.89867974921495,EPLDay_74,AVC,SFR,540p,1800
596,USOpen_AVC_HFR_720p_2200K_148,61.94680024325422,USOpen_148,AVC,HFR,720p,2200
597,TNFF_HEVC_SFR_540p_1100K_336,61.53613066345691,TNFF_336,HEVC,SFR,540p,1100
598,USOpen_HEVC_HFR_288p_300K_648,28.43276030944529,USOpen_648,HEVC,HFR,288p,300
599,TNFF_HEVC_SFR_396p_900K_114,49.09266894779131,TNFF_114,HEVC,SFR,396p,900
600,EPLDay_AVC_HFR_396p_900K_74,41.168515234183936,EPLDay_74,AVC,HFR,396p,900
601,TNFF_AVC_HFR_720p_2200K_114,59.92434358335741,TNFF_114,AVC,HFR,720p,2200
602,EPLDay_AVC_SFR_396p_400K_74,32.40527104564216,EPLDay_74,AVC,SFR,396p,400
603,TNFF_AVC_SFR_396p_800K_114,41.284258420080185,TNFF_114,AVC,SFR,396p,800
604,EPLDay_HEVC_HFR_396p_900K_74,46.55422712263846,EPLDay_74,HEVC,HFR,396p,900
605,TNFF_HEVC_SFR_540p_1100K_114,55.85607661853139,TNFF_114,HEVC,SFR,540p,1100
606,USOpen_HEVC_SFR_396p_900K_148,55.020488874961615,USOpen_148,HEVC,SFR,396p,900
607,TNFF_HEVC_SFR_720p_2200K_336,70.90485778821457,TNFF_336,HEVC,SFR,720p,2200
608,USOpen_HEVC_HFR_288p_300K_148,40.16400658567794,USOpen_148,HEVC,HFR,288p,300
609,TNFNFL_SRC_SRC_SRC_SRC_4211,62.79219653333333,TNFNFL_4211,SRC,SRC,SRC,100000
610,USOpen_AVC_SFR_396p_800K_604,50.340898066666675,USOpen_604,AVC,SFR,396p,800
611,TNFNFL_HEVC_HFR_540p_1100K_4211,44.42984866666668,TNFNFL_4211,HEVC,HFR,540p,1100
612,Cricket2_HEVC_SFR_288p_300K_210,36.841504017209616,Cricket2_210,HEVC,SFR,288p,300
613,USOpen_AVC_SFR_540p_1800K_604,57.55742493333332,USOpen_604,AVC,SFR,540p,1800
614,Cricket2_HEVC_HFR_288p_300K_210,35.44358742174915,Cricket2_210,HEVC,HFR,288p,300
615,EPLNight_HEVC_SFR_288p_300K_58,19.793899994927855,EPLNight_58,HEVC,SFR,288p,300
616,TNFNFL_HEVC_HFR_720p_2200K_4211,49.7724457,TNFNFL_4211,HEVC,HFR,720p,2200
617,USOpen_AVC_HFR_396p_900K_604,50.47555539999999,USOpen_604,AVC,HFR,396p,900
618,EPLNight_HEVC_HFR_540p_1900K_58,56.129297544481844,EPLNight_58,HEVC,HFR,540p,1900
619,USOpen_AVC_HFR_540p_1900K_604,63.1604144,USOpen_604,AVC,HFR,540p,1900
620,EPLNight_HEVC_HFR_288p_300K_58,20.011746478512546,EPLNight_58,HEVC,HFR,288p,300
621,TNFNFL_HEVC_SFR_396p_600K_4211,35.23240026666667,TNFNFL_4211,HEVC,SFR,396p,600
622,USOpen_HEVC_SFR_540p_1100K_604,58.870895266666665,USOpen_604,HEVC,SFR,540p,1100
623,TNFNFL_AVC_HFR_720p_2200K_4211,55.422468099999996,TNFNFL_4211,AVC,HFR,720p,2200
624,USOpen_HEVC_HFR_288p_300K_604,40.23440166666666,USOpen_604,HEVC,HFR,288p,300
625,Cricket2_SRC_SRC_SRC_SRC_210,75.37616567320663,Cricket2_210,SRC,SRC,SRC,100000
626,USOpen_HEVC_HFR_540p_1100K_604,62.508656333333334,USOpen_604,HEVC,HFR,540p,1100
627,TNFNFL_HEVC_SFR_396p_900K_4211,40.5782544,TNFNFL_4211,HEVC,SFR,396p,900
628,EPLNight_HEVC_SFR_540p_1100K_58,50.44847022804879,EPLNight_58,HEVC,SFR,540p,1100
629,Cricket1_HEVC_SFR_288p_300K_210,34.928723755993005,Cricket1_210,HEVC,SFR,288p,300
630,TNFNFL_AVC_HFR_396p_600K_4211,32.266599,TNFNFL_4211,AVC,HFR,396p,600
631,Cricket2_AVC_SFR_396p_400K_210,43.7546397702837,Cricket2_210,AVC,SFR,396p,400
632,TNFNFL_HEVC_HFR_396p_900K_4211,35.7510229,TNFNFL_4211,HEVC,HFR,396p,900
633,EPLNight_HEVC_HFR_720p_2200K_58,63.613412306067026,EPLNight_58,HEVC,HFR,720p,2200
634,TNFNFL_HEVC_SFR_540p_1100K_4211,40.74798383333334,TNFNFL_4211,HEVC,SFR,540p,1100
635,Cricket1_AVC_HFR_288p_300K_210,32.2187543175085,Cricket1_210,AVC,HFR,288p,300
636,TNFNFL_AVC_SFR_396p_800K_4211,37.83412573333333,TNFNFL_4211,AVC,SFR,396p,800
637,Cricket2_HEVC_HFR_396p_900K_210,48.731152469297385,Cricket2_210,HEVC,HFR,396p,900
638,TNFNFL_AVC_SFR_540p_1200K_4211,46.3660641,TNFNFL_4211,AVC,SFR,540p,1200
639,USOpen_AVC_SFR_288p_200K_604,32.583599500000005,USOpen_604,AVC,SFR,288p,200
640,Cricket1_HEVC_HFR_540p_1900K_210,59.54121966332064,Cricket1_210,HEVC,HFR,540p,1900
641,USOpen_AVC_SFR_720p_2000K_604,66.73696423333332,USOpen_604,AVC,SFR,720p,2000
642,Cricket1_HEVC_SFR_396p_600K_210,46.117111830677715,Cricket1_210,HEVC,SFR,396p,600
643,TNFNFL_HEVC_HFR_396p_600K_4211,31.376687533333328,TNFNFL_4211,HEVC,HFR,396p,600
644,Cricket1_SRC_SRC_SRC_SRC_210,74.42499842438579,Cricket1_210,SRC,SRC,SRC,100000
645,USOpen_AVC_HFR_288p_300K_604,40.491436266666675,USOpen_604,AVC,HFR,288p,300
646,Cricket1_HEVC_SFR_540p_1900K_210,62.40354250155544,Cricket1_210,HEVC,SFR,540p,1900
647,EPLNight_HEVC_SFR_720p_2200K_58,68.13611866284576,EPLNight_58,HEVC,SFR,720p,2200
648,Cricket2_HEVC_SFR_396p_900K_210,51.446889426113295,Cricket2_210,HEVC,SFR,396p,900
649,EPLNight_AVC_SFR_288p_200K_58,18.74412643482102,EPLNight_58,AVC,SFR,288p,200
650,Cricket1_HEVC_HFR_720p_2200K_210,66.36491036038971,Cricket1_210,HEVC,HFR,720p,2200
651,USOpen_HEVC_SFR_396p_900K_604,49.98463786666668,USOpen_604,HEVC,SFR,396p,900
652,Cricket1_AVC_SFR_720p_2000K_210,57.495646255841585,Cricket1_210,AVC,SFR,720p,2000
653,EPLNight_AVC_HFR_288p_300K_58,21.510566824393813,EPLNight_58,AVC,HFR,288p,300
654,Cricket2_HEVC_HFR_396p_600K_210,46.903136940817724,Cricket2_210,HEVC,HFR,396p,600
655,Cricket1_AVC_SFR_540p_1800K_210,55.78833545569413,Cricket1_210,AVC,SFR,540p,1800
656,EPLNight_AVC_SFR_720p_2000K_58,63.47726663106258,EPLNight_58,AVC,SFR,720p,2000
657,Cricket2_HEVC_SFR_396p_600K_210,50.083796693338435,Cricket2_210,HEVC,SFR,396p,600
658,USOpen_AVC_SFR_396p_400K_604,47.62911929999999,USOpen_604,AVC,SFR,396p,400
659,Cricket2_AVC_HFR_396p_900K_210,52.40762939433009,Cricket2_210,AVC,HFR,396p,900
660,EPLNight_HEVC_HFR_396p_600K_58,31.697152295656434,EPLNight_58,HEVC,HFR,396p,600
661,Cricket2_HEVC_HFR_540p_1900K_210,61.93690111588327,Cricket2_210,HEVC,HFR,540p,1900
662,Cricket1_HEVC_HFR_288p_300K_210,36.13484263421467,Cricket1_210,HEVC,HFR,288p,300
663,Cricket2_AVC_SFR_720p_2000K_210,63.568436054306694,Cricket2_210,AVC,SFR,720p,2000
664,Cricket1_HEVC_SFR_720p_2200K_210,66.28081040210404,Cricket1_210,HEVC,SFR,720p,2200
665,USOpen_SRC_SRC_SRC_SRC_604,68.83092413333334,USOpen_604,SRC,SRC,SRC,100000
666,Cricket1_HEVC_HFR_540p_1100K_210,53.688794111048864,Cricket1_210,HEVC,HFR,540p,1100
667,Cricket2_AVC_HFR_540p_1300K_210,53.76443649477641,Cricket2_210,AVC,HFR,540p,1300
668,EPLNight_AVC_HFR_396p_600K_58,33.82612666090114,EPLNight_58,AVC,HFR,396p,600
669,TNFNFL_AVC_HFR_288p_300K_4211,19.539746966666662,TNFNFL_4211,AVC,HFR,288p,300
670,EPLNight_SRC_SRC_SRC_SRC_58,87.28588278669096,EPLNight_58,SRC,SRC,SRC,100000
671,Cricket2_AVC_SFR_396p_800K_210,51.498439024226094,Cricket2_210,AVC,SFR,396p,800
672,TNFNFL_HEVC_SFR_720p_2200K_4211,52.720466533333344,TNFNFL_4211,HEVC,SFR,720p,2200
673,Cricket1_AVC_SFR_396p_800K_210,47.140859416914736,Cricket1_210,AVC,SFR,396p,800
674,EPLNight_AVC_HFR_540p_1900K_58,57.2006589973022,EPLNight_58,AVC,HFR,540p,1900
675,USOpen_HEVC_HFR_396p_600K_604,50.483641100000014,USOpen_604,HEVC,HFR,396p,600
676,Cricket2_AVC_HFR_720p_2200K_210,60.993255594919844,Cricket2_210,AVC,HFR,720p,2200
677,USOpen_HEVC_SFR_540p_1900K_604,57.65196286666666,USOpen_604,HEVC,SFR,540p,1900
678,Cricket2_AVC_HFR_396p_600K_210,48.10170150518241,Cricket2_210,AVC,HFR,396p,600
679,Cricket1_HEVC_HFR_396p_600K_210,43.570055243016064,Cricket1_210,HEVC,HFR,396p,600
680,TNFNFL_HEVC_HFR_288p_300K_4211,19.93789879566667,TNFNFL_4211,HEVC,HFR,288p,300
681,Cricket1_HEVC_SFR_396p_900K_210,50.47284689742107,Cricket1_210,HEVC,SFR,396p,900
682,Cricket2_AVC_HFR_540p_1900K_210,61.63835102057886,Cricket2_210,AVC,HFR,540p,1900
683,EPLNight_HEVC_SFR_540p_1900K_58,57.424394004081236,EPLNight_58,HEVC,SFR,540p,1900
684,TNFNFL_AVC_SFR_720p_2000K_4211,51.52381849999999,TNFNFL_4211,AVC,SFR,720p,2000
685,USOpen_AVC_HFR_540p_1300K_604,61.48583413333334,USOpen_604,AVC,HFR,540p,1300
686,Cricket1_AVC_HFR_396p_600K_210,45.35637904484583,Cricket1_210,AVC,HFR,396p,600
687,USOpen_AVC_SFR_540p_1200K_604,55.99473616666667,USOpen_604,AVC,SFR,540p,1200
688,Cricket1_AVC_SFR_396p_400K_210,40.24599200533383,Cricket1_210,AVC,SFR,396p,400
689,TNFNFL_AVC_SFR_288p_200K_4211,18.23640271,TNFNFL_4211,AVC,SFR,288p,200
690,EPLNight_AVC_SFR_540p_1800K_58,54.27648794638932,EPLNight_58,AVC,SFR,540p,1800
691,TNFNFL_AVC_HFR_540p_1900K_4211,49.238396066666674,TNFNFL_4211,AVC,HFR,540p,1900
692,USOpen_HEVC_HFR_540p_1900K_604,63.55009293333333,USOpen_604,HEVC,HFR,540p,1900
693,TNFNFL_HEVC_SFR_540p_1900K_4211,46.71348699999999,TNFNFL_4211,HEVC,SFR,540p,1900
694,USOpen_HEVC_HFR_720p_2200K_604,72.24062483333334,USOpen_604,HEVC,HFR,720p,2200
695,TNFNFL_AVC_HFR_396p_900K_4211,39.112880499999996,TNFNFL_4211,AVC,HFR,396p,900
696,Cricket1_AVC_SFR_540p_1200K_210,49.863476018891944,Cricket1_210,AVC,SFR,540p,1200
697,TNFNFL_HEVC_HFR_540p_1900K_4211,48.9251248,TNFNFL_4211,HEVC,HFR,540p,1900
698,EPLNight_AVC_SFR_396p_800K_58,38.15263036164232,EPLNight_58,AVC,SFR,396p,800
699,TNFNFL_HEVC_SFR_288p_300K_4211,22.551340989999996,TNFNFL_4211,HEVC,SFR,288p,300
700,EPLNight_HEVC_SFR_396p_900K_58,42.06435476592414,EPLNight_58,HEVC,SFR,396p,900
701,Cricket2_HEVC_HFR_540p_1100K_210,58.48701738330793,Cricket2_210,HEVC,HFR,540p,1100
702,Cricket1_AVC_HFR_396p_900K_210,48.3443729063573,Cricket1_210,AVC,HFR,396p,900
703,Cricket2_HEVC_HFR_720p_2200K_210,62.95184981321007,Cricket2_210,HEVC,HFR,720p,2200
704,EPLNight_AVC_HFR_540p_1300K_58,50.96827413531584,EPLNight_58,AVC,HFR,540p,1300
705,USOpen_HEVC_SFR_288p_300K_604,37.227711899999996,USOpen_604,HEVC,SFR,288p,300
706,Cricket2_HEVC_SFR_540p_1900K_210,64.80192944042884,Cricket2_210,HEVC,SFR,540p,1900
707,TNFNFL_AVC_HFR_540p_1300K_4211,44.515729533333335,TNFNFL_4211,AVC,HFR,540p,1300
708,Cricket2_AVC_SFR_540p_1800K_210,63.11930705430668,Cricket2_210,AVC,SFR,540p,1800
709,EPLNight_AVC_SFR_396p_400K_58,33.59279291339407,EPLNight_58,AVC,SFR,396p,400
710,Cricket1_HEVC_HFR_396p_900K_210,50.67322600360636,Cricket1_210,HEVC,HFR,396p,900
711,Cricket2_AVC_HFR_288p_300K_210,35.12155621706218,Cricket2_210,AVC,HFR,288p,300
712,TNFNFL_AVC_SFR_396p_400K_4211,30.977095733333332,TNFNFL_4211,AVC,SFR,396p,400
713,EPLNight_HEVC_SFR_396p_600K_58,37.17887088688682,EPLNight_58,HEVC,SFR,396p,600
714,Cricket2_HEVC_SFR_540p_1100K_210,59.220818376150156,Cricket2_210,HEVC,SFR,540p,1100
715,USOpen_HEVC_SFR_720p_2200K_604,67.14123393333333,USOpen_604,HEVC,SFR,720p,2200
716,Cricket1_AVC_HFR_540p_1300K_210,54.57103436427439,Cricket1_210,AVC,HFR,540p,1300
717,Cricket2_AVC_SFR_540p_1200K_210,58.458472707454476,Cricket2_210,AVC,SFR,540p,1200
718,Cricket1_AVC_SFR_288p_200K_210,25.370137526297288,Cricket1_210,AVC,SFR,288p,200
719,EPLNight_AVC_HFR_396p_900K_58,42.131330948071636,EPLNight_58,AVC,HFR,396p,900
720,USOpen_HEVC_SFR_396p_600K_604,49.398302799999996,USOpen_604,HEVC,SFR,396p,600
721,Cricket1_AVC_HFR_540p_1900K_210,56.17715323135746,Cricket1_210,AVC,HFR,540p,1900
722,Cricket2_AVC_SFR_288p_200K_210,30.579304569223673,Cricket2_210,AVC,SFR,288p,200
723,TNFNFL_AVC_SFR_540p_1800K_4211,50.526873733333325,TNFNFL_4211,AVC,SFR,540p,1800
724,EPLNight_HEVC_HFR_396p_900K_58,39.3417223123712,EPLNight_58,HEVC,HFR,396p,900
725,USOpen_AVC_HFR_720p_2200K_604,72.37483783333333,USOpen_604,AVC,HFR,720p,2200
726,EPLNight_AVC_SFR_540p_1200K_58,49.806998950491135,EPLNight_58,AVC,SFR,540p,1200
727,USOpen_HEVC_HFR_396p_900K_604,52.25975573333334,USOpen_604,HEVC,HFR,396p,900
728,EPLNight_AVC_HFR_720p_2200K_58,65.61437407101687,EPLNight_58,AVC,HFR,720p,2200
729,USOpen_AVC_HFR_396p_600K_604,49.48226516666667,USOpen_604,AVC,HFR,396p,600
730,EPLNight_HEVC_HFR_540p_1100K_58,51.89967395364323,EPLNight_58,HEVC,HFR,540p,1100
731,Cricket1_HEVC_SFR_540p_1100K_210,56.20495604264349,Cricket1_210,HEVC,SFR,540p,1100
732,Cricket2_HEVC_SFR_720p_2200K_210,67.03858910305777,Cricket2_210,HEVC,SFR,720p,2200
733,Cricket1_AVC_HFR_720p_2200K_210,63.04316181683703,Cricket1_210,AVC,HFR,720p,2200
734,EPLDay_AVC_HFR_720p_2200K_8,52.877960705025664,EPLDay_8,AVC,HFR,720p,2200
735,EPLDay_AVC_HFR_720p_2200K_0,50.27878071103383,EPLDay_0,AVC,HFR,720p,2200
736,EPLDay_AVC_HFR_396p_600K_8,50.01150255235587,EPLDay_8,AVC,HFR,396p,600
737,EPLDay_AVC_HFR_396p_900K_0,51.223050392649334,EPLDay_0,AVC,HFR,396p,900
738,EPLDay_AVC_HFR_288p_300K_0,46.725074376943354,EPLDay_0,AVC,HFR,288p,300
739,EPLDay_AVC_HFR_288p_300K_8,44.38113550118013,EPLDay_8,AVC,HFR,288p,300
740,EPLDay_AVC_HFR_396p_900K_8,61.04895698639848,EPLDay_8,AVC,HFR,396p,900
741,EPLDay_AVC_HFR_396p_600K_0,53.16723057653172,EPLDay_0,AVC,HFR,396p,600
