,Unnamed: 0,video,mos,mos_std,content,codec,fr,res,bitrate,dmos
0,0,USOpen_AVC_HFR_396p_600K_12,44.1,12.644761761298628,USOpen_12,AVC,HFR,396p,600,-29.43333333333333
1,1,Cricket1_AVC_HFR_288p_300K_198,19.666666666666668,15.544202206038824,Cricket1_198,AVC,HFR,288p,300,-41.900000000000006
3,3,Cricket1_HEVC_HFR_396p_900K_198,35.7,17.027722494019372,Cricket1_198,HEVC,HFR,396p,900,-25.866666666666667
4,4,TNFNFL_AVC_SFR_396p_800K_3184,34.36666666666667,13.237530820444654,TNFNFL_3184,AVC,SFR,396p,800,-29.666666666666664
5,5,Cricket1_HEVC_SFR_720p_2200K_198,58.43333333333333,17.56261812929825,Cricket1_198,HEVC,SFR,720p,2200,-3.13333333333334
6,6,EPLDay_HEVC_SFR_396p_600K_20,30.566666666666663,17.077633195368602,EPLDay_20,HEVC,SFR,396p,600,-57.46666666666667
7,7,Cricket1_HEVC_HFR_540p_1100K_198,40.3,18.45923436476533,Cricket1_198,HEVC,HFR,540p,1100,-21.266666666666673
8,8,TNFNFL_AVC_SFR_720p_2000K_3184,59.6,16.013744096868788,TNFNFL_3184,AVC,SFR,720p,2000,-4.43333333333333
10,10,EPLDay_HEVC_SFR_396p_900K_20,39.8,17.38275007011261,EPLDay_20,HEVC,SFR,396p,900,-48.233333333333334
11,11,Cricket1_HEVC_HFR_288p_300K_198,22.3,17.7672920465294,Cricket1_198,HEVC,HFR,288p,300,-39.266666666666666
12,12,EPLDay_AVC_SFR_288p_200K_20,6.434782608695652,7.688648249807163,EPLDay_20,AVC,SFR,288p,200,-81.59855072463768
13,13,USOpen_HEVC_SFR_288p_300K_12,30.33333333333333,12.466844918511748,USOpen_12,HEVC,SFR,288p,300,-43.2
14,14,TNFF_HEVC_SFR_720p_2200K_32,81.36666666666666,16.263421807506834,TNFF_32,HEVC,SFR,720p,2200,-7.333333333333343
16,16,TNFF_AVC_SFR_396p_800K_32,41.53333333333333,15.679569155078491,TNFF_32,AVC,SFR,396p,800,-47.16666666666667
17,17,USOpen_AVC_HFR_720p_2200K_12,60.8,17.384667574235255,USOpen_12,AVC,HFR,720p,2200,-12.733333333333334
18,18,TNFF_AVC_HFR_540p_1900K_32,60.766666666666666,20.28247738539079,TNFF_32,AVC,HFR,540p,1900,-27.933333333333337
19,19,TNFNFL_AVC_SFR_540p_1800K_3184,48.86666666666667,17.783388003664793,TNFNFL_3184,AVC,SFR,540p,1800,-15.166666666666664
20,20,TNFF_HEVC_HFR_540p_1100K_32,63.266666666666666,13.987931306030289,TNFF_32,HEVC,HFR,540p,1100,-25.433333333333337
21,21,EPLDay_AVC_HFR_288p_300K_20,3.8666666666666663,4.978174587358525,EPLDay_20,AVC,HFR,288p,300,-84.16666666666667
22,22,Cricket1_AVC_SFR_288p_200K_198,11.166666666666666,11.48936706505435,Cricket1_198,AVC,SFR,288p,200,-50.400000000000006
23,23,TNFF_AVC_SFR_288p_200K_32,9.419354838709678,10.092393154438986,TNFF_32,AVC,SFR,288p,200,-79.28064516129032
24,24,Cricket1_AVC_SFR_540p_1200K_198,45.1,16.813387523042465,Cricket1_198,AVC,SFR,540p,1200,-16.46666666666667
25,25,TNFF_AVC_HFR_720p_2200K_32,68.96666666666667,14.914161800859684,TNFF_32,AVC,HFR,720p,2200,-19.733333333333334
26,26,Cricket1_HEVC_SFR_396p_900K_198,39.8,14.577151070539584,Cricket1_198,HEVC,SFR,396p,900,-21.766666666666673
27,27,TNFNFL_AVC_HFR_396p_600K_3184,24.83333333333333,14.731108429291922,TNFNFL_3184,AVC,HFR,396p,600,-39.2
28,28,Cricket1_HEVC_SFR_288p_300K_198,27.966666666666665,16.3635434901966,Cricket1_198,HEVC,SFR,288p,300,-33.60000000000001
29,29,TNFF_HEVC_HFR_288p_300K_32,24.73333333333333,17.126847021237996,TNFF_32,HEVC,HFR,288p,300,-63.96666666666667
30,30,TNFNFL_HEVC_SFR_540p_1100K_3184,47.23333333333333,15.873842914961989,TNFNFL_3184,HEVC,SFR,540p,1100,-16.800000000000004
31,31,EPLDay_AVC_HFR_540p_1900K_20,49.73333333333333,16.433569978012148,EPLDay_20,AVC,HFR,540p,1900,-38.300000000000004
32,32,USOpen_AVC_SFR_396p_800K_12,47.766666666666666,17.097140761607545,USOpen_12,AVC,SFR,396p,800,-25.766666666666666
33,33,TNFNFL_HEVC_SFR_288p_300K_3184,17.366666666666667,15.706651103557654,TNFNFL_3184,HEVC,SFR,288p,300,-46.666666666666664
34,34,USOpen_AVC_SFR_288p_200K_12,26.133333333333333,13.994602133997551,USOpen_12,AVC,SFR,288p,200,-47.4
35,35,TNFF_AVC_HFR_396p_900K_32,41.266666666666666,16.00819234711472,TNFF_32,AVC,HFR,396p,900,-47.43333333333334
36,36,USOpen_HEVC_HFR_540p_1900K_12,62.333333333333336,19.93879523831757,USOpen_12,HEVC,HFR,540p,1900,-11.199999999999996
37,37,TNFNFL_HEVC_HFR_396p_600K_3184,31.6,16.49363513601535,TNFNFL_3184,HEVC,HFR,396p,600,-32.43333333333333
38,38,TNFF_AVC_SFR_720p_2000K_32,67.9,14.44610674195646,TNFF_32,AVC,SFR,720p,2000,-20.799999999999997
39,39,EPLDay_AVC_HFR_396p_900K_20,33.733333333333334,18.711731317248248,EPLDay_20,AVC,HFR,396p,900,-54.3
40,40,TNFF_HEVC_HFR_540p_1900K_32,69.23333333333333,13.50477281885515,TNFF_32,HEVC,HFR,540p,1900,-19.46666666666667
41,41,EPLDay_HEVC_HFR_540p_1900K_20,56.6,18.431133081464814,EPLDay_20,HEVC,HFR,540p,1900,-31.43333333333333
42,42,Cricket1_HEVC_SFR_396p_600K_198,40.16666666666666,14.245662107774734,Cricket1_198,HEVC,SFR,396p,600,-21.400000000000013
43,43,USOpen_AVC_HFR_288p_300K_12,28.633333333333333,15.602314643097744,USOpen_12,AVC,HFR,288p,300,-44.9
44,44,TNFF_AVC_SFR_540p_1200K_32,51.43333333333333,19.04500517779458,TNFF_32,AVC,SFR,540p,1200,-37.26666666666667
45,45,USOpen_HEVC_HFR_396p_900K_12,48.4,13.65674436557508,USOpen_12,HEVC,HFR,396p,900,-25.133333333333333
46,46,TNFNFL_AVC_SFR_540p_1200K_3184,46.93333333333333,18.651064908530618,TNFNFL_3184,AVC,SFR,540p,1200,-17.1
47,47,USOpen_HEVC_HFR_396p_600K_12,50.2,14.45775455133565,USOpen_12,HEVC,HFR,396p,600,-23.33333333333333
48,48,TNFF_HEVC_HFR_720p_2200K_32,73.46666666666667,16.34570959677867,TNFF_32,HEVC,HFR,720p,2200,-15.233333333333334
49,49,USOpen_HEVC_SFR_396p_900K_12,46.4,14.62326912834473,USOpen_12,HEVC,SFR,396p,900,-27.133333333333333
50,50,EPLDay_HEVC_SFR_720p_2200K_20,62.73333333333333,19.71451805706196,EPLDay_20,HEVC,SFR,720p,2200,-25.300000000000004
51,51,TNFF_AVC_SFR_540p_1800K_32,60.6,16.424778029956244,TNFF_32,AVC,SFR,540p,1800,-28.1
52,52,EPLDay_AVC_HFR_540p_1300K_20,42.1,16.92010638264429,EPLDay_20,AVC,HFR,540p,1300,-45.93333333333333
53,53,TNFF_AVC_HFR_396p_600K_32,32.1,18.017306494960152,TNFF_32,AVC,HFR,396p,600,-56.6
54,54,USOpen_HEVC_SFR_540p_1100K_12,56.93333333333333,18.91195976683068,USOpen_12,HEVC,SFR,540p,1100,-16.6
55,55,TNFNFL_HEVC_HFR_540p_1900K_3184,50.1,17.80327685193562,TNFNFL_3184,HEVC,HFR,540p,1900,-13.93333333333333
56,56,USOpen_HEVC_HFR_720p_2200K_12,68.86666666666666,15.493511186586757,USOpen_12,HEVC,HFR,720p,2200,-4.666666666666671
57,57,EPLDay_HEVC_HFR_288p_300K_20,12.0,11.6619037896906,EPLDay_20,HEVC,HFR,288p,300,-76.03333333333333
58,58,Cricket1_AVC_HFR_540p_1900K_198,49.56666666666667,16.3027264250152,Cricket1_198,AVC,HFR,540p,1900,-12.0
59,59,TNFNFL_AVC_HFR_540p_1300K_3184,43.7,14.085808461000738,TNFNFL_3184,AVC,HFR,540p,1300,-20.33333333333333
60,60,EPLDay_AVC_HFR_720p_2200K_20,52.6,19.436391983424635,EPLDay_20,AVC,HFR,720p,2200,-35.43333333333333
61,61,TNFNFL_HEVC_HFR_720p_2200K_3184,56.66666666666666,14.736198816369017,TNFNFL_3184,HEVC,HFR,720p,2200,-7.366666666666674
62,62,USOpen_AVC_HFR_396p_900K_12,45.53333333333333,14.910250016534114,USOpen_12,AVC,HFR,396p,900,-28.0
63,63,EPLDay_HEVC_SFR_540p_1100K_20,46.93333333333333,13.483158218887574,EPLDay_20,HEVC,SFR,540p,1100,-41.1
64,64,USOpen_AVC_SFR_540p_1800K_12,56.5,13.603308421115798,USOpen_12,AVC,SFR,540p,1800,-17.03333333333333
65,65,EPLDay_AVC_SFR_720p_2000K_20,54.625,16.2193621432328,EPLDay_20,AVC,SFR,720p,2000,-33.40833333333333
66,66,Cricket1_HEVC_HFR_396p_600K_198,30.266666666666666,13.99507850003787,Cricket1_198,HEVC,HFR,396p,600,-31.300000000000004
67,67,USOpen_HEVC_SFR_720p_2200K_12,67.33333333333333,17.05546507395471,USOpen_12,HEVC,SFR,720p,2200,-6.200000000000003
68,68,TNFNFL_AVC_HFR_540p_1900K_3184,49.2,16.418282492392436,TNFNFL_3184,AVC,HFR,540p,1900,-14.833333333333329
69,69,EPLDay_AVC_SFR_396p_800K_20,32.77272727272727,15.329507547631549,EPLDay_20,AVC,SFR,396p,800,-55.26060606060606
70,70,USOpen_HEVC_SFR_540p_1900K_12,61.16666666666666,14.116381343043344,USOpen_12,HEVC,SFR,540p,1900,-12.366666666666674
71,71,TNFNFL_HEVC_SFR_396p_600K_3184,34.53333333333333,18.346177319055386,TNFNFL_3184,HEVC,SFR,396p,600,-29.5
72,72,EPLDay_AVC_SFR_540p_1800K_20,49.96666666666667,18.10429660482714,EPLDay_20,AVC,SFR,540p,1800,-38.06666666666666
73,73,TNFNFL_HEVC_HFR_288p_300K_3184,9.633333333333333,9.928018712490198,TNFNFL_3184,HEVC,HFR,288p,300,-54.4
74,74,USOpen_HEVC_SFR_396p_600K_12,47.73333333333333,15.064159083363696,USOpen_12,HEVC,SFR,396p,600,-25.800000000000004
75,75,Cricket1_AVC_HFR_396p_600K_198,30.53333333333333,12.571749635149793,Cricket1_198,AVC,HFR,396p,600,-31.03333333333334
76,76,TNFNFL_AVC_HFR_720p_2200K_3184,57.16666666666666,15.63134315690398,TNFNFL_3184,AVC,HFR,720p,2200,-6.866666666666674
77,77,Cricket1_HEVC_SFR_540p_1100K_198,48.36666666666667,14.32360134727142,Cricket1_198,HEVC,SFR,540p,1100,-13.200000000000003
78,78,TNFNFL_AVC_HFR_396p_900K_3184,36.2,14.837789592793126,TNFNFL_3184,AVC,HFR,396p,900,-27.83333333333333
79,79,TNFF_HEVC_HFR_396p_900K_32,46.43333333333333,13.737256721129668,TNFF_32,HEVC,HFR,396p,900,-42.26666666666667
80,80,TNFNFL_HEVC_SFR_540p_1900K_3184,51.333333333333336,17.991355949146495,TNFNFL_3184,HEVC,SFR,540p,1900,-12.699999999999996
81,81,EPLDay_AVC_SFR_396p_400K_20,21.954545454545453,11.439474212040247,EPLDay_20,AVC,SFR,396p,400,-66.07878787878788
82,82,Cricket1_HEVC_HFR_720p_2200K_198,52.56666666666667,19.810238654684493,Cricket1_198,HEVC,HFR,720p,2200,-9.0
83,83,EPLDay_HEVC_SFR_288p_300K_20,14.566666666666666,10.886331899323215,EPLDay_20,HEVC,SFR,288p,300,-73.46666666666667
85,85,Cricket1_HEVC_HFR_540p_1900K_198,47.766666666666666,17.2175943602919,Cricket1_198,HEVC,HFR,540p,1900,-13.800000000000004
86,86,TNFNFL_HEVC_HFR_540p_1100K_3184,43.333333333333336,19.608388227717462,TNFNFL_3184,HEVC,HFR,540p,1100,-20.699999999999996
87,87,Cricket1_AVC_HFR_720p_2200K_198,52.23333333333333,16.65269414305752,Cricket1_198,AVC,HFR,720p,2200,-9.333333333333343
88,88,TNFF_HEVC_SFR_540p_1100K_32,65.8,13.898201322473351,TNFF_32,HEVC,SFR,540p,1100,-22.900000000000006
89,89,USOpen_HEVC_HFR_540p_1100K_12,57.96666666666667,16.531753956821667,USOpen_12,HEVC,HFR,540p,1100,-15.566666666666663
90,90,TNFF_HEVC_SFR_288p_300K_32,30.466666666666665,15.959810636581988,TNFF_32,HEVC,SFR,288p,300,-58.233333333333334
91,91,TNFNFL_HEVC_HFR_396p_900K_3184,34.86666666666667,15.549347967751643,TNFNFL_3184,HEVC,HFR,396p,900,-29.166666666666664
92,92,EPLDay_AVC_HFR_396p_600K_20,19.666666666666668,15.062831370260003,EPLDay_20,AVC,HFR,396p,600,-68.36666666666666
93,93,USOpen_AVC_SFR_396p_400K_12,42.63333333333333,12.916354834945588,USOpen_12,AVC,SFR,396p,400,-30.9
94,94,EPLDay_HEVC_HFR_720p_2200K_20,65.66666666666667,15.087154212184029,EPLDay_20,HEVC,HFR,720p,2200,-22.36666666666666
95,95,TNFF_HEVC_SFR_540p_1900K_32,74.6,14.015705476357589,TNFF_32,HEVC,SFR,540p,1900,-14.100000000000009
96,96,EPLDay_HEVC_HFR_396p_600K_20,33.06666666666667,15.842839251711023,EPLDay_20,HEVC,HFR,396p,600,-54.96666666666666
97,97,Cricket1_AVC_SFR_396p_800K_198,36.96666666666667,17.786667916041935,Cricket1_198,AVC,SFR,396p,800,-24.6
98,98,USOpen_AVC_HFR_540p_1900K_12,56.5,11.856784274554942,USOpen_12,AVC,HFR,540p,1900,-17.03333333333333
99,99,Cricket1_AVC_HFR_540p_1300K_198,43.333333333333336,16.729880121772805,Cricket1_198,AVC,HFR,540p,1300,-18.233333333333334
100,100,TNFNFL_HEVC_SFR_396p_900K_3184,38.06666666666667,16.719117467405056,TNFNFL_3184,HEVC,SFR,396p,900,-25.96666666666666
101,101,Cricket1_AVC_SFR_720p_2000K_198,50.06666666666667,18.016535614694504,Cricket1_198,AVC,SFR,720p,2000,-11.5
102,102,TNFF_AVC_HFR_540p_1300K_32,55.4,16.422748450447223,TNFF_32,AVC,HFR,540p,1300,-33.300000000000004
103,103,USOpen_AVC_SFR_720p_2000K_12,65.66666666666667,16.986923074987875,USOpen_12,AVC,SFR,720p,2000,-7.86666666666666
104,104,EPLDay_AVC_SFR_540p_1200K_20,43.766666666666666,16.954219402719655,EPLDay_20,AVC,SFR,540p,1200,-44.266666666666666
105,105,Cricket1_AVC_SFR_540p_1800K_198,48.6,19.371112513224425,Cricket1_198,AVC,SFR,540p,1800,-12.966666666666669
106,106,TNFNFL_AVC_SFR_396p_400K_3184,20.9,14.783662153426894,TNFNFL_3184,AVC,SFR,396p,400,-43.13333333333333
107,107,USOpen_HEVC_HFR_288p_300K_12,31.433333333333334,15.641149432044804,USOpen_12,HEVC,HFR,288p,300,-42.099999999999994
108,108,TNFF_HEVC_SFR_396p_600K_32,44.56666666666667,15.045892758121363,TNFF_32,HEVC,SFR,396p,600,-44.13333333333333
109,109,TNFNFL_AVC_SFR_288p_200K_3184,5.8,7.4359487177718835,TNFNFL_3184,AVC,SFR,288p,200,-58.233333333333334
110,110,Cricket1_HEVC_SFR_540p_1900K_198,53.13333333333333,18.31344375649272,Cricket1_198,HEVC,SFR,540p,1900,-8.433333333333337
112,112,Cricket1_AVC_HFR_396p_900K_198,37.23333333333333,17.484628169401322,Cricket1_198,AVC,HFR,396p,900,-24.333333333333343
113,113,EPLDay_HEVC_HFR_540p_1100K_20,47.6,15.91142147431628,EPLDay_20,HEVC,HFR,540p,1100,-40.43333333333333
114,114,TNFF_HEVC_HFR_396p_600K_32,45.96666666666667,17.809142471089267,TNFF_32,HEVC,HFR,396p,600,-42.733333333333334
115,115,EPLDay_HEVC_HFR_396p_900K_20,40.66666666666666,17.63015094156094,EPLDay_20,HEVC,HFR,396p,900,-47.366666666666674
116,116,TNFF_AVC_HFR_288p_300K_32,22.166666666666668,13.930980662617484,TNFF_32,AVC,HFR,288p,300,-66.53333333333333
117,117,TNFNFL_HEVC_SFR_720p_2200K_3184,62.833333333333336,15.440387156919206,TNFNFL_3184,HEVC,SFR,720p,2200,-1.1999999999999957
118,118,TNFF_AVC_SFR_396p_400K_32,29.9,17.52017884231399,TNFF_32,AVC,SFR,396p,400,-58.800000000000004
119,119,EPLDay_HEVC_SFR_540p_1900K_20,56.36666666666667,15.909081962479448,EPLDay_20,HEVC,SFR,540p,1900,-31.666666666666664
120,120,USOpen_AVC_SFR_540p_1200K_12,54.7,17.91675193778158,USOpen_12,AVC,SFR,540p,1200,-18.83333333333333
121,121,TNFF_HEVC_SFR_396p_900K_32,50.766666666666666,17.993856976448626,TNFF_32,HEVC,SFR,396p,900,-37.93333333333334
122,122,Cricket1_AVC_SFR_396p_400K_198,23.53333333333333,14.923657579680512,Cricket1_198,AVC,SFR,396p,400,-38.03333333333334
123,123,TNFNFL_AVC_HFR_288p_300K_3184,14.266666666666667,19.570272240200328,TNFNFL_3184,AVC,HFR,288p,300,-49.766666666666666
124,124,USOpen_AVC_HFR_540p_1300K_12,56.36666666666667,16.947926782418616,USOpen_12,AVC,HFR,540p,1300,-17.166666666666664
125,125,USOpen_AVC_HFR_396p_600K_176,36.32142857142857,13.33109568808573,USOpen_176,AVC,HFR,396p,600,-45.4563492063492
126,126,EPLDay_HEVC_HFR_288p_300K_48,17.464285714285715,12.385135511275324,EPLDay_48,HEVC,HFR,288p,300,-70.89285714285714
128,128,EPLDay_AVC_SFR_288p_200K_48,14.181818181818182,17.491910763228823,EPLDay_48,AVC,SFR,288p,200,-74.17532467532467
129,129,Cricket2_AVC_SFR_396p_800K_120,34.5,12.50571298018858,Cricket2_120,AVC,SFR,396p,800,-31.714285714285708
130,130,EPLDay_HEVC_SFR_720p_2200K_48,63.92857142857143,17.75815420634494,EPLDay_48,HEVC,SFR,720p,2200,-24.42857142857143
131,131,EPLNight_HEVC_SFR_540p_1100K_20,50.85714285714285,16.24525048330453,EPLNight_20,HEVC,SFR,540p,1100,-42.03571428571429
132,132,EPLDay_AVC_SFR_396p_400K_48,27.17391304347826,12.171428317859265,EPLDay_48,AVC,SFR,396p,400,-61.183229813664596
133,133,Cricket2_HEVC_HFR_540p_1100K_120,46.17857142857143,15.995654703317246,Cricket2_120,HEVC,HFR,540p,1100,-20.035714285714278
135,135,EPLNight_HEVC_SFR_396p_600K_20,33.07142857142857,17.336848806245392,EPLNight_20,HEVC,SFR,396p,600,-59.82142857142857
136,136,EPLDay_AVC_HFR_288p_300K_48,19.821428571428573,13.112299491667496,EPLDay_48,AVC,HFR,288p,300,-68.53571428571429
137,137,EPLNight_AVC_SFR_396p_400K_20,27.714285714285715,13.765529264011878,EPLNight_20,AVC,SFR,396p,400,-65.17857142857142
138,138,USOpen_HEVC_SFR_288p_300K_176,22.892857142857142,17.03848435100939,USOpen_176,HEVC,SFR,288p,300,-58.88492063492063
139,139,TNFF_HEVC_SFR_720p_2200K_304,71.46428571428571,12.231347732238618,TNFF_304,HEVC,SFR,720p,2200,-10.0
141,141,TNFF_AVC_SFR_396p_800K_304,37.71428571428572,18.06309802343113,TNFF_304,AVC,SFR,396p,800,-43.749999999999986
142,142,USOpen_AVC_HFR_720p_2200K_176,70.82142857142857,13.817828988635794,USOpen_176,AVC,HFR,720p,2200,-10.956349206349202
143,143,TNFF_AVC_HFR_540p_1900K_304,56.21428571428572,16.90383967974044,TNFF_304,AVC,HFR,540p,1900,-25.249999999999986
144,144,Cricket2_HEVC_HFR_396p_600K_120,31.964285714285715,15.001147915260024,Cricket2_120,HEVC,HFR,396p,600,-34.24999999999999
145,145,TNFF_HEVC_HFR_540p_1100K_304,48.25,14.54211863126258,TNFF_304,HEVC,HFR,540p,1100,-33.21428571428571
146,146,EPLNight_AVC_HFR_396p_600K_20,31.785714285714285,15.117060236834464,EPLNight_20,AVC,HFR,396p,600,-61.107142857142854
147,147,EPLDay_HEVC_HFR_540p_1900K_48,55.67857142857143,15.910584014217372,EPLDay_48,HEVC,HFR,540p,1900,-32.67857142857143
148,148,TNFF_AVC_SFR_288p_200K_304,4.964285714285714,7.292276456523528,TNFF_304,AVC,SFR,288p,200,-76.5
149,149,EPLDay_HEVC_SFR_396p_900K_48,38.392857142857146,16.27298217843281,EPLDay_48,HEVC,SFR,396p,900,-49.964285714285715
150,150,TNFF_AVC_HFR_720p_2200K_304,63.71428571428572,17.862284973927494,TNFF_304,AVC,HFR,720p,2200,-17.749999999999986
151,151,EPLDay_AVC_SFR_540p_1200K_48,47.82142857142857,17.5439317376786,EPLDay_48,AVC,SFR,540p,1200,-40.53571428571429
152,152,Cricket2_AVC_HFR_396p_600K_120,25.607142857142858,11.742290132296189,Cricket2_120,AVC,HFR,396p,600,-40.60714285714285
153,153,EPLDay_AVC_HFR_540p_1900K_48,56.96428571428572,15.509172730210668,EPLDay_48,AVC,HFR,540p,1900,-31.39285714285714
154,154,TNFF_HEVC_HFR_288p_300K_304,9.035714285714286,9.574826156038936,TNFF_304,HEVC,HFR,288p,300,-72.42857142857142
155,155,Cricket2_HEVC_SFR_396p_900K_120,41.60714285714285,14.226080892186028,Cricket2_120,HEVC,SFR,396p,900,-24.60714285714286
156,156,EPLNight_AVC_HFR_540p_1900K_20,56.21428571428572,19.797830225372,EPLNight_20,AVC,HFR,540p,1900,-36.678571428571416
157,157,USOpen_AVC_SFR_396p_800K_176,42.46428571428572,16.249136554768384,USOpen_176,AVC,SFR,396p,800,-39.31349206349205
158,158,Cricket2_HEVC_HFR_396p_900K_120,38.57142857142857,17.013500041833527,Cricket2_120,HEVC,HFR,396p,900,-27.64285714285714
159,159,USOpen_AVC_SFR_288p_200K_176,11.178571428571429,11.470625750238773,USOpen_176,AVC,SFR,288p,200,-70.59920634920634
160,160,TNFF_AVC_HFR_396p_900K_304,39.85714285714285,14.6621823695088,TNFF_304,AVC,HFR,396p,900,-41.60714285714286
161,161,USOpen_HEVC_HFR_540p_1900K_176,59.35714285714285,19.194891965078117,USOpen_176,HEVC,HFR,540p,1900,-22.420634920634924
162,162,Cricket2_AVC_SFR_540p_1800K_120,42.32142857142857,18.051619577970147,Cricket2_120,AVC,SFR,540p,1800,-23.89285714285714
163,163,TNFF_AVC_SFR_720p_2000K_304,62.785714285714285,14.760848656538164,TNFF_304,AVC,SFR,720p,2000,-18.678571428571423
164,164,EPLNight_AVC_SFR_288p_200K_20,8.964285714285714,12.164004694346415,EPLNight_20,AVC,SFR,288p,200,-83.92857142857143
165,165,TNFF_HEVC_HFR_540p_1900K_304,59.642857142857146,15.71444805110954,TNFF_304,HEVC,HFR,540p,1900,-21.821428571428562
166,166,EPLNight_HEVC_HFR_396p_600K_20,30.928571428571427,14.347544766137744,EPLNight_20,HEVC,HFR,396p,600,-61.96428571428571
167,167,EPLDay_AVC_HFR_720p_2200K_48,67.53571428571429,15.469975858456422,EPLDay_48,AVC,HFR,720p,2200,-20.82142857142857
168,168,USOpen_AVC_HFR_288p_300K_176,15.571428571428571,14.064719212647375,USOpen_176,AVC,HFR,288p,300,-66.2063492063492
169,169,TNFF_AVC_SFR_540p_1200K_304,47.25,14.654655525512313,TNFF_304,AVC,SFR,540p,1200,-34.21428571428571
170,170,USOpen_HEVC_HFR_396p_900K_176,42.32142857142857,16.97277982836167,USOpen_176,HEVC,HFR,396p,900,-39.4563492063492
171,171,Cricket2_AVC_HFR_720p_2200K_120,48.5,17.913482552057186,Cricket2_120,AVC,HFR,720p,2200,-17.714285714285708
172,172,USOpen_HEVC_HFR_396p_600K_176,36.60714285714285,12.251353527888504,USOpen_176,HEVC,HFR,396p,600,-45.170634920634924
173,173,TNFF_HEVC_HFR_720p_2200K_304,69.75,11.682175066558209,TNFF_304,HEVC,HFR,720p,2200,-11.714285714285708
174,174,USOpen_HEVC_SFR_396p_900K_176,37.642857142857146,14.147726434494912,USOpen_176,HEVC,SFR,396p,900,-44.134920634920626
175,175,EPLNight_HEVC_SFR_540p_1900K_20,54.142857142857146,14.872588125508631,EPLNight_20,HEVC,SFR,540p,1900,-38.74999999999999
176,176,TNFF_AVC_SFR_540p_1800K_304,57.82142857142857,18.394590764345786,TNFF_304,AVC,SFR,540p,1800,-23.64285714285714
177,177,EPLNight_AVC_HFR_540p_1300K_20,51.5,18.45554504362152,EPLNight_20,AVC,HFR,540p,1300,-41.39285714285714
178,178,TNFF_AVC_HFR_396p_600K_304,28.178571428571427,14.69706863733759,TNFF_304,AVC,HFR,396p,600,-53.28571428571428
179,179,USOpen_HEVC_SFR_540p_1100K_176,50.92857142857143,16.17522040350736,USOpen_176,HEVC,SFR,540p,1100,-30.84920634920634
180,180,Cricket2_HEVC_HFR_540p_1900K_120,49.57142857142857,19.002685094910312,Cricket2_120,HEVC,HFR,540p,1900,-16.64285714285714
181,181,USOpen_HEVC_HFR_720p_2200K_176,72.46428571428571,15.058177993694851,USOpen_176,HEVC,HFR,720p,2200,-9.313492063492063
182,182,EPLNight_HEVC_HFR_288p_300K_20,13.571428571428571,11.393696789480236,EPLNight_20,HEVC,HFR,288p,300,-79.32142857142857
183,183,EPLDay_AVC_HFR_396p_900K_48,40.92857142857143,15.777308686457111,EPLDay_48,AVC,HFR,396p,900,-47.42857142857143
184,184,Cricket2_AVC_SFR_396p_400K_120,28.285714285714285,12.217835741410244,Cricket2_120,AVC,SFR,396p,400,-37.92857142857142
185,185,EPLNight_AVC_SFR_396p_800K_20,34.857142857142854,12.33958289904683,EPLNight_20,AVC,SFR,396p,800,-58.035714285714285
186,186,Cricket2_HEVC_SFR_720p_2200K_120,56.75,17.422532618914587,Cricket2_120,HEVC,SFR,720p,2200,-9.464285714285708
187,187,USOpen_AVC_HFR_396p_900K_176,36.85714285714285,16.066189622296623,USOpen_176,AVC,HFR,396p,900,-44.920634920634924
188,188,EPLNight_AVC_HFR_288p_300K_20,16.107142857142858,13.557652782823132,EPLNight_20,AVC,HFR,288p,300,-76.78571428571428
189,189,USOpen_AVC_SFR_540p_1800K_176,53.71428571428572,16.790424870947692,USOpen_176,AVC,SFR,540p,1800,-28.06349206349205
190,190,EPLNight_AVC_SFR_720p_2000K_20,67.14285714285714,16.61263350094544,EPLNight_20,AVC,SFR,720p,2000,-25.75
191,191,EPLDay_AVC_HFR_396p_600K_48,31.214285714285715,14.984175326125946,EPLDay_48,AVC,HFR,396p,600,-57.142857142857146
192,192,USOpen_HEVC_SFR_720p_2200K_176,67.28571428571429,17.22717359882583,USOpen_176,HEVC,SFR,720p,2200,-14.49206349206348
193,193,Cricket2_AVC_HFR_540p_1900K_120,46.57142857142857,17.92529850603923,Cricket2_120,AVC,HFR,540p,1900,-19.64285714285714
194,194,EPLNight_AVC_SFR_540p_1200K_20,46.642857142857146,14.03875830313627,EPLNight_20,AVC,SFR,540p,1200,-46.24999999999999
195,195,USOpen_HEVC_SFR_540p_1900K_176,60.642857142857146,14.995747696583583,USOpen_176,HEVC,SFR,540p,1900,-21.134920634920626
196,196,Cricket2_HEVC_SFR_396p_600K_120,35.0,15.505759298679036,Cricket2_120,HEVC,SFR,396p,600,-31.214285714285708
197,197,EPLNight_AVC_SFR_540p_1800K_20,57.35714285714285,15.764368243683252,EPLNight_20,AVC,SFR,540p,1800,-35.53571428571429
198,198,Cricket2_AVC_SFR_540p_1200K_120,43.25,18.62913424872833,Cricket2_120,AVC,SFR,540p,1200,-22.964285714285708
199,199,USOpen_HEVC_SFR_396p_600K_176,40.42857142857143,15.015298321161302,USOpen_176,HEVC,SFR,396p,600,-41.34920634920634
200,200,EPLDay_HEVC_HFR_396p_900K_48,36.642857142857146,11.970840421965503,EPLDay_48,HEVC,HFR,396p,900,-51.714285714285715
201,201,Cricket2_HEVC_HFR_288p_300K_120,15.071428571428571,14.79847620396045,Cricket2_120,HEVC,HFR,288p,300,-51.14285714285714
202,202,EPLDay_AVC_SFR_720p_2000K_48,61.47619047619048,18.494835952667973,EPLDay_48,AVC,SFR,720p,2000,-26.88095238095238
203,203,Cricket2_AVC_SFR_288p_200K_120,10.214285714285714,10.383218407112311,Cricket2_120,AVC,SFR,288p,200,-55.99999999999999
204,204,TNFF_HEVC_HFR_396p_900K_304,35.42857142857143,13.382901061291848,TNFF_304,HEVC,HFR,396p,900,-46.03571428571428
205,205,Cricket2_HEVC_SFR_540p_1100K_120,48.535714285714285,16.336816753353546,Cricket2_120,HEVC,SFR,540p,1100,-17.678571428571423
206,206,EPLNight_AVC_HFR_720p_2200K_20,70.71428571428571,18.031435135929268,EPLNight_20,AVC,HFR,720p,2200,-22.17857142857143
207,207,EPLDay_AVC_SFR_396p_800K_48,34.333333333333336,12.174654911833116,EPLDay_48,AVC,SFR,396p,800,-54.023809523809526
208,208,EPLNight_HEVC_SFR_288p_300K_20,16.571428571428573,12.149158029111586,EPLNight_20,HEVC,SFR,288p,300,-76.32142857142857
210,210,EPLDay_AVC_SFR_540p_1800K_48,50.57142857142857,16.003188457814478,EPLDay_48,AVC,SFR,540p,1800,-37.78571428571429
211,211,Cricket2_HEVC_SFR_288p_300K_120,18.392857142857142,12.644420807258053,Cricket2_120,HEVC,SFR,288p,300,-47.82142857142857
212,212,EPLDay_AVC_HFR_540p_1300K_48,50.32142857142857,13.734871083248994,EPLDay_48,AVC,HFR,540p,1300,-38.03571428571429
213,213,TNFF_HEVC_SFR_540p_1100K_304,51.10714285714285,16.05423683667845,TNFF_304,HEVC,SFR,540p,1100,-30.35714285714286
214,214,USOpen_HEVC_HFR_540p_1100K_176,55.25,12.91628263638022,USOpen_176,HEVC,HFR,540p,1100,-26.52777777777777
215,215,TNFF_HEVC_SFR_288p_300K_304,12.321428571428571,8.203020225278403,TNFF_304,HEVC,SFR,288p,300,-69.14285714285714
216,216,Cricket2_AVC_SFR_720p_2000K_120,51.75,18.019087102292392,Cricket2_120,AVC,SFR,720p,2000,-14.464285714285708
217,217,EPLNight_AVC_HFR_396p_900K_20,40.392857142857146,15.0103280770139,EPLNight_20,AVC,HFR,396p,900,-52.49999999999999
218,218,USOpen_AVC_SFR_396p_400K_176,31.035714285714285,13.81635196543042,USOpen_176,AVC,SFR,396p,400,-50.74206349206349
219,219,EPLNight_HEVC_HFR_720p_2200K_20,71.14285714285714,19.48940057297498,EPLNight_20,HEVC,HFR,720p,2200,-21.75
220,220,TNFF_HEVC_SFR_540p_1900K_304,59.42857142857143,12.91573948833795,TNFF_304,HEVC,SFR,540p,1900,-22.035714285714278
221,221,EPLNight_HEVC_HFR_540p_1100K_20,51.46428571428572,19.117086865003294,EPLNight_20,HEVC,HFR,540p,1100,-41.428571428571416
222,222,EPLDay_HEVC_HFR_540p_1100K_48,51.642857142857146,20.3262924131605,EPLDay_48,HEVC,HFR,540p,1100,-36.714285714285715
223,223,USOpen_AVC_HFR_540p_1900K_176,50.35714285714285,15.82993160736576,USOpen_176,AVC,HFR,540p,1900,-31.420634920634924
224,224,EPLDay_HEVC_SFR_540p_1100K_48,50.392857142857146,20.976754627298227,EPLDay_48,HEVC,SFR,540p,1100,-37.964285714285715
225,225,Cricket2_HEVC_HFR_720p_2200K_120,55.0,20.092642576681783,Cricket2_120,HEVC,HFR,720p,2200,-11.214285714285708
226,226,EPLDay_HEVC_SFR_540p_1900K_48,54.0,17.578395831246947,EPLDay_48,HEVC,SFR,540p,1900,-34.35714285714286
227,227,TNFF_AVC_HFR_540p_1300K_304,51.35714285714285,16.464711801118096,TNFF_304,AVC,HFR,540p,1300,-30.10714285714286
228,228,USOpen_AVC_SFR_720p_2000K_176,64.42857142857143,14.568627181693673,USOpen_176,AVC,SFR,720p,2000,-17.34920634920634
229,229,EPLNight_HEVC_SFR_720p_2200K_20,67.64285714285714,16.39297385579367,EPLNight_20,HEVC,SFR,720p,2200,-25.25
230,230,EPLDay_HEVC_SFR_396p_600K_48,35.82142857142857,15.132872382023589,EPLDay_48,HEVC,SFR,396p,600,-52.53571428571429
231,231,Cricket2_AVC_HFR_540p_1300K_120,39.42857142857143,16.345441853549115,Cricket2_120,AVC,HFR,540p,1300,-26.785714285714278
232,232,USOpen_HEVC_HFR_288p_300K_176,20.5,13.132565846561963,USOpen_176,HEVC,HFR,288p,300,-61.27777777777777
233,233,TNFF_HEVC_SFR_396p_600K_304,32.17857142857143,17.285529810113616,TNFF_304,HEVC,SFR,396p,600,-49.28571428571428
234,234,Cricket2_AVC_HFR_396p_900K_120,35.464285714285715,12.692748612768582,Cricket2_120,AVC,HFR,396p,900,-30.749999999999993
235,235,EPLDay_HEVC_HFR_720p_2200K_48,66.21428571428571,15.855051342118845,EPLDay_48,HEVC,HFR,720p,2200,-22.142857142857153
237,237,EPLDay_HEVC_SFR_288p_300K_48,22.25,15.660744828118125,EPLDay_48,HEVC,SFR,288p,300,-66.10714285714286
238,238,EPLNight_HEVC_HFR_540p_1900K_20,56.642857142857146,18.71633031361018,EPLNight_20,HEVC,HFR,540p,1900,-36.24999999999999
239,239,TNFF_HEVC_HFR_396p_600K_304,22.821428571428573,15.670840918790567,TNFF_304,HEVC,HFR,396p,600,-58.64285714285714
240,240,EPLNight_HEVC_HFR_396p_900K_20,38.0,14.596966416739766,EPLNight_20,HEVC,HFR,396p,900,-54.89285714285714
241,241,TNFF_AVC_HFR_288p_300K_304,9.678571428571429,11.445690303804843,TNFF_304,AVC,HFR,288p,300,-71.78571428571428
242,242,Cricket2_HEVC_SFR_540p_1900K_120,50.07142857142857,15.345843018849882,Cricket2_120,HEVC,SFR,540p,1900,-16.14285714285714
243,243,TNFF_AVC_SFR_396p_400K_304,26.5,14.04457190518814,TNFF_304,AVC,SFR,396p,400,-54.96428571428571
244,244,EPLNight_HEVC_SFR_396p_900K_20,38.85714285714285,12.51488909178151,EPLNight_20,HEVC,SFR,396p,900,-54.03571428571429
245,245,USOpen_AVC_SFR_540p_1200K_176,50.85714285714285,16.66200615110893,USOpen_176,AVC,SFR,540p,1200,-30.920634920634924
246,246,TNFF_HEVC_SFR_396p_900K_304,37.42857142857143,12.274912194706532,TNFF_304,HEVC,SFR,396p,900,-44.03571428571428
247,247,EPLDay_HEVC_HFR_396p_600K_48,33.392857142857146,14.115187579630788,EPLDay_48,HEVC,HFR,396p,600,-54.964285714285715
248,248,Cricket2_AVC_HFR_288p_300K_120,13.75,12.388430662747975,Cricket2_120,AVC,HFR,288p,300,-52.46428571428571
249,249,USOpen_AVC_HFR_540p_1300K_176,54.25,15.594470173750691,USOpen_176,AVC,HFR,540p,1300,-27.52777777777777
250,250,EPLDay_AVC_HFR_540p_1900K_0,53.10344827586207,16.34191738969031,EPLDay_0,AVC,HFR,540p,1900,-39.219132369299224
251,251,Cricket1_HEVC_SFR_396p_900K_86,41.13793103448276,12.631990418230938,Cricket1_86,HEVC,SFR,396p,900,-23.86206896551724
252,252,EPLDay_HEVC_HFR_288p_300K_8,15.2,11.220219843360171,EPLDay_8,HEVC,HFR,288p,300,-77.12258064516129
253,253,USOpen_AVC_SFR_540p_1800K_0,53.67741935483871,14.02161257297898,USOpen_0,AVC,SFR,540p,1800,-16.612903225806456
254,254,EPLDay_HEVC_HFR_396p_900K_8,34.63333333333333,13.49687206561415,EPLDay_8,HEVC,HFR,396p,900,-57.68924731182796
255,255,TNFNFL_AVC_SFR_540p_1200K_0,41.32258064516129,17.25592389497887,TNFNFL_0,AVC,SFR,540p,1200,-30.580645161290327
256,256,EPLDay_AVC_HFR_540p_1900K_8,56.6,15.27656156775252,EPLDay_8,AVC,HFR,540p,1900,-35.722580645161294
257,257,Cricket1_AVC_HFR_720p_2200K_86,56.4,22.00242410887188,Cricket1_86,AVC,HFR,720p,2200,-8.600000000000001
259,259,USOpen_HEVC_SFR_540p_1100K_166,58.096774193548384,15.204742126802408,USOpen_166,HEVC,SFR,540p,1100,-22.774193548387103
260,260,EPLDay_HEVC_SFR_720p_2200K_8,69.1,15.14452596374897,EPLDay_8,HEVC,SFR,720p,2200,-23.2225806451613
261,261,TNFF_HEVC_HFR_396p_900K_144,32.733333333333334,13.808049182350931,TNFF_144,HEVC,HFR,396p,900,-37.00860215053763
262,262,Cricket1_HEVC_HFR_720p_2200K_86,62.80645161290322,20.853435324384897,Cricket1_86,HEVC,HFR,720p,2200,-2.193548387096783
263,263,TNFF_AVC_HFR_540p_1900K_16,54.46875,17.75877313998633,TNFF_16,AVC,HFR,540p,1900,-28.03125
264,264,TNFF_AVC_SFR_540p_1200K_144,40.4375,14.302398181773572,TNFF_144,AVC,SFR,540p,1200,-29.30443548387096
265,265,TNFNFL_HEVC_HFR_396p_600K_0,25.83333333333333,14.940065446829728,TNFNFL_0,HEVC,HFR,396p,600,-46.06989247311829
266,266,EPLDay_HEVC_HFR_540p_1100K_8,52.1,12.946943011125574,EPLDay_8,HEVC,HFR,540p,1100,-40.222580645161294
267,267,Cricket1_AVC_SFR_396p_800K_86,39.12903225806452,16.971972979162175,Cricket1_86,AVC,SFR,396p,800,-25.87096774193548
268,268,USOpen_AVC_HFR_396p_600K_0,45.36666666666667,13.202230451286969,USOpen_0,AVC,HFR,396p,600,-24.9236559139785
269,269,EPLDay_HEVC_SFR_288p_300K_0,19.451612903225808,16.566267143685764,EPLDay_0,HEVC,SFR,288p,300,-72.87096774193549
270,270,TNFF_HEVC_HFR_720p_2200K_144,59.5,15.497983739828868,TNFF_144,HEVC,HFR,720p,2200,-10.24193548387096
271,271,USOpen_AVC_HFR_540p_1300K_0,55.93333333333333,17.374182634651397,USOpen_0,AVC,HFR,540p,1300,-14.356989247311837
272,272,TNFF_AVC_SFR_396p_800K_16,37.3,11.556095072875324,TNFF_16,AVC,SFR,396p,800,-45.2
273,273,USOpen_AVC_SFR_288p_200K_0,27.0625,14.450210854862984,USOpen_0,AVC,SFR,288p,200,-43.22782258064517
274,274,EPLDay_AVC_SFR_540p_1800K_8,54.96666666666667,16.777928623310114,EPLDay_8,AVC,SFR,540p,1800,-37.35591397849463
275,275,TNFNFL_AVC_SFR_396p_400K_0,15.903225806451612,11.093022621652556,TNFNFL_0,AVC,SFR,396p,400,-56.0
276,276,EPLNight_AVC_SFR_720p_2000K_0,67.17241379310344,14.969092215622489,EPLNight_0,AVC,SFR,720p,2000,-16.827586206896555
277,277,TNFNFL_AVC_HFR_540p_1900K_0,41.6,18.203662635121905,TNFNFL_0,AVC,HFR,540p,1900,-30.303225806451614
278,278,EPLNight_AVC_SFR_288p_200K_0,14.90625,12.986433726681856,EPLNight_0,AVC,SFR,288p,200,-69.09375
279,279,TNFF_AVC_HFR_396p_600K_16,33.70967741935484,13.66227097824657,TNFF_16,AVC,HFR,396p,600,-48.79032258064516
280,280,Cricket2_HEVC_HFR_540p_1100K_90,47.10344827586207,17.86992238484622,Cricket2_90,HEVC,HFR,540p,1100,-18.05784204671857
281,281,USOpen_HEVC_SFR_396p_600K_0,41.09375,13.572397022541743,USOpen_0,HEVC,SFR,396p,600,-29.196572580645167
282,282,TNFF_HEVC_HFR_288p_300K_16,15.827586206896552,11.039330831535288,TNFF_16,HEVC,HFR,288p,300,-66.67241379310344
283,283,Cricket2_AVC_HFR_720p_2200K_90,53.096774193548384,16.17316542661805,Cricket2_90,AVC,HFR,720p,2200,-12.064516129032256
284,284,USOpen_AVC_SFR_720p_2000K_166,71.3225806451613,14.26339121051307,USOpen_166,AVC,SFR,720p,2000,-9.548387096774192
285,285,TNFF_AVC_HFR_720p_2200K_16,61.65625,19.42873093996363,TNFF_16,AVC,HFR,720p,2200,-20.84375
286,286,EPLDay_HEVC_HFR_396p_900K_0,33.7,12.15222887649285,EPLDay_0,HEVC,HFR,396p,900,-58.62258064516129
287,287,TNFF_AVC_SFR_288p_200K_144,10.733333333333333,12.033102490860598,TNFF_144,AVC,SFR,288p,200,-59.00860215053763
288,288,Cricket1_AVC_HFR_288p_300K_86,22.73333333333333,11.890986315506192,Cricket1_86,AVC,HFR,288p,300,-42.266666666666666
289,289,TNFF_AVC_SFR_396p_800K_144,29.0,15.386140950002158,TNFF_144,AVC,SFR,396p,800,-40.74193548387096
290,290,EPLDay_HEVC_SFR_540p_1900K_8,73.16666666666667,12.70979499790964,EPLDay_8,HEVC,SFR,540p,1900,-19.155913978494624
291,291,Cricket2_AVC_SFR_396p_400K_90,29.27586206896552,11.872589560728812,Cricket2_90,AVC,SFR,396p,400,-35.88542825361512
292,292,TNFNFL_AVC_SFR_288p_200K_0,7.3,10.360662784461876,TNFNFL_0,AVC,SFR,288p,200,-64.60322580645162
293,293,Cricket2_HEVC_SFR_540p_1900K_90,50.25,18.17450136867584,Cricket2_90,HEVC,SFR,540p,1900,-14.91129032258064
294,294,USOpen_AVC_HFR_540p_1300K_166,53.64516129032258,18.43479946800611,USOpen_166,AVC,HFR,540p,1300,-27.22580645161291
295,295,EPLDay_HEVC_SFR_396p_600K_8,33.9,10.577806956075536,EPLDay_8,HEVC,SFR,396p,600,-58.4225806451613
296,296,USOpen_AVC_SFR_396p_400K_166,32.34375,12.685152184246746,USOpen_166,AVC,SFR,396p,400,-48.52721774193549
297,297,Cricket1_HEVC_HFR_396p_900K_86,32.93333333333333,13.59640475354504,Cricket1_86,HEVC,HFR,396p,900,-32.06666666666667
298,298,TNFF_AVC_HFR_540p_1300K_144,39.40625,17.311230774774508,TNFF_144,AVC,HFR,540p,1300,-30.33568548387096
299,299,EPLDay_HEVC_SFR_540p_1900K_0,51.42424242424242,15.157816871332985,EPLDay_0,HEVC,SFR,540p,1900,-40.89833822091887
300,300,EPLNight_HEVC_HFR_540p_1900K_0,58.34375,16.189520868064626,EPLNight_0,HEVC,HFR,540p,1900,-25.65625
301,301,Cricket2_HEVC_SFR_396p_900K_90,37.32258064516129,13.73337610155355,Cricket2_90,HEVC,SFR,396p,900,-27.838709677419352
302,302,EPLNight_HEVC_HFR_720p_2200K_0,69.10344827586206,19.192931219567495,EPLNight_0,HEVC,HFR,720p,2200,-14.896551724137936
303,303,Cricket2_AVC_SFR_540p_1800K_90,48.06666666666667,19.28027201283449,Cricket2_90,AVC,SFR,540p,1800,-17.09462365591397
304,304,TNFF_AVC_SFR_540p_1200K_16,45.64516129032258,15.695794355745631,TNFF_16,AVC,SFR,540p,1200,-36.85483870967742
305,305,TNFNFL_HEVC_SFR_396p_900K_0,40.32258064516129,16.88936885845782,TNFNFL_0,HEVC,SFR,396p,900,-31.580645161290327
306,306,EPLDay_HEVC_HFR_396p_600K_0,33.54838709677419,13.129230401928751,EPLDay_0,HEVC,HFR,396p,600,-58.7741935483871
307,307,USOpen_HEVC_SFR_720p_2200K_0,63.51724137931034,15.650538582018616,USOpen_0,HEVC,SFR,720p,2200,-6.773081201334826
308,308,TNFF_AVC_HFR_396p_600K_144,17.7,12.29674753745884,TNFF_144,AVC,HFR,396p,600,-52.04193548387096
309,309,TNFNFL_HEVC_HFR_720p_2200K_0,58.86666666666667,18.333454545053844,TNFNFL_0,HEVC,HFR,720p,2200,-13.036559139784949
310,310,TNFF_AVC_HFR_540p_1300K_16,46.16666666666666,17.676883838002166,TNFF_16,AVC,HFR,540p,1300,-36.33333333333334
311,311,USOpen_AVC_HFR_540p_1900K_0,57.833333333333336,15.733368644028172,USOpen_0,AVC,HFR,540p,1900,-12.456989247311832
312,312,EPLNight_HEVC_HFR_288p_300K_0,17.666666666666668,12.663157408622682,EPLNight_0,HEVC,HFR,288p,300,-66.33333333333333
313,313,EPLDay_HEVC_HFR_720p_2200K_8,65.35483870967742,14.65638336565615,EPLDay_8,HEVC,HFR,720p,2200,-26.967741935483872
314,314,USOpen_AVC_SFR_540p_1200K_166,55.64516129032258,15.948603714991991,USOpen_166,AVC,SFR,540p,1200,-25.22580645161291
316,316,TNFF_AVC_SFR_396p_400K_16,24.90322580645161,15.211105532789412,TNFF_16,AVC,SFR,396p,400,-57.59677419354839
317,317,Cricket2_HEVC_SFR_288p_300K_90,22.866666666666667,9.510462075466622,Cricket2_90,HEVC,SFR,288p,300,-42.29462365591397
318,318,USOpen_AVC_HFR_720p_2200K_0,73.26666666666667,16.70914586552992,USOpen_0,AVC,HFR,720p,2200,2.9763440860214985
319,319,EPLNight_AVC_SFR_540p_1200K_0,50.36666666666667,15.345973051223858,EPLNight_0,AVC,SFR,540p,1200,-33.63333333333333
320,320,USOpen_HEVC_HFR_288p_300K_0,26.066666666666663,13.40630034308082,USOpen_0,HEVC,HFR,288p,300,-44.223655913978504
321,321,EPLNight_HEVC_SFR_720p_2200K_0,70.09677419354838,14.317494011015444,EPLNight_0,HEVC,SFR,720p,2200,-13.903225806451616
322,322,EPLDay_HEVC_HFR_288p_300K_0,16.35483870967742,13.568341679871104,EPLDay_0,HEVC,HFR,288p,300,-75.96774193548387
323,323,TNFF_HEVC_SFR_720p_2200K_144,64.4,17.839282496782204,TNFF_144,HEVC,SFR,720p,2200,-5.341935483870955
324,324,USOpen_HEVC_HFR_540p_1100K_0,57.13333333333333,11.502849888421371,USOpen_0,HEVC,HFR,540p,1100,-13.156989247311834
325,325,TNFNFL_AVC_HFR_396p_600K_0,21.774193548387096,14.740135416324074,TNFNFL_0,AVC,HFR,396p,600,-50.12903225806452
326,326,TNFF_HEVC_HFR_288p_300K_144,12.3125,11.946331811480878,TNFF_144,HEVC,HFR,288p,300,-57.42943548387096
327,327,TNFF_AVC_HFR_288p_300K_16,19.870967741935484,15.882109909974425,TNFF_16,AVC,HFR,288p,300,-62.62903225806451
328,328,TNFF_HEVC_HFR_540p_1100K_144,44.2,16.87680854506167,TNFF_144,HEVC,HFR,540p,1100,-25.541935483870958
329,329,EPLNight_AVC_HFR_540p_1300K_0,54.9,18.07825581557395,EPLNight_0,AVC,HFR,540p,1300,-29.1
330,330,TNFF_HEVC_SFR_396p_600K_144,32.1,12.38641729207172,TNFF_144,HEVC,SFR,396p,600,-37.64193548387096
331,331,USOpen_HEVC_SFR_540p_1900K_166,60.45161290322581,14.63940486556397,USOpen_166,HEVC,SFR,540p,1900,-20.41935483870968
332,332,TNFF_AVC_HFR_396p_900K_144,26.451612903225808,15.351449883563944,TNFF_144,AVC,HFR,396p,900,-43.29032258064515
333,333,TNFF_AVC_SFR_288p_200K_16,8.137931034482758,10.842840122692866,TNFF_16,AVC,SFR,288p,200,-74.36206896551724
334,334,USOpen_HEVC_SFR_396p_900K_166,40.03225806451613,14.885550194015805,USOpen_166,HEVC,SFR,396p,900,-40.83870967741936
335,335,USOpen_AVC_SFR_396p_800K_0,42.32258064516129,12.977367635989411,USOpen_0,AVC,SFR,396p,800,-27.96774193548388
336,336,EPLDay_HEVC_HFR_720p_2200K_0,64.62068965517241,17.652612961031064,EPLDay_0,HEVC,HFR,720p,2200,-27.701890989988883
337,337,Cricket1_HEVC_HFR_540p_1100K_86,52.333333333333336,18.1701831459002,Cricket1_86,HEVC,HFR,540p,1100,-12.666666666666664
338,338,USOpen_HEVC_SFR_396p_900K_0,44.12903225806452,15.564106630080245,USOpen_0,HEVC,SFR,396p,900,-26.161290322580648
339,339,TNFF_AVC_SFR_540p_1800K_144,48.63333333333333,16.797784245416285,TNFF_144,AVC,SFR,540p,1800,-21.108602150537628
340,340,USOpen_AVC_SFR_396p_400K_0,39.516129032258064,13.983564010471849,USOpen_0,AVC,SFR,396p,400,-30.774193548387103
341,341,TNFF_AVC_SFR_396p_400K_144,21.451612903225808,15.747685359211896,TNFF_144,AVC,SFR,396p,400,-48.29032258064515
342,342,USOpen_AVC_SFR_720p_2000K_0,64.4,18.11371487759114,USOpen_0,AVC,SFR,720p,2000,-5.890322580645162
343,343,EPLDay_HEVC_SFR_720p_2200K_0,70.7,16.7633528865797,EPLDay_0,HEVC,SFR,720p,2200,-21.622580645161293
344,344,USOpen_AVC_HFR_288p_300K_0,31.466666666666665,16.378305433984583,USOpen_0,AVC,HFR,288p,300,-38.8236559139785
345,345,EPLDay_HEVC_SFR_288p_300K_8,16.7,12.050311199301037,EPLDay_8,HEVC,SFR,288p,300,-75.62258064516129
346,346,Cricket2_AVC_SFR_540p_1200K_90,45.96774193548387,15.109244918192267,Cricket2_90,AVC,SFR,540p,1200,-19.19354838709677
348,348,Cricket1_HEVC_SFR_540p_1100K_86,50.4,17.360107526548713,Cricket1_86,HEVC,SFR,540p,1100,-14.600000000000001
349,349,EPLNight_HEVC_HFR_396p_600K_0,39.61290322580645,11.707944419880963,EPLNight_0,HEVC,HFR,396p,600,-44.38709677419355
350,350,Cricket2_HEVC_SFR_720p_2200K_90,57.5,17.711225254058512,Cricket2_90,HEVC,SFR,720p,2200,-7.661290322580641
352,352,Cricket2_AVC_SFR_396p_800K_90,37.064516129032256,15.454272786078098,Cricket2_90,AVC,SFR,396p,800,-28.096774193548384
353,353,USOpen_HEVC_HFR_720p_2200K_166,73.6,17.511139311878026,USOpen_166,HEVC,HFR,720p,2200,-7.270967741935493
354,354,Cricket1_AVC_SFR_288p_200K_86,16.8125,12.699501712665738,Cricket1_86,AVC,SFR,288p,200,-48.1875
356,356,Cricket2_HEVC_HFR_288p_300K_90,21.0625,14.404724702332912,Cricket2_90,HEVC,HFR,288p,300,-44.09879032258064
357,357,TNFF_HEVC_HFR_396p_900K_16,36.38709677419355,16.283134792418018,TNFF_16,HEVC,HFR,396p,900,-46.11290322580645
358,358,EPLDay_HEVC_HFR_540p_1900K_0,52.9375,14.73715012307332,EPLDay_0,HEVC,HFR,540p,1900,-39.385080645161295
359,359,TNFF_AVC_HFR_720p_2200K_144,55.37931034482759,16.896059106119367,TNFF_144,AVC,HFR,720p,2200,-14.362625139043374
360,360,Cricket2_AVC_SFR_720p_2000K_90,59.03448275862069,18.96545454535092,Cricket2_90,AVC,SFR,720p,2000,-6.12680756395995
361,361,Cricket1_HEVC_SFR_720p_2200K_86,63.0,19.57285809976531,Cricket1_86,HEVC,SFR,720p,2200,-2.0
362,362,USOpen_HEVC_SFR_540p_1100K_0,55.38709677419355,15.426574096197555,USOpen_0,HEVC,SFR,540p,1100,-14.903225806451616
363,363,EPLDay_HEVC_SFR_396p_900K_8,34.48275862068966,12.631708022370754,EPLDay_8,HEVC,SFR,396p,900,-57.83982202447164
364,364,EPLNight_HEVC_HFR_396p_900K_0,41.266666666666666,13.47326570987483,EPLNight_0,HEVC,HFR,396p,900,-42.733333333333334
365,365,USOpen_HEVC_SFR_288p_300K_166,27.774193548387096,12.928362612237745,USOpen_166,HEVC,SFR,288p,300,-53.09677419354839
366,366,EPLNight_HEVC_SFR_396p_900K_0,38.59375,12.05419889239845,EPLNight_0,HEVC,SFR,396p,900,-45.40625
367,367,TNFF_HEVC_HFR_720p_2200K_16,62.06666666666667,20.22363853404119,TNFF_16,HEVC,HFR,720p,2200,-20.43333333333333
368,368,Cricket1_AVC_SFR_396p_400K_86,31.9,15.395562131125104,Cricket1_86,AVC,SFR,396p,400,-33.1
369,369,Cricket2_HEVC_SFR_540p_1100K_90,52.266666666666666,17.593433118322555,Cricket2_90,HEVC,SFR,540p,1100,-12.894623655913975
370,370,TNFF_HEVC_SFR_720p_2200K_16,66.06666666666666,20.01488335103544,TNFF_16,HEVC,SFR,720p,2200,-16.433333333333337
371,371,EPLDay_HEVC_HFR_396p_600K_8,28.166666666666668,10.53908071048999,EPLDay_8,HEVC,HFR,396p,600,-64.15591397849462
372,372,USOpen_AVC_SFR_540p_1200K_0,54.516129032258064,15.045888877443662,USOpen_0,AVC,SFR,540p,1200,-15.774193548387103
373,373,EPLNight_AVC_HFR_720p_2200K_0,70.45161290322581,20.745522190268684,EPLNight_0,AVC,HFR,720p,2200,-13.548387096774192
374,374,TNFNFL_AVC_SFR_540p_1800K_0,46.2,15.24773207179787,TNFNFL_0,AVC,SFR,540p,1800,-25.703225806451613
375,375,USOpen_AVC_HFR_540p_1900K_166,56.516129032258064,14.343416985574269,USOpen_166,AVC,HFR,540p,1900,-24.354838709677423
376,376,EPLDay_HEVC_SFR_396p_900K_0,34.67741935483871,14.7350516856569,EPLDay_0,HEVC,SFR,396p,900,-57.645161290322584
377,377,TNFNFL_HEVC_HFR_396p_900K_0,29.6,15.501827849214,TNFNFL_0,HEVC,HFR,396p,900,-42.303225806451614
378,378,USOpen_AVC_HFR_720p_2200K_166,67.40625,15.46136187201826,USOpen_166,AVC,HFR,720p,2200,-13.464717741935488
379,379,Cricket1_HEVC_SFR_540p_1900K_86,55.03225806451613,20.92765398588092,Cricket1_86,HEVC,SFR,540p,1900,-9.967741935483872
380,380,EPLDay_AVC_HFR_540p_1300K_0,49.483870967741936,13.382393266218784,EPLDay_0,AVC,HFR,540p,1300,-42.83870967741936
381,381,USOpen_HEVC_SFR_720p_2200K_166,69.55172413793103,20.203424439839743,USOpen_166,HEVC,SFR,720p,2200,-11.319243604004456
382,382,EPLDay_HEVC_SFR_540p_1100K_0,50.6,12.00999583680194,EPLDay_0,HEVC,SFR,540p,1100,-41.722580645161294
383,383,USOpen_AVC_SFR_288p_200K_166,12.413793103448276,11.312237015817049,USOpen_166,AVC,SFR,288p,200,-68.45717463848722
384,384,TNFF_AVC_HFR_396p_900K_16,37.32258064516129,13.977832904106034,TNFF_16,AVC,HFR,396p,900,-45.17741935483871
385,385,Cricket2_AVC_HFR_288p_300K_90,23.633333333333333,9.843723324478848,Cricket2_90,AVC,HFR,288p,300,-41.52795698924731
386,386,USOpen_HEVC_HFR_396p_900K_0,43.86666666666667,14.15799734739659,USOpen_0,HEVC,HFR,396p,900,-26.4236559139785
387,387,USOpen_HEVC_HFR_396p_900K_166,43.266666666666666,13.0637751902818,USOpen_166,HEVC,HFR,396p,900,-37.60430107526882
388,388,TNFF_HEVC_SFR_540p_1900K_144,60.625,13.965918337152054,TNFF_144,HEVC,SFR,540p,1900,-9.11693548387096
389,389,TNFF_HEVC_SFR_396p_900K_144,37.03225806451613,16.485543757051534,TNFF_144,HEVC,SFR,396p,900,-32.70967741935483
390,390,Cricket1_AVC_HFR_396p_900K_86,35.733333333333334,14.95979797843392,Cricket1_86,AVC,HFR,396p,900,-29.266666666666666
391,391,USOpen_HEVC_HFR_396p_600K_0,44.09375,14.8015188726529,USOpen_0,HEVC,HFR,396p,600,-26.196572580645167
392,392,EPLDay_AVC_SFR_540p_1200K_8,41.41935483870968,14.672278433238532,EPLDay_8,AVC,SFR,540p,1200,-50.903225806451616
393,393,TNFF_HEVC_SFR_288p_300K_144,16.586206896551722,14.36114787790262,TNFF_144,HEVC,SFR,288p,300,-53.15572858731924
394,394,TNFNFL_HEVC_HFR_288p_300K_0,13.433333333333334,14.42147318719169,TNFNFL_0,HEVC,HFR,288p,300,-58.46989247311828
395,395,EPLNight_HEVC_SFR_540p_1100K_0,52.58064516129032,16.796263396955165,EPLNight_0,HEVC,SFR,540p,1100,-31.41935483870968
396,396,TNFF_HEVC_HFR_540p_1100K_16,41.1,18.046883387443938,TNFF_16,HEVC,HFR,540p,1100,-41.4
397,397,EPLNight_HEVC_SFR_396p_600K_0,38.66666666666666,15.025164077491985,EPLNight_0,HEVC,SFR,396p,600,-45.33333333333334
398,398,TNFF_HEVC_HFR_540p_1900K_144,55.56666666666667,15.6432804175538,TNFF_144,HEVC,HFR,540p,1900,-14.17526881720429
399,399,USOpen_AVC_SFR_396p_800K_166,38.56666666666667,16.140391018256718,USOpen_166,AVC,SFR,396p,800,-42.30430107526882
401,401,USOpen_AVC_HFR_396p_900K_166,41.62068965517241,15.198488566195966,USOpen_166,AVC,HFR,396p,900,-39.250278086763075
402,402,USOpen_HEVC_SFR_396p_600K_166,40.6,13.047605144240071,USOpen_166,HEVC,SFR,396p,600,-40.270967741935486
403,403,Cricket1_AVC_HFR_540p_1300K_86,45.0,16.418358626854268,Cricket1_86,AVC,HFR,540p,1300,-20.0
404,404,Cricket2_HEVC_HFR_396p_900K_90,36.2,11.796609682446904,Cricket2_90,HEVC,HFR,396p,900,-28.961290322580638
405,405,TNFF_HEVC_SFR_540p_1900K_16,62.875,20.01366720518756,TNFF_16,HEVC,SFR,540p,1900,-19.625
406,406,Cricket2_AVC_HFR_540p_1300K_90,47.34375,16.88677251393824,Cricket2_90,AVC,HFR,540p,1300,-17.81754032258064
407,407,Cricket2_AVC_HFR_396p_600K_90,29.32258064516129,15.008357019908765,Cricket2_90,AVC,HFR,396p,600,-35.83870967741935
408,408,USOpen_HEVC_HFR_720p_2200K_0,65.10344827586206,15.401175117696225,USOpen_0,HEVC,HFR,720p,2200,-5.186874304783103
409,409,USOpen_HEVC_HFR_540p_1100K_166,56.58064516129032,17.12906263286293,USOpen_166,HEVC,HFR,540p,1100,-24.290322580645167
410,410,Cricket1_AVC_HFR_396p_600K_86,32.9,10.885311203635842,Cricket1_86,AVC,HFR,396p,600,-32.1
411,411,USOpen_AVC_HFR_396p_600K_166,33.53333333333333,12.619385440222077,USOpen_166,AVC,HFR,396p,600,-47.337634408602156
412,412,Cricket2_HEVC_SFR_396p_600K_90,34.3,16.579404894828603,Cricket2_90,HEVC,SFR,396p,600,-30.861290322580643
413,413,EPLDay_HEVC_SFR_396p_600K_0,33.233333333333334,14.141389213542242,EPLDay_0,HEVC,SFR,396p,600,-59.08924731182796
414,414,USOpen_HEVC_HFR_288p_300K_166,21.29032258064516,13.206043456194951,USOpen_166,HEVC,HFR,288p,300,-59.58064516129033
415,415,TNFF_AVC_SFR_720p_2000K_144,58.29032258064516,18.31127547642056,TNFF_144,AVC,SFR,720p,2000,-11.4516129032258
416,416,TNFNFL_HEVC_SFR_540p_1900K_0,53.483870967741936,16.488257733312057,TNFNFL_0,HEVC,SFR,540p,1900,-18.41935483870968
417,417,Cricket2_HEVC_HFR_396p_600K_90,35.766666666666666,17.139979255789342,Cricket2_90,HEVC,HFR,396p,600,-29.394623655913975
418,418,EPLNight_AVC_HFR_396p_600K_0,33.2,10.783938674405254,EPLNight_0,AVC,HFR,396p,600,-50.8
419,419,Cricket1_AVC_SFR_720p_2000K_86,53.86206896551724,19.6744611947974,Cricket1_86,AVC,SFR,720p,2000,-11.137931034482762
420,420,TNFF_HEVC_SFR_396p_900K_16,40.66666666666666,14.93839200033108,TNFF_16,HEVC,SFR,396p,900,-41.83333333333334
421,421,EPLNight_AVC_SFR_540p_1800K_0,54.46666666666667,15.668936005854244,EPLNight_0,AVC,SFR,540p,1800,-29.53333333333333
423,423,TNFF_HEVC_HFR_396p_600K_16,29.32258064516129,11.371688377988423,TNFF_16,HEVC,HFR,396p,600,-53.17741935483871
424,424,USOpen_AVC_HFR_288p_300K_166,16.838709677419356,12.443671209646183,USOpen_166,AVC,HFR,288p,300,-64.03225806451613
426,426,USOpen_HEVC_HFR_540p_1900K_166,64.21875,15.271980828874163,USOpen_166,HEVC,HFR,540p,1900,-16.652217741935488
427,427,TNFF_AVC_SFR_720p_2000K_16,57.0,17.629875212263983,TNFF_16,AVC,SFR,720p,2000,-25.5
428,428,USOpen_HEVC_SFR_288p_300K_0,26.310344827586206,12.830737469803712,USOpen_0,HEVC,SFR,288p,300,-43.97997775305896
429,429,TNFF_HEVC_HFR_540p_1900K_16,56.903225806451616,20.17880529522399,TNFF_16,HEVC,HFR,540p,1900,-25.596774193548384
430,430,TNFNFL_AVC_HFR_540p_1300K_0,36.833333333333336,17.627787407638227,TNFNFL_0,AVC,HFR,540p,1300,-35.06989247311828
431,431,USOpen_AVC_SFR_540p_1800K_166,60.45161290322581,17.049905325018422,USOpen_166,AVC,SFR,540p,1800,-20.41935483870968
432,432,TNFNFL_HEVC_HFR_540p_1100K_0,42.28125,16.454927785848835,TNFNFL_0,HEVC,HFR,540p,1100,-29.621975806451616
433,433,TNFF_HEVC_SFR_288p_300K_16,18.625,12.665775736211344,TNFF_16,HEVC,SFR,288p,300,-63.875
434,434,EPLDay_AVC_SFR_540p_1200K_0,42.13793103448276,15.71891927918674,EPLDay_0,AVC,SFR,540p,1200,-50.184649610678534
435,435,Cricket1_HEVC_SFR_396p_600K_86,40.83870967741935,17.25164185583982,Cricket1_86,HEVC,SFR,396p,600,-24.161290322580648
436,436,EPLNight_HEVC_HFR_540p_1100K_0,51.7,15.124263067446735,EPLNight_0,HEVC,HFR,540p,1100,-32.3
437,437,TNFNFL_HEVC_SFR_288p_300K_0,16.0,11.714341912869578,TNFNFL_0,HEVC,SFR,288p,300,-55.903225806451616
438,438,Cricket2_HEVC_HFR_720p_2200K_90,57.59375,23.169024816282192,Cricket2_90,HEVC,HFR,720p,2200,-7.567540322580641
440,440,Cricket1_AVC_SFR_540p_1200K_86,47.46428571428572,17.4836293691661,Cricket1_86,AVC,SFR,540p,1200,-17.535714285714278
441,441,TNFNFL_HEVC_SFR_540p_1100K_0,47.241379310344826,14.632639878765584,TNFNFL_0,HEVC,SFR,540p,1100,-24.66184649610679
442,442,TNFNFL_HEVC_HFR_540p_1900K_0,52.23333333333333,16.269979170921584,TNFNFL_0,HEVC,HFR,540p,1900,-19.66989247311829
443,443,EPLNight_AVC_HFR_288p_300K_0,15.90625,10.961179723802545,EPLNight_0,AVC,HFR,288p,300,-68.09375
444,444,EPLDay_HEVC_HFR_540p_1100K_0,44.9,15.060655142899106,EPLDay_0,HEVC,HFR,540p,1100,-47.4225806451613
445,445,Cricket1_HEVC_HFR_540p_1900K_86,57.70967741935484,16.080831202211105,Cricket1_86,HEVC,HFR,540p,1900,-7.29032258064516
446,446,TNFNFL_AVC_HFR_396p_900K_0,24.93548387096774,16.417802068665246,TNFNFL_0,AVC,HFR,396p,900,-46.96774193548387
447,447,TNFF_HEVC_SFR_396p_600K_16,36.96666666666667,12.128433076407228,TNFF_16,HEVC,SFR,396p,600,-45.53333333333333
448,448,TNFF_AVC_HFR_540p_1900K_144,45.774193548387096,17.271475042858597,TNFF_144,AVC,HFR,540p,1900,-23.967741935483865
449,449,TNFF_AVC_SFR_540p_1800K_16,51.63333333333333,14.568192139803148,TNFF_16,AVC,SFR,540p,1800,-30.866666666666667
450,450,EPLDay_HEVC_HFR_540p_1900K_8,55.83870967741935,14.615715744436343,EPLDay_8,HEVC,HFR,540p,1900,-36.48387096774194
451,451,USOpen_HEVC_HFR_540p_1900K_0,57.06666666666667,17.343458581135298,USOpen_0,HEVC,HFR,540p,1900,-13.223655913978497
452,452,TNFF_HEVC_HFR_396p_600K_144,29.35483870967742,15.386521934214043,TNFF_144,HEVC,HFR,396p,600,-40.38709677419354
453,453,EPLDay_HEVC_SFR_540p_1100K_8,42.3,12.559591288466889,EPLDay_8,HEVC,SFR,540p,1100,-50.0225806451613
454,454,Cricket1_AVC_HFR_540p_1900K_86,54.241379310344826,19.43096563950721,Cricket1_86,AVC,HFR,540p,1900,-10.758620689655174
455,455,EPLNight_AVC_HFR_396p_900K_0,38.61290322580645,17.045815718432596,EPLNight_0,AVC,HFR,396p,900,-45.38709677419355
456,456,USOpen_HEVC_HFR_396p_600K_166,39.86666666666667,15.903319010683132,USOpen_166,HEVC,HFR,396p,600,-41.00430107526882
457,457,EPLNight_AVC_SFR_396p_800K_0,37.03225806451613,13.778159133015306,EPLNight_0,AVC,SFR,396p,800,-46.96774193548387
458,458,TNFF_HEVC_SFR_540p_1100K_144,48.03225806451613,14.400904700450845,TNFF_144,HEVC,SFR,540p,1100,-21.709677419354833
459,459,EPLNight_AVC_HFR_540p_1900K_0,56.96875,16.055537158173813,EPLNight_0,AVC,HFR,540p,1900,-27.03125
460,460,TNFNFL_HEVC_SFR_396p_600K_0,35.03333333333333,12.765796314979944,TNFNFL_0,HEVC,SFR,396p,600,-36.869892473118284
461,461,Cricket1_AVC_SFR_540p_1800K_86,53.73333333333333,19.397479790483665,Cricket1_86,AVC,SFR,540p,1800,-11.266666666666673
462,462,EPLDay_AVC_SFR_540p_1800K_0,50.43333333333333,14.657610840636872,EPLDay_0,AVC,SFR,540p,1800,-41.889247311827965
463,463,TNFNFL_AVC_HFR_288p_300K_0,12.67741935483871,15.061994677427396,TNFNFL_0,AVC,HFR,288p,300,-59.225806451612904
464,464,TNFNFL_AVC_SFR_720p_2000K_0,47.75862068965517,15.482259419031598,TNFNFL_0,AVC,SFR,720p,2000,-24.14460511679645
465,465,Cricket2_AVC_SFR_288p_200K_90,18.310344827586206,13.354847881951311,Cricket2_90,AVC,SFR,288p,200,-46.850945494994434
466,466,TNFNFL_HEVC_SFR_720p_2200K_0,57.80645161290322,15.99882930160367,TNFNFL_0,HEVC,SFR,720p,2200,-14.096774193548399
467,467,Cricket1_HEVC_SFR_288p_300K_86,19.55172413793104,13.322488653547436,Cricket1_86,HEVC,SFR,288p,300,-45.44827586206896
468,468,USOpen_HEVC_SFR_540p_1900K_0,55.25806451612903,16.102429674281844,USOpen_0,HEVC,SFR,540p,1900,-15.032258064516135
470,470,Cricket2_AVC_HFR_396p_900K_90,38.0,13.870367578914175,Cricket2_90,AVC,HFR,396p,900,-27.16129032258064
471,471,Cricket1_HEVC_HFR_288p_300K_86,21.766666666666666,13.052926449225431,Cricket1_86,HEVC,HFR,288p,300,-43.233333333333334
472,472,TNFF_HEVC_SFR_540p_1100K_16,51.80645161290322,17.50653215385932,TNFF_16,HEVC,SFR,540p,1100,-30.693548387096783
473,473,Cricket2_HEVC_HFR_540p_1900K_90,48.36666666666667,17.219143093919886,Cricket2_90,HEVC,HFR,540p,1900,-16.794623655913973
474,474,EPLNight_HEVC_SFR_540p_1900K_0,57.774193548387096,19.54103982015444,EPLNight_0,HEVC,SFR,540p,1900,-26.225806451612904
475,475,TNFNFL_AVC_HFR_720p_2200K_0,51.2,20.82210364012244,TNFNFL_0,AVC,HFR,720p,2200,-20.703225806451613
476,476,Cricket2_AVC_HFR_540p_1900K_90,45.310344827586206,15.005983745058373,Cricket2_90,AVC,HFR,540p,1900,-19.850945494994434
477,477,TNFNFL_AVC_SFR_396p_800K_0,33.53333333333333,14.93705310814538,TNFNFL_0,AVC,SFR,396p,800,-38.369892473118284
478,478,TNFF_AVC_HFR_288p_300K_144,11.290322580645162,13.96815167394256,TNFF_144,AVC,HFR,288p,300,-58.4516129032258
479,479,Cricket1_HEVC_HFR_396p_600K_86,35.15625,16.454690393243503,Cricket1_86,HEVC,HFR,396p,600,-29.84375
480,480,EPLNight_AVC_SFR_396p_400K_0,30.677419354838708,13.84566334056518,EPLNight_0,AVC,SFR,396p,400,-53.322580645161295
481,481,USOpen_AVC_HFR_396p_900K_0,43.6,15.337535656030274,USOpen_0,AVC,HFR,396p,900,-26.690322580645166
482,482,EPLNight_HEVC_SFR_288p_300K_0,17.689655172413794,13.916260517022726,EPLNight_0,HEVC,SFR,288p,300,-66.3103448275862
483,483,EPLDay_AVC_HFR_540p_1300K_8,43.75,15.67242801865748,EPLDay_8,AVC,HFR,540p,1300,-48.572580645161295
485,485,EPLDay_HEVC_SFR_396p_600K_74,34.225806451612904,13.116622493613146,EPLDay_74,HEVC,SFR,396p,600,-50.83870967741935
486,486,USOpen_HEVC_HFR_396p_900K_648,46.64516129032258,12.987707307412563,USOpen_648,HEVC,HFR,396p,900,-26.193548387096783
487,487,TNFF_AVC_HFR_540p_1300K_336,54.03225806451613,15.171033245624846,TNFF_336,AVC,HFR,540p,1300,-25.80645161290323
488,488,EPLDay_HEVC_SFR_540p_1100K_74,55.25806451612903,15.065379542846944,EPLDay_74,HEVC,SFR,540p,1100,-29.806451612903224
489,489,TNFF_HEVC_HFR_540p_1900K_336,65.16129032258064,15.742067688498269,TNFF_336,HEVC,HFR,540p,1900,-14.677419354838719
490,490,TNFF_HEVC_HFR_288p_300K_114,13.875,10.517099172300316,TNFF_114,HEVC,HFR,288p,300,-66.59375
491,491,USOpen_HEVC_SFR_540p_1900K_648,54.12903225806452,15.275411267329472,USOpen_648,HEVC,SFR,540p,1900,-18.70967741935484
492,492,EPLDay_HEVC_HFR_396p_600K_74,34.41935483870968,15.626227319123712,EPLDay_74,HEVC,HFR,396p,600,-50.64516129032258
493,493,TNFF_HEVC_SFR_540p_1900K_114,65.25,12.108881038312337,TNFF_114,HEVC,SFR,540p,1900,-15.21875
494,494,EPLDay_AVC_HFR_396p_600K_74,27.580645161290324,15.628291536759878,EPLDay_74,AVC,HFR,396p,600,-57.483870967741936
495,495,TNFF_HEVC_SFR_288p_300K_114,16.40625,12.338606523327504,TNFF_114,HEVC,SFR,288p,300,-64.0625
496,496,USOpen_HEVC_SFR_288p_300K_648,23.35483870967742,15.37813359013118,USOpen_648,HEVC,SFR,288p,300,-49.483870967741936
497,497,EPLDay_HEVC_SFR_720p_2200K_74,66.58064516129032,19.012346062744943,EPLDay_74,HEVC,SFR,720p,2200,-18.483870967741936
498,498,USOpen_AVC_SFR_720p_2000K_648,65.51612903225806,17.947721515452983,USOpen_648,AVC,SFR,720p,2000,-7.322580645161295
499,499,EPLDay_AVC_HFR_540p_1300K_74,51.74193548387097,16.62483129564751,EPLDay_74,AVC,HFR,540p,1300,-33.32258064516129
501,501,EPLDay_AVC_SFR_540p_1200K_74,45.935483870967744,18.172889208522232,EPLDay_74,AVC,SFR,540p,1200,-39.12903225806451
502,502,USOpen_HEVC_HFR_540p_1100K_648,58.54838709677419,13.030581176050436,USOpen_648,HEVC,HFR,540p,1100,-14.290322580645167
503,503,TNFF_HEVC_HFR_396p_900K_114,40.90625,14.453285472082118,TNFF_114,HEVC,HFR,396p,900,-39.5625
504,504,USOpen_HEVC_HFR_720p_2200K_148,63.375,17.401059594174143,USOpen_148,HEVC,HFR,720p,2200,-7.867424242424249
505,505,USOpen_AVC_HFR_396p_600K_648,41.64516129032258,13.67726719331063,USOpen_648,AVC,HFR,396p,600,-31.193548387096783
506,506,TNFF_HEVC_HFR_288p_300K_336,22.387096774193548,14.940046679883112,TNFF_336,HEVC,HFR,288p,300,-57.45161290322581
507,507,USOpen_HEVC_HFR_396p_600K_648,43.64516129032258,11.560635062076026,USOpen_648,HEVC,HFR,396p,600,-29.193548387096783
508,508,TNFF_HEVC_HFR_720p_2200K_114,65.8125,18.77904001140633,TNFF_114,HEVC,HFR,720p,2200,-14.65625
509,509,USOpen_HEVC_SFR_396p_600K_648,38.41935483870968,13.680157972933356,USOpen_648,HEVC,SFR,396p,600,-34.41935483870968
511,511,USOpen_AVC_SFR_396p_800K_648,38.2258064516129,13.89060875003,USOpen_648,AVC,SFR,396p,800,-34.61290322580646
512,512,TNFF_AVC_SFR_396p_400K_336,24.032258064516128,13.014839845017963,TNFF_336,AVC,SFR,396p,400,-55.80645161290323
513,513,USOpen_AVC_HFR_540p_1900K_648,64.03225806451613,14.922344948838049,USOpen_648,AVC,HFR,540p,1900,-8.806451612903231
514,514,EPLDay_HEVC_SFR_288p_300K_74,24.387096774193548,19.172691297031825,EPLDay_74,HEVC,SFR,288p,300,-60.677419354838705
515,515,USOpen_HEVC_SFR_396p_600K_148,51.8125,16.129238783960016,USOpen_148,HEVC,SFR,396p,600,-19.42992424242425
516,516,EPLDay_AVC_HFR_288p_300K_74,15.64516129032258,13.780651202125052,EPLDay_74,AVC,HFR,288p,300,-69.41935483870968
517,517,USOpen_HEVC_SFR_720p_2200K_148,71.15625,15.421392153028856,USOpen_148,HEVC,SFR,720p,2200,-0.08617424242424931
518,518,USOpen_AVC_HFR_720p_2200K_648,73.19354838709677,14.66270087965953,USOpen_648,AVC,HFR,720p,2200,0.35483870967740927
519,519,USOpen_HEVC_SFR_540p_1900K_148,63.21875,17.005025681765375,USOpen_148,HEVC,SFR,540p,1900,-8.02367424242425
520,520,EPLDay_HEVC_HFR_540p_1900K_74,60.38709677419355,15.194815370774505,EPLDay_74,HEVC,HFR,540p,1900,-24.677419354838705
521,521,USOpen_HEVC_HFR_540p_1900K_148,66.40625,16.81305180321229,USOpen_148,HEVC,HFR,540p,1900,-4.836174242424249
522,522,TNFF_AVC_SFR_540p_1200K_114,43.09375,15.89685380625676,TNFF_114,AVC,SFR,540p,1200,-37.375
523,523,TNFF_AVC_SFR_540p_1200K_336,54.67741935483871,14.46327294591416,TNFF_336,AVC,SFR,540p,1200,-25.161290322580648
524,524,TNFF_AVC_HFR_396p_900K_114,34.5625,13.294588889845372,TNFF_114,AVC,HFR,396p,900,-45.90625
525,525,USOpen_HEVC_SFR_288p_300K_148,36.34375,15.792817542715422,USOpen_148,HEVC,SFR,288p,300,-34.89867424242425
526,526,EPLDay_AVC_SFR_720p_2000K_74,59.64516129032258,16.479798752092496,EPLDay_74,AVC,SFR,720p,2000,-25.41935483870968
527,527,USOpen_AVC_SFR_540p_1200K_148,61.5,13.543910070581536,USOpen_148,AVC,SFR,540p,1200,-9.74242424242425
528,528,TNFF_HEVC_HFR_540p_1900K_114,60.96875,15.296005146360928,TNFF_114,HEVC,HFR,540p,1900,-19.5
529,529,TNFF_AVC_HFR_396p_900K_336,45.38709677419355,15.20330486006428,TNFF_336,AVC,HFR,396p,900,-34.45161290322581
530,530,USOpen_AVC_SFR_396p_800K_148,48.71875,16.369243978800608,USOpen_148,AVC,SFR,396p,800,-22.52367424242425
531,531,TNFF_AVC_SFR_720p_2000K_114,59.25,15.4434452114805,TNFF_114,AVC,SFR,720p,2000,-21.21875
532,532,TNFF_AVC_HFR_540p_1900K_336,54.96774193548387,14.656241367764688,TNFF_336,AVC,HFR,540p,1900,-24.870967741935488
533,533,EPLDay_HEVC_SFR_396p_900K_74,44.483870967741936,16.32111430363696,EPLDay_74,HEVC,SFR,396p,900,-40.58064516129032
534,534,TNFF_HEVC_SFR_396p_900K_336,51.903225806451616,11.571251469133088,TNFF_336,HEVC,SFR,396p,900,-27.935483870967744
535,535,TNFF_HEVC_SFR_396p_600K_114,33.53125,13.770403895220358,TNFF_114,HEVC,SFR,396p,600,-46.9375
536,536,TNFF_AVC_SFR_540p_1800K_336,56.74193548387097,16.45711482951877,TNFF_336,AVC,SFR,540p,1800,-23.09677419354839
537,537,USOpen_AVC_SFR_720p_2000K_148,69.4375,13.91477968744026,USOpen_148,AVC,SFR,720p,2000,-1.8049242424242493
538,538,TNFF_AVC_SFR_288p_200K_336,16.419354838709676,17.375871653324303,TNFF_336,AVC,SFR,288p,200,-63.41935483870968
539,539,USOpen_HEVC_SFR_540p_1100K_148,56.84375,14.055935968035,USOpen_148,HEVC,SFR,540p,1100,-14.39867424242425
540,540,EPLDay_HEVC_HFR_288p_300K_74,20.61290322580645,16.765320233715247,EPLDay_74,HEVC,HFR,288p,300,-64.45161290322581
541,541,USOpen_HEVC_HFR_396p_900K_148,50.5625,15.00195299785998,USOpen_148,HEVC,HFR,396p,900,-20.67992424242425
542,542,TNFF_HEVC_SFR_540p_1900K_336,67.87096774193549,14.18027238348852,TNFF_336,HEVC,SFR,540p,1900,-11.967741935483872
543,543,TNFF_AVC_HFR_288p_300K_114,9.8125,9.54082510844843,TNFF_114,AVC,HFR,288p,300,-70.65625
544,544,USOpen_AVC_HFR_288p_300K_648,25.548387096774192,16.761782008731068,USOpen_648,AVC,HFR,288p,300,-47.29032258064517
546,546,TNFF_HEVC_HFR_396p_600K_336,44.03225806451613,16.05129654288389,TNFF_336,HEVC,HFR,396p,600,-35.80645161290323
547,547,USOpen_HEVC_SFR_540p_1100K_648,55.61290322580645,13.43965586002097,USOpen_648,HEVC,SFR,540p,1100,-17.22580645161291
548,548,USOpen_AVC_HFR_540p_1300K_148,55.59375,10.535236634148282,USOpen_148,AVC,HFR,540p,1300,-15.64867424242425
549,549,TNFF_AVC_HFR_540p_1300K_114,45.375,15.111564280378124,TNFF_114,AVC,HFR,540p,1300,-35.09375
550,550,EPLDay_AVC_SFR_288p_200K_74,12.225806451612904,13.99011097149687,EPLDay_74,AVC,SFR,288p,200,-72.83870967741936
551,551,TNFF_AVC_HFR_288p_300K_336,17.870967741935484,14.970383526631618,TNFF_336,AVC,HFR,288p,300,-61.96774193548387
553,553,TNFF_HEVC_SFR_396p_600K_336,48.61290322580645,15.004681891598173,TNFF_336,HEVC,SFR,396p,600,-31.22580645161291
554,554,USOpen_AVC_HFR_540p_1900K_148,57.96875,16.83093204304206,USOpen_148,AVC,HFR,540p,1900,-13.27367424242425
555,555,USOpen_AVC_SFR_540p_1800K_648,54.87096774193548,15.5038849147745,USOpen_648,AVC,SFR,540p,1800,-17.96774193548388
556,556,USOpen_HEVC_HFR_540p_1100K_148,58.4375,11.363146296250877,USOpen_148,HEVC,HFR,540p,1100,-12.80492424242425
557,557,TNFF_HEVC_HFR_396p_900K_336,52.2258064516129,11.934524808895908,TNFF_336,HEVC,HFR,396p,900,-27.612903225806463
558,558,TNFF_HEVC_SFR_720p_2200K_114,67.625,14.347800354061246,TNFF_114,HEVC,SFR,720p,2200,-12.84375
559,559,USOpen_HEVC_SFR_720p_2200K_648,67.09677419354838,16.322070628268115,USOpen_648,HEVC,SFR,720p,2200,-5.741935483870975
560,560,EPLDay_HEVC_HFR_540p_1100K_74,49.03225806451613,14.447868178424963,EPLDay_74,HEVC,HFR,540p,1100,-36.03225806451613
561,561,USOpen_AVC_HFR_396p_600K_148,46.59375,15.632217083238706,USOpen_148,AVC,HFR,396p,600,-24.64867424242425
562,562,EPLDay_HEVC_SFR_540p_1900K_74,59.064516129032256,14.650631350198438,EPLDay_74,HEVC,SFR,540p,1900,-26.0
563,563,USOpen_AVC_HFR_396p_900K_148,44.78125,16.057969935128785,USOpen_148,AVC,HFR,396p,900,-26.46117424242425
564,564,USOpen_AVC_HFR_396p_900K_648,42.096774193548384,13.759113903177932,USOpen_648,AVC,HFR,396p,900,-30.741935483870975
565,565,TNFF_AVC_SFR_540p_1800K_114,57.84375,18.72516584539373,TNFF_114,AVC,SFR,540p,1800,-22.625
566,566,USOpen_AVC_SFR_540p_1200K_648,53.80645161290322,13.582292444727816,USOpen_648,AVC,SFR,540p,1200,-19.032258064516142
567,567,EPLDay_HEVC_HFR_720p_2200K_74,65.54838709677419,16.33487997660699,EPLDay_74,HEVC,HFR,720p,2200,-19.516129032258064
568,568,USOpen_HEVC_HFR_540p_1900K_648,66.3225806451613,14.770037448953754,USOpen_648,HEVC,HFR,540p,1900,-6.516129032258064
569,569,EPLDay_AVC_HFR_540p_1900K_74,54.80645161290322,19.578492733903943,EPLDay_74,AVC,HFR,540p,1900,-30.25806451612904
570,570,USOpen_AVC_HFR_540p_1300K_648,63.32258064516129,14.737240729119293,USOpen_648,AVC,HFR,540p,1300,-9.516129032258071
571,571,USOpen_AVC_SFR_396p_400K_148,39.71875,15.790096530341415,USOpen_148,AVC,SFR,396p,400,-31.52367424242425
572,572,USOpen_HEVC_SFR_396p_900K_648,40.67741935483871,14.258867296039924,USOpen_648,HEVC,SFR,396p,900,-32.16129032258065
573,573,TNFF_AVC_HFR_540p_1900K_114,52.53125,13.928353220589289,TNFF_114,AVC,HFR,540p,1900,-27.9375
574,574,USOpen_HEVC_HFR_720p_2200K_648,73.3225806451613,16.073193666181997,USOpen_648,HEVC,HFR,720p,2200,0.48387096774193594
575,575,TNFF_HEVC_HFR_540p_1100K_114,51.21875,15.094979246010906,TNFF_114,HEVC,HFR,540p,1100,-29.25
576,576,TNFF_AVC_SFR_396p_800K_336,41.193548387096776,16.1912348945023,TNFF_336,AVC,SFR,396p,800,-38.645161290322584
577,577,USOpen_AVC_SFR_288p_200K_148,26.46875,15.902013188194127,USOpen_148,AVC,SFR,288p,200,-44.77367424242425
578,578,TNFF_AVC_HFR_720p_2200K_336,64.61290322580645,16.914733831885677,TNFF_336,AVC,HFR,720p,2200,-15.225806451612911
579,579,TNFF_AVC_SFR_288p_200K_114,7.34375,13.063808247884689,TNFF_114,AVC,SFR,288p,200,-73.125
580,580,EPLDay_AVC_SFR_396p_800K_74,38.096774193548384,15.536335846320284,EPLDay_74,AVC,SFR,396p,800,-46.96774193548387
581,581,TNFF_HEVC_HFR_720p_2200K_336,69.25806451612904,18.22965988381869,TNFF_336,HEVC,HFR,720p,2200,-10.58064516129032
582,582,USOpen_AVC_SFR_396p_400K_648,38.483870967741936,13.444919817037828,USOpen_648,AVC,SFR,396p,400,-34.35483870967742
583,583,TNFF_AVC_HFR_396p_600K_336,37.774193548387096,18.98167142682876,TNFF_336,AVC,HFR,396p,600,-42.06451612903226
584,584,TNFF_AVC_SFR_396p_400K_114,18.875,11.14604750573045,TNFF_114,AVC,SFR,396p,400,-61.59375
585,585,USOpen_HEVC_HFR_396p_600K_148,41.5625,17.30776108426506,USOpen_148,HEVC,HFR,396p,600,-29.67992424242425
586,586,TNFF_HEVC_SFR_288p_300K_336,26.483870967741936,14.08927976762643,TNFF_336,HEVC,SFR,288p,300,-53.35483870967742
587,587,USOpen_AVC_SFR_288p_200K_648,21.0,19.340747558691525,USOpen_648,AVC,SFR,288p,200,-51.83870967741936
588,588,TNFF_HEVC_HFR_396p_600K_114,29.71875,13.798175547422929,TNFF_114,HEVC,HFR,396p,600,-50.75
589,589,TNFF_AVC_SFR_720p_2000K_336,61.16129032258065,19.01119665710361,TNFF_336,AVC,SFR,720p,2000,-18.67741935483871
590,590,EPLDay_AVC_HFR_720p_2200K_74,59.45161290322581,14.853779164342631,EPLDay_74,AVC,HFR,720p,2200,-25.61290322580645
591,591,USOpen_AVC_SFR_540p_1800K_148,61.6875,16.419191324483677,USOpen_148,AVC,SFR,540p,1800,-9.55492424242425
592,592,TNFF_HEVC_HFR_540p_1100K_336,54.70967741935484,15.362697907357155,TNFF_336,HEVC,HFR,540p,1100,-25.12903225806452
593,593,USOpen_AVC_HFR_288p_300K_148,32.8125,17.974700101809766,USOpen_148,AVC,HFR,288p,300,-38.42992424242425
594,594,TNFF_AVC_HFR_396p_600K_114,24.78125,15.633966177445185,TNFF_114,AVC,HFR,396p,600,-55.6875
595,595,EPLDay_AVC_SFR_540p_1800K_74,56.80645161290322,14.592130788796272,EPLDay_74,AVC,SFR,540p,1800,-28.25806451612904
596,596,USOpen_AVC_HFR_720p_2200K_148,63.18181818181818,15.39865115197677,USOpen_148,AVC,HFR,720p,2200,-8.06060606060607
597,597,TNFF_HEVC_SFR_540p_1100K_336,62.25806451612903,17.592094525731984,TNFF_336,HEVC,SFR,540p,1100,-17.580645161290327
598,598,USOpen_HEVC_HFR_288p_300K_648,19.516129032258064,14.435330689401711,USOpen_648,HEVC,HFR,288p,300,-53.322580645161295
599,599,TNFF_HEVC_SFR_396p_900K_114,46.25,14.48706319445042,TNFF_114,HEVC,SFR,396p,900,-34.21875
600,600,EPLDay_AVC_HFR_396p_900K_74,35.935483870967744,15.073872897192269,EPLDay_74,AVC,HFR,396p,900,-49.12903225806451
601,601,TNFF_AVC_HFR_720p_2200K_114,60.53125,14.943611458998122,TNFF_114,AVC,HFR,720p,2200,-19.9375
602,602,EPLDay_AVC_SFR_396p_400K_74,24.61290322580645,16.526962173008506,EPLDay_74,AVC,SFR,396p,400,-60.45161290322581
603,603,TNFF_AVC_SFR_396p_800K_114,35.65625,18.221912247003605,TNFF_114,AVC,SFR,396p,800,-44.8125
604,604,EPLDay_HEVC_HFR_396p_900K_74,42.87096774193548,12.478993795985708,EPLDay_74,HEVC,HFR,396p,900,-42.193548387096776
605,605,TNFF_HEVC_SFR_540p_1100K_114,54.375,14.700658998834031,TNFF_114,HEVC,SFR,540p,1100,-26.09375
606,606,USOpen_HEVC_SFR_396p_900K_148,54.09375,16.11745826541828,USOpen_148,HEVC,SFR,396p,900,-17.14867424242425
607,607,TNFF_HEVC_SFR_720p_2200K_336,73.2258064516129,14.390206520563718,TNFF_336,HEVC,SFR,720p,2200,-6.612903225806463
608,608,USOpen_HEVC_HFR_288p_300K_148,34.1875,17.47934048383977,USOpen_148,HEVC,HFR,288p,300,-37.05492424242425
610,610,USOpen_AVC_SFR_396p_800K_604,47.266666666666666,14.217203975778393,USOpen_604,AVC,SFR,396p,800,-22.933333333333337
611,611,TNFNFL_HEVC_HFR_540p_1100K_4211,39.7,14.597145839740955,TNFNFL_4211,HEVC,HFR,540p,1100,-23.666666666666664
612,612,Cricket2_HEVC_SFR_288p_300K_210,29.161290322580644,12.778754480660591,Cricket2_210,HEVC,SFR,288p,300,-51.35483870967742
613,613,USOpen_AVC_SFR_540p_1800K_604,55.66666666666666,14.517422483194306,USOpen_604,AVC,SFR,540p,1800,-14.533333333333346
614,614,Cricket2_HEVC_HFR_288p_300K_210,27.516129032258064,17.11982621207756,Cricket2_210,HEVC,HFR,288p,300,-53.0
615,615,EPLNight_HEVC_SFR_288p_300K_58,7.290322580645161,9.063195862982354,EPLNight_58,HEVC,SFR,288p,300,-86.74193548387095
616,616,TNFNFL_HEVC_HFR_720p_2200K_4211,46.93333333333333,18.286485598811915,TNFNFL_4211,HEVC,HFR,720p,2200,-16.433333333333337
617,617,USOpen_AVC_HFR_396p_900K_604,48.2,15.921473968616514,USOpen_604,AVC,HFR,396p,900,-22.0
618,618,EPLNight_HEVC_HFR_540p_1900K_58,54.29032258064516,15.758650565257076,EPLNight_58,HEVC,HFR,540p,1900,-39.741935483870954
619,619,USOpen_AVC_HFR_540p_1900K_604,63.63333333333333,15.856614462810848,USOpen_604,AVC,HFR,540p,1900,-6.56666666666667
620,620,EPLNight_HEVC_HFR_288p_300K_58,7.290322580645161,12.086231965412058,EPLNight_58,HEVC,HFR,288p,300,-86.74193548387095
621,621,TNFNFL_HEVC_SFR_396p_600K_4211,26.8,16.011246047700347,TNFNFL_4211,HEVC,SFR,396p,600,-36.56666666666666
622,622,USOpen_HEVC_SFR_540p_1100K_604,58.6,13.477388471065158,USOpen_604,HEVC,SFR,540p,1100,-11.600000000000001
623,623,TNFNFL_AVC_HFR_720p_2200K_4211,54.766666666666666,19.47765101055281,TNFNFL_4211,AVC,HFR,720p,2200,-8.600000000000001
624,624,USOpen_HEVC_HFR_288p_300K_604,33.53333333333333,16.24342602066722,USOpen_604,HEVC,HFR,288p,300,-36.66666666666667
626,626,USOpen_HEVC_HFR_540p_1100K_604,62.4,14.237509145446287,USOpen_604,HEVC,HFR,540p,1100,-7.800000000000004
627,627,TNFNFL_HEVC_SFR_396p_900K_4211,33.4,16.523922052587878,TNFNFL_4211,HEVC,SFR,396p,900,-29.96666666666667
628,628,EPLNight_HEVC_SFR_540p_1100K_58,46.774193548387096,11.591736983089277,EPLNight_58,HEVC,SFR,540p,1100,-47.25806451612902
629,629,Cricket1_HEVC_SFR_288p_300K_210,26.258064516129032,12.582547416151812,Cricket1_210,HEVC,SFR,288p,300,-52.48387096774193
630,630,TNFNFL_AVC_HFR_396p_600K_4211,24.666666666666668,14.55869347007332,TNFNFL_4211,AVC,HFR,396p,600,-38.7
631,631,Cricket2_AVC_SFR_396p_400K_210,38.41935483870968,14.877508882588808,Cricket2_210,AVC,SFR,396p,400,-42.096774193548384
632,632,TNFNFL_HEVC_HFR_396p_900K_4211,28.766666666666666,13.225438451039052,TNFNFL_4211,HEVC,HFR,396p,900,-34.6
633,633,EPLNight_HEVC_HFR_720p_2200K_58,63.67741935483871,16.145282136765353,EPLNight_58,HEVC,HFR,720p,2200,-30.354838709677402
634,634,TNFNFL_HEVC_SFR_540p_1100K_4211,34.733333333333334,15.556206335593378,TNFNFL_4211,HEVC,SFR,540p,1100,-28.633333333333333
635,635,Cricket1_AVC_HFR_288p_300K_210,22.870967741935484,14.909927274186822,Cricket1_210,AVC,HFR,288p,300,-55.87096774193547
636,636,TNFNFL_AVC_SFR_396p_800K_4211,31.3,13.706810959032982,TNFNFL_4211,AVC,SFR,396p,800,-32.06666666666666
637,637,Cricket2_HEVC_HFR_396p_900K_210,45.29032258064516,13.610227530953656,Cricket2_210,HEVC,HFR,396p,900,-35.225806451612904
638,638,TNFNFL_AVC_SFR_540p_1200K_4211,43.5,13.5,TNFNFL_4211,AVC,SFR,540p,1200,-19.866666666666667
639,639,USOpen_AVC_SFR_288p_200K_604,24.133333333333333,13.576286515669723,USOpen_604,AVC,SFR,288p,200,-46.06666666666667
640,640,Cricket1_HEVC_HFR_540p_1900K_210,58.774193548387096,19.79851685129283,Cricket1_210,HEVC,HFR,540p,1900,-19.967741935483865
641,641,USOpen_AVC_SFR_720p_2000K_604,68.43333333333334,15.217716283624457,USOpen_604,AVC,SFR,720p,2000,-1.7666666666666657
642,642,Cricket1_HEVC_SFR_396p_600K_210,40.2258064516129,14.22562358159106,Cricket1_210,HEVC,SFR,396p,600,-38.516129032258064
643,643,TNFNFL_HEVC_HFR_396p_600K_4211,21.633333333333333,14.675338345522244,TNFNFL_4211,HEVC,HFR,396p,600,-41.733333333333334
645,645,USOpen_AVC_HFR_288p_300K_604,34.666666666666664,13.337499349161703,USOpen_604,AVC,HFR,288p,300,-35.53333333333334
646,646,Cricket1_HEVC_SFR_540p_1900K_210,63.38709677419355,16.0737763179555,Cricket1_210,HEVC,SFR,540p,1900,-15.35483870967741
647,647,EPLNight_HEVC_SFR_720p_2200K_58,70.61290322580645,15.646657726904262,EPLNight_58,HEVC,SFR,720p,2200,-23.419354838709666
648,648,Cricket2_HEVC_SFR_396p_900K_210,47.96774193548387,14.295236903491706,Cricket2_210,HEVC,SFR,396p,900,-32.54838709677419
649,649,EPLNight_AVC_SFR_288p_200K_58,6.096774193548387,8.282725275008795,EPLNight_58,AVC,SFR,288p,200,-87.93548387096773
650,650,Cricket1_HEVC_HFR_720p_2200K_210,69.09677419354838,19.304612249674992,Cricket1_210,HEVC,HFR,720p,2200,-9.645161290322577
651,651,USOpen_HEVC_SFR_396p_900K_604,46.833333333333336,16.323976911960585,USOpen_604,HEVC,SFR,396p,900,-23.366666666666667
652,652,Cricket1_AVC_SFR_720p_2000K_210,57.58064516129032,18.96988138032937,Cricket1_210,AVC,SFR,720p,2000,-21.16129032258064
653,653,EPLNight_AVC_HFR_288p_300K_58,9.064516129032258,11.381749635529191,EPLNight_58,AVC,HFR,288p,300,-84.96774193548386
654,654,Cricket2_HEVC_HFR_396p_600K_210,42.354838709677416,17.31780435143643,Cricket2_210,HEVC,HFR,396p,600,-38.16129032258065
655,655,Cricket1_AVC_SFR_540p_1800K_210,54.67741935483871,16.296421726324034,Cricket1_210,AVC,SFR,540p,1800,-24.06451612903225
656,656,EPLNight_AVC_SFR_720p_2000K_58,64.48387096774194,16.63240321266028,EPLNight_58,AVC,SFR,720p,2000,-29.548387096774178
657,657,Cricket2_HEVC_SFR_396p_600K_210,46.29032258064516,11.52331031175951,Cricket2_210,HEVC,SFR,396p,600,-34.225806451612904
658,658,USOpen_AVC_SFR_396p_400K_604,43.43333333333333,13.195159044976387,USOpen_604,AVC,SFR,396p,400,-26.766666666666673
659,659,Cricket2_AVC_HFR_396p_900K_210,49.87096774193548,12.589657648587464,Cricket2_210,AVC,HFR,396p,900,-30.645161290322584
660,660,EPLNight_HEVC_HFR_396p_600K_58,21.83870967741936,15.24868428844325,EPLNight_58,HEVC,HFR,396p,600,-72.19354838709675
661,661,Cricket2_HEVC_HFR_540p_1900K_210,61.903225806451616,17.12073792257587,Cricket2_210,HEVC,HFR,540p,1900,-18.61290322580645
662,662,Cricket1_HEVC_HFR_288p_300K_210,28.12903225806452,14.922902803936427,Cricket1_210,HEVC,HFR,288p,300,-50.61290322580644
663,663,Cricket2_AVC_SFR_720p_2000K_210,64.2258064516129,17.48494223595826,Cricket2_210,AVC,SFR,720p,2000,-16.290322580645167
664,664,Cricket1_HEVC_SFR_720p_2200K_210,68.87096774193549,19.283524533090787,Cricket1_210,HEVC,SFR,720p,2200,-9.870967741935473
666,666,Cricket1_HEVC_HFR_540p_1100K_210,50.903225806451616,20.95979998474757,Cricket1_210,HEVC,HFR,540p,1100,-27.838709677419345
667,667,Cricket2_AVC_HFR_540p_1300K_210,50.80645161290322,15.010575529656736,Cricket2_210,AVC,HFR,540p,1300,-29.709677419354847
668,668,EPLNight_AVC_HFR_396p_600K_58,24.870967741935484,12.898466864343696,EPLNight_58,AVC,HFR,396p,600,-69.16129032258063
669,669,TNFNFL_AVC_HFR_288p_300K_4211,7.733333333333333,10.2694801339806,TNFNFL_4211,AVC,HFR,288p,300,-55.63333333333333
671,671,Cricket2_AVC_SFR_396p_800K_210,48.32258064516129,15.850892102246004,Cricket2_210,AVC,SFR,396p,800,-32.193548387096776
672,672,TNFNFL_HEVC_SFR_720p_2200K_4211,50.7,17.043376034890112,TNFNFL_4211,HEVC,SFR,720p,2200,-12.666666666666664
673,673,Cricket1_AVC_SFR_396p_800K_210,43.32258064516129,15.674896916416088,Cricket1_210,AVC,SFR,396p,800,-35.41935483870967
674,674,EPLNight_AVC_HFR_540p_1900K_58,55.45161290322581,15.393418597186937,EPLNight_58,AVC,HFR,540p,1900,-38.580645161290306
675,675,USOpen_HEVC_HFR_396p_600K_604,47.16666666666666,17.02954948187284,USOpen_604,HEVC,HFR,396p,600,-23.033333333333346
676,676,Cricket2_AVC_HFR_720p_2200K_210,61.41935483870968,20.66752820645014,Cricket2_210,AVC,HFR,720p,2200,-19.096774193548384
677,677,USOpen_HEVC_SFR_540p_1900K_604,56.5,14.165097952361643,USOpen_604,HEVC,SFR,540p,1900,-13.700000000000003
678,678,Cricket2_AVC_HFR_396p_600K_210,43.87096774193548,12.196620196790828,Cricket2_210,AVC,HFR,396p,600,-36.645161290322584
679,679,Cricket1_HEVC_HFR_396p_600K_210,37.483870967741936,16.58967997852286,Cricket1_210,HEVC,HFR,396p,600,-41.258064516129025
680,680,TNFNFL_HEVC_HFR_288p_300K_4211,8.6,11.749042514179614,TNFNFL_4211,HEVC,HFR,288p,300,-54.766666666666666
681,681,Cricket1_HEVC_SFR_396p_900K_210,47.193548387096776,14.645090237144675,Cricket1_210,HEVC,SFR,396p,900,-31.548387096774185
682,682,Cricket2_AVC_HFR_540p_1900K_210,62.38709677419355,16.48592247823508,Cricket2_210,AVC,HFR,540p,1900,-18.129032258064512
683,683,EPLNight_HEVC_SFR_540p_1900K_58,55.64516129032258,16.324429322825374,EPLNight_58,HEVC,SFR,540p,1900,-38.38709677419354
684,684,TNFNFL_AVC_SFR_720p_2000K_4211,48.16666666666666,15.847362206023089,TNFNFL_4211,AVC,SFR,720p,2000,-15.20000000000001
685,685,USOpen_AVC_HFR_540p_1300K_604,60.53333333333333,18.304340711669703,USOpen_604,AVC,HFR,540p,1300,-9.666666666666671
686,686,Cricket1_AVC_HFR_396p_600K_210,40.29032258064516,14.977819188315674,Cricket1_210,AVC,HFR,396p,600,-38.4516129032258
687,687,USOpen_AVC_SFR_540p_1200K_604,53.56666666666667,14.307767897971445,USOpen_604,AVC,SFR,540p,1200,-16.633333333333333
688,688,Cricket1_AVC_SFR_396p_400K_210,33.12903225806452,14.849224885785684,Cricket1_210,AVC,SFR,396p,400,-45.61290322580644
689,689,TNFNFL_AVC_SFR_288p_200K_4211,6.9,8.125474345128003,TNFNFL_4211,AVC,SFR,288p,200,-56.46666666666667
690,690,EPLNight_AVC_SFR_540p_1800K_58,52.096774193548384,14.85055628090198,EPLNight_58,AVC,SFR,540p,1800,-41.93548387096773
691,691,TNFNFL_AVC_HFR_540p_1900K_4211,45.23333333333333,16.45941135709969,TNFNFL_4211,AVC,HFR,540p,1900,-18.13333333333334
692,692,USOpen_HEVC_HFR_540p_1900K_604,63.3,16.79513818539957,USOpen_604,HEVC,HFR,540p,1900,-6.900000000000006
693,693,TNFNFL_HEVC_SFR_540p_1900K_4211,42.13333333333333,15.259386910649091,TNFNFL_4211,HEVC,SFR,540p,1900,-21.233333333333334
694,694,USOpen_HEVC_HFR_720p_2200K_604,75.36666666666666,14.18328437124334,USOpen_604,HEVC,HFR,720p,2200,5.166666666666657
695,695,TNFNFL_AVC_HFR_396p_900K_4211,32.13333333333333,14.051650753163804,TNFNFL_4211,AVC,HFR,396p,900,-31.233333333333334
696,696,Cricket1_AVC_SFR_540p_1200K_210,46.64516129032258,16.77468981896156,Cricket1_210,AVC,SFR,540p,1200,-32.096774193548384
697,697,TNFNFL_HEVC_HFR_540p_1900K_4211,44.93333333333333,16.20068585653775,TNFNFL_4211,HEVC,HFR,540p,1900,-18.433333333333337
698,698,EPLNight_AVC_SFR_396p_800K_58,30.451612903225808,12.883694895981384,EPLNight_58,AVC,SFR,396p,800,-63.580645161290306
699,699,TNFNFL_HEVC_SFR_288p_300K_4211,11.766666666666667,10.769349510944888,TNFNFL_4211,HEVC,SFR,288p,300,-51.6
700,700,EPLNight_HEVC_SFR_396p_900K_58,35.225806451612904,13.69414680101321,EPLNight_58,HEVC,SFR,396p,900,-58.80645161290321
701,701,Cricket2_HEVC_HFR_540p_1100K_210,58.12903225806452,18.702668320036103,Cricket2_210,HEVC,HFR,540p,1100,-22.387096774193544
702,702,Cricket1_AVC_HFR_396p_900K_210,43.45161290322581,13.804718009942365,Cricket1_210,AVC,HFR,396p,900,-35.29032258064515
703,703,Cricket2_HEVC_HFR_720p_2200K_210,64.03225806451613,21.261025786207725,Cricket2_210,HEVC,HFR,720p,2200,-16.483870967741936
704,704,EPLNight_AVC_HFR_540p_1300K_58,48.41935483870968,15.349212848470044,EPLNight_58,AVC,HFR,540p,1300,-45.612903225806434
705,705,USOpen_HEVC_SFR_288p_300K_604,30.5,16.406807530209324,USOpen_604,HEVC,SFR,288p,300,-39.7
706,706,Cricket2_HEVC_SFR_540p_1900K_210,66.38709677419355,16.635906404336993,Cricket2_210,HEVC,SFR,540p,1900,-14.129032258064512
707,707,TNFNFL_AVC_HFR_540p_1300K_4211,40.16666666666666,14.248001809220671,TNFNFL_4211,AVC,HFR,540p,1300,-23.20000000000001
708,708,Cricket2_AVC_SFR_540p_1800K_210,64.25806451612904,18.5262982078493,Cricket2_210,AVC,SFR,540p,1800,-16.258064516129025
709,709,EPLNight_AVC_SFR_396p_400K_58,24.70967741935484,14.756504412515415,EPLNight_58,AVC,SFR,396p,400,-69.32258064516128
710,710,Cricket1_HEVC_HFR_396p_900K_210,46.903225806451616,14.24294922048796,Cricket1_210,HEVC,HFR,396p,900,-31.838709677419345
711,711,Cricket2_AVC_HFR_288p_300K_210,26.451612903225808,14.441961062612895,Cricket2_210,AVC,HFR,288p,300,-54.064516129032256
712,712,TNFNFL_AVC_SFR_396p_400K_4211,22.866666666666667,13.106571718882943,TNFNFL_4211,AVC,SFR,396p,400,-40.5
713,713,EPLNight_HEVC_SFR_396p_600K_58,29.096774193548388,14.523295721923134,EPLNight_58,HEVC,SFR,396p,600,-64.93548387096773
714,714,Cricket2_HEVC_SFR_540p_1100K_210,59.38709677419355,16.693976930762435,Cricket2_210,HEVC,SFR,540p,1100,-21.129032258064512
715,715,USOpen_HEVC_SFR_720p_2200K_604,67.93333333333334,16.784781466819545,USOpen_604,HEVC,SFR,720p,2200,-2.2666666666666657
716,716,Cricket1_AVC_HFR_540p_1300K_210,52.96774193548387,18.93193899884487,Cricket1_210,AVC,HFR,540p,1300,-25.77419354838709
717,717,Cricket2_AVC_SFR_540p_1200K_210,57.25806451612903,17.681715983604928,Cricket2_210,AVC,SFR,540p,1200,-23.258064516129032
718,718,Cricket1_AVC_SFR_288p_200K_210,14.32258064516129,9.792647329878031,Cricket1_210,AVC,SFR,288p,200,-64.41935483870967
719,719,EPLNight_AVC_HFR_396p_900K_58,35.58064516129032,15.912612553991387,EPLNight_58,AVC,HFR,396p,900,-58.451612903225794
720,720,USOpen_HEVC_SFR_396p_600K_604,45.86666666666667,13.71795255212024,USOpen_604,HEVC,SFR,396p,600,-24.333333333333336
721,721,Cricket1_AVC_HFR_540p_1900K_210,55.25806451612903,21.20402843943466,Cricket1_210,AVC,HFR,540p,1900,-23.48387096774193
722,722,Cricket2_AVC_SFR_288p_200K_210,20.580645161290324,13.774155775426037,Cricket2_210,AVC,SFR,288p,200,-59.935483870967744
723,723,TNFNFL_AVC_SFR_540p_1800K_4211,47.0,16.0312195418814,TNFNFL_4211,AVC,SFR,540p,1800,-16.366666666666667
724,724,EPLNight_HEVC_HFR_396p_900K_58,32.064516129032256,16.100361614594487,EPLNight_58,HEVC,HFR,396p,900,-61.96774193548386
725,725,USOpen_AVC_HFR_720p_2200K_604,75.33333333333333,15.883604404822254,USOpen_604,AVC,HFR,720p,2200,5.133333333333326
726,726,EPLNight_AVC_SFR_540p_1200K_58,46.16129032258065,15.210558247678993,EPLNight_58,AVC,SFR,540p,1200,-47.870967741935466
727,727,USOpen_HEVC_HFR_396p_900K_604,49.8,17.4,USOpen_604,HEVC,HFR,396p,900,-20.400000000000006
728,728,EPLNight_AVC_HFR_720p_2200K_58,68.19354838709677,18.476522775147973,EPLNight_58,AVC,HFR,720p,2200,-25.838709677419345
729,729,USOpen_AVC_HFR_396p_600K_604,46.1,15.18628767452182,USOpen_604,AVC,HFR,396p,600,-24.1
730,730,EPLNight_HEVC_HFR_540p_1100K_58,48.32258064516129,13.924652301848234,EPLNight_58,HEVC,HFR,540p,1100,-45.709677419354826
731,731,Cricket1_HEVC_SFR_540p_1100K_210,55.483870967741936,16.267662297592484,Cricket1_210,HEVC,SFR,540p,1100,-23.258064516129025
732,732,Cricket2_HEVC_SFR_720p_2200K_210,69.64516129032258,17.347582126023983,Cricket2_210,HEVC,SFR,720p,2200,-10.870967741935488
733,733,Cricket1_AVC_HFR_720p_2200K_210,63.87096774193548,18.688864953683623,Cricket1_210,AVC,HFR,720p,2200,-14.87096774193548
734,734,EPLDay_AVC_HFR_720p_2200K_8,69.66666666666667,15.60863958292425,EPLDay_8,AVC,HFR,720p,2200,-22.655913978494624
735,735,EPLDay_AVC_HFR_720p_2200K_0,73.28,12.641265759408746,EPLDay_0,AVC,HFR,720p,2200,-19.042580645161294
736,736,EPLDay_AVC_HFR_396p_600K_8,26.5,11.416362526362471,EPLDay_8,AVC,HFR,396p,600,-65.8225806451613
737,737,EPLDay_AVC_HFR_396p_900K_0,36.91666666666666,12.216507502373808,EPLDay_0,AVC,HFR,396p,900,-55.40591397849464
738,738,EPLDay_AVC_HFR_288p_300K_0,16.52,11.038550629498422,EPLDay_0,AVC,HFR,288p,300,-75.8025806451613
739,739,EPLDay_AVC_HFR_288p_300K_8,13.961538461538462,12.939149803334688,EPLDay_8,AVC,HFR,288p,300,-78.36104218362283
740,740,EPLDay_AVC_HFR_396p_900K_8,36.708333333333336,13.020749999733331,EPLDay_8,AVC,HFR,396p,900,-55.61424731182796
741,741,EPLDay_AVC_HFR_396p_600K_0,33.291666666666664,14.287171304666606,EPLDay_0,AVC,HFR,396p,600,-59.03091397849463
