,video,mos,content,codec,fr,res,bitrate,dmos
0,USOpen_AVC_HFR_396p_600K_12,47.34526578660594,USOpen_12,AVC,HFR,396p,600,-21.749584732913995
1,Cricket1_AVC_HFR_288p_300K_198,35.65598288177762,Cricket1_198,AVC,HFR,288p,300,-21.285962344674914
3,Cricket1_HEVC_HFR_396p_900K_198,42.98071504972857,Cricket1_198,HEVC,HFR,396p,900,-13.961230176723959
4,TNFNFL_AVC_SFR_396p_800K_3184,43.35431886402826,TNFNFL_3184,AVC,SFR,396p,800,-20.445650972129478
5,Cricket1_HEVC_SFR_720p_2200K_198,58.37446768278655,Cricket1_198,HEVC,SFR,720p,2200,1.43252245633402
6,EPLDay_HEVC_SFR_396p_600K_20,41.417676874861215,EPLDay_20,HEVC,SFR,396p,600,-32.36769252562789
7,Cricket1_HEVC_HFR_540p_1100K_198,48.74976506785978,Cricket1_198,HEVC,HFR,540p,1100,-8.192180158592755
8,TNFNFL_AVC_SFR_720p_2000K_3184,57.52061001079088,TNFNFL_3184,AVC,SFR,720p,2000,-6.279359825366853
10,EPLDay_HEVC_SFR_396p_900K_20,46.258037204035546,EPLDay_20,HEVC,SFR,396p,900,-27.527332196453557
11,Cricket1_HEVC_HFR_288p_300K_198,36.87098451666328,Cricket1_198,HEVC,HFR,288p,300,-20.070960709789254
12,EPLDay_AVC_SFR_288p_200K_20,22.65629784100094,EPLDay_20,AVC,SFR,288p,200,-51.12907155948817
13,USOpen_HEVC_SFR_288p_300K_12,39.41191970539964,USOpen_12,HEVC,SFR,288p,300,-29.682930814120297
14,TNFF_HEVC_SFR_720p_2200K_32,72.3118737612069,TNFF_32,HEVC,SFR,720p,2200,-4.242525176547076
16,TNFF_AVC_SFR_396p_800K_32,48.59251020535533,TNFF_32,AVC,SFR,396p,800,-27.96188873239864
17,USOpen_AVC_HFR_720p_2200K_12,59.307732028680086,USOpen_12,AVC,HFR,720p,2200,-9.787118490839852
18,TNFF_AVC_HFR_540p_1900K_32,58.941048893556044,TNFF_32,AVC,HFR,540p,1900,-17.61335004419793
19,TNFNFL_AVC_SFR_540p_1800K_3184,56.017085754564285,TNFNFL_3184,AVC,SFR,540p,1800,-7.782884081593451
20,TNFF_HEVC_HFR_540p_1100K_32,59.65103635853493,TNFF_32,HEVC,HFR,540p,1100,-16.903362579219042
21,EPLDay_AVC_HFR_288p_300K_20,24.569255299006716,EPLDay_20,AVC,HFR,288p,300,-49.21611410148239
22,Cricket1_AVC_SFR_288p_200K_198,27.459191480463527,Cricket1_198,AVC,SFR,288p,200,-29.482753745989005
23,TNFF_AVC_SFR_288p_200K_32,27.598016128981392,TNFF_32,AVC,SFR,288p,200,-48.95638280877258
24,Cricket1_AVC_SFR_540p_1200K_198,51.53100772389162,Cricket1_198,AVC,SFR,540p,1200,-5.4109375025609125
25,TNFF_AVC_HFR_720p_2200K_32,65.10193321859555,TNFF_32,AVC,HFR,720p,2200,-11.452465719158425
26,Cricket1_HEVC_SFR_396p_900K_198,47.52691443624233,Cricket1_198,HEVC,SFR,396p,900,-9.415030790210203
27,TNFNFL_AVC_HFR_396p_600K_3184,38.333161245243495,TNFNFL_3184,AVC,HFR,396p,600,-25.46680859091424
28,Cricket1_HEVC_SFR_288p_300K_198,41.207281025437155,Cricket1_198,HEVC,SFR,288p,300,-15.734664201015377
29,TNFF_HEVC_HFR_288p_300K_32,40.98776220369314,TNFF_32,HEVC,HFR,288p,300,-35.566636734060836
30,TNFNFL_HEVC_SFR_540p_1100K_3184,53.10045209326691,TNFNFL_3184,HEVC,SFR,540p,1100,-10.699517742890826
31,EPLDay_AVC_HFR_540p_1900K_20,52.9697814010593,EPLDay_20,AVC,HFR,540p,1900,-20.815587999429802
32,USOpen_AVC_SFR_396p_800K_12,52.88559716748072,USOpen_12,AVC,SFR,396p,800,-16.20925335203922
33,TNFNFL_HEVC_SFR_288p_300K_3184,34.09881011728312,TNFNFL_3184,HEVC,SFR,288p,300,-29.701159718874614
34,USOpen_AVC_SFR_288p_200K_12,38.09940474050704,USOpen_12,AVC,SFR,288p,200,-30.995445779012897
35,TNFF_AVC_HFR_396p_900K_32,48.31310054622183,TNFF_32,AVC,HFR,396p,900,-28.24129839153214
36,USOpen_HEVC_HFR_540p_1900K_12,58.39543018184179,USOpen_12,HEVC,HFR,540p,1900,-10.699420337678148
37,TNFNFL_HEVC_HFR_396p_600K_3184,45.02302466802212,TNFNFL_3184,HEVC,HFR,396p,600,-18.77694516813562
38,TNFF_AVC_SFR_720p_2000K_32,64.22430544695405,TNFF_32,AVC,SFR,720p,2000,-12.330093490799925
39,EPLDay_AVC_HFR_396p_900K_20,46.96943451131335,EPLDay_20,AVC,HFR,396p,900,-26.81593488917575
40,TNFF_HEVC_HFR_540p_1900K_32,65.96098405342265,TNFF_32,HEVC,HFR,540p,1900,-10.593414884331324
41,EPLDay_HEVC_HFR_540p_1900K_20,51.2982655953378,EPLDay_20,HEVC,HFR,540p,1900,-22.4871038051513
42,Cricket1_HEVC_SFR_396p_600K_198,47.994667923428715,Cricket1_198,HEVC,SFR,396p,600,-8.947277303023817
43,USOpen_AVC_HFR_288p_300K_12,40.74826818199518,USOpen_12,AVC,HFR,288p,300,-28.346582337524758
44,TNFF_AVC_SFR_540p_1200K_32,55.80956837348814,TNFF_32,AVC,SFR,540p,1200,-20.744830564265833
45,USOpen_HEVC_HFR_396p_900K_12,51.82791992653271,USOpen_12,HEVC,HFR,396p,900,-17.26693059298723
46,TNFNFL_AVC_SFR_540p_1200K_3184,51.19157751291674,TNFNFL_3184,AVC,SFR,540p,1200,-12.608392323240999
47,USOpen_HEVC_HFR_396p_600K_12,49.14830068124495,USOpen_12,HEVC,HFR,396p,600,-19.94654983827499
48,TNFF_HEVC_HFR_720p_2200K_32,63.847599338793955,TNFF_32,HEVC,HFR,720p,2200,-12.706799598960018
49,USOpen_HEVC_SFR_396p_900K_12,49.15490303322456,USOpen_12,HEVC,SFR,396p,900,-19.93994748629538
50,EPLDay_HEVC_SFR_720p_2200K_20,55.94139376531219,EPLDay_20,HEVC,SFR,720p,2200,-17.84397563517691
51,TNFF_AVC_SFR_540p_1800K_32,61.204119052661305,TNFF_32,AVC,SFR,540p,1800,-15.350279885092668
52,EPLDay_AVC_HFR_540p_1300K_20,51.779911984035195,EPLDay_20,AVC,HFR,540p,1300,-22.005457416453908
53,TNFF_AVC_HFR_396p_600K_32,43.489352269544774,TNFF_32,AVC,HFR,396p,600,-33.0650466682092
54,USOpen_HEVC_SFR_540p_1100K_12,57.451485132285924,USOpen_12,HEVC,SFR,540p,1100,-11.643365387234013
55,TNFNFL_HEVC_HFR_540p_1900K_3184,53.849726563319344,TNFNFL_3184,HEVC,HFR,540p,1900,-9.950243272838392
56,USOpen_HEVC_HFR_720p_2200K_12,61.99693765734405,USOpen_12,HEVC,HFR,720p,2200,-7.097912862175889
57,EPLDay_HEVC_HFR_288p_300K_20,31.513549297878523,EPLDay_20,HEVC,HFR,288p,300,-42.271820102610576
58,Cricket1_AVC_HFR_540p_1900K_198,55.54228672684549,Cricket1_198,AVC,HFR,540p,1900,-1.3996584996070425
59,TNFNFL_AVC_HFR_540p_1300K_3184,50.632391136264715,TNFNFL_3184,AVC,HFR,540p,1300,-13.16757869989302
60,EPLDay_AVC_HFR_720p_2200K_20,57.703945814622834,EPLDay_20,AVC,HFR,720p,2200,-16.08142358586627
61,TNFNFL_HEVC_HFR_720p_2200K_3184,55.35883032650711,TNFNFL_3184,HEVC,HFR,720p,2200,-8.441139509650625
62,USOpen_AVC_HFR_396p_900K_12,50.57358235194305,USOpen_12,AVC,HFR,396p,900,-18.521268167576885
63,EPLDay_HEVC_SFR_540p_1100K_20,48.40731600310951,EPLDay_20,HEVC,SFR,540p,1100,-25.378053397379595
64,USOpen_AVC_SFR_540p_1800K_12,58.96567451149572,USOpen_12,AVC,SFR,540p,1800,-10.129176008024217
65,EPLDay_AVC_SFR_720p_2000K_20,56.570176300542926,EPLDay_20,AVC,SFR,720p,2000,-17.215193099946177
66,Cricket1_HEVC_HFR_396p_600K_198,41.99785983745881,Cricket1_198,HEVC,HFR,396p,600,-14.94408538899372
67,USOpen_HEVC_SFR_720p_2200K_12,56.99884124421285,USOpen_12,HEVC,SFR,720p,2200,-12.09600927530709
68,TNFNFL_AVC_HFR_540p_1900K_3184,54.74640418955409,TNFNFL_3184,AVC,HFR,540p,1900,-9.053565646603644
69,EPLDay_AVC_SFR_396p_800K_20,39.22306537891544,EPLDay_20,AVC,SFR,396p,800,-34.56230402157366
70,USOpen_HEVC_SFR_540p_1900K_12,58.06040009455939,USOpen_12,HEVC,SFR,540p,1900,-11.034450424960546
71,TNFNFL_HEVC_SFR_396p_600K_3184,48.34994137253485,TNFNFL_3184,HEVC,SFR,396p,600,-15.450028463622886
72,EPLDay_AVC_SFR_540p_1800K_20,55.56588227400424,EPLDay_20,AVC,SFR,540p,1800,-18.219487126484864
73,TNFNFL_HEVC_HFR_288p_300K_3184,30.165766551461957,TNFNFL_3184,HEVC,HFR,288p,300,-33.63420328469578
74,USOpen_HEVC_SFR_396p_600K_12,50.42113931425762,USOpen_12,HEVC,SFR,396p,600,-18.673711205262315
75,Cricket1_AVC_HFR_396p_600K_198,40.88153723990512,Cricket1_198,AVC,HFR,396p,600,-16.06040798654741
76,TNFNFL_AVC_HFR_720p_2200K_3184,54.8658659877154,TNFNFL_3184,AVC,HFR,720p,2200,-8.934103848442334
77,Cricket1_HEVC_SFR_540p_1100K_198,52.054900416472115,Cricket1_198,HEVC,SFR,540p,1100,-4.8870448099804165
78,TNFNFL_AVC_HFR_396p_900K_3184,46.808878978657766,TNFNFL_3184,AVC,HFR,396p,900,-16.99109085749997
79,TNFF_HEVC_HFR_396p_900K_32,51.712637385429346,TNFF_32,HEVC,HFR,396p,900,-24.841761552324627
80,TNFNFL_HEVC_SFR_540p_1900K_3184,47.845539765061254,TNFNFL_3184,HEVC,SFR,540p,1900,-15.954430071096482
81,EPLDay_AVC_SFR_396p_400K_20,32.52055977802808,EPLDay_20,AVC,SFR,396p,400,-41.26480962246102
82,Cricket1_HEVC_HFR_720p_2200K_198,50.31148120636147,Cricket1_198,HEVC,HFR,720p,2200,-6.630464020091061
83,EPLDay_HEVC_SFR_288p_300K_20,30.435150633306378,EPLDay_20,HEVC,SFR,288p,300,-43.350218767182724
85,Cricket1_HEVC_HFR_540p_1900K_198,52.97554860535125,Cricket1_198,HEVC,HFR,540p,1900,-3.966396621101282
86,TNFNFL_HEVC_HFR_540p_1100K_3184,50.38511619412304,TNFNFL_3184,HEVC,HFR,540p,1100,-13.414853642034693
87,Cricket1_AVC_HFR_720p_2200K_198,55.800680386600426,Cricket1_198,AVC,HFR,720p,2200,-1.1412648398521057
88,TNFF_HEVC_SFR_540p_1100K_32,62.40378553814935,TNFF_32,HEVC,SFR,540p,1100,-14.150613399604623
89,USOpen_HEVC_HFR_540p_1100K_12,56.58998637596495,USOpen_12,HEVC,HFR,540p,1100,-12.50486414355499
90,TNFF_HEVC_SFR_288p_300K_32,42.241955951813424,TNFF_32,HEVC,SFR,288p,300,-34.31244298594055
91,TNFNFL_HEVC_HFR_396p_900K_3184,45.21302656095442,TNFNFL_3184,HEVC,HFR,396p,900,-18.586943275203318
92,EPLDay_AVC_HFR_396p_600K_20,35.706384689814435,EPLDay_20,AVC,HFR,396p,600,-38.07898471067467
93,USOpen_AVC_SFR_396p_400K_12,48.36874199912625,USOpen_12,AVC,SFR,396p,400,-20.726108520393687
94,EPLDay_HEVC_HFR_720p_2200K_20,63.49569994779468,EPLDay_20,HEVC,HFR,720p,2200,-10.289669452694426
95,TNFF_HEVC_SFR_540p_1900K_32,65.34182712167096,TNFF_32,HEVC,SFR,540p,1900,-11.212571816083013
96,EPLDay_HEVC_HFR_396p_600K_20,44.61734371201267,EPLDay_20,HEVC,HFR,396p,600,-29.168025688476433
97,Cricket1_AVC_SFR_396p_800K_198,43.617006769179554,Cricket1_198,AVC,SFR,396p,800,-13.324938457272978
98,USOpen_AVC_HFR_540p_1900K_12,57.19402990782805,USOpen_12,AVC,HFR,540p,1900,-11.900820611691884
99,Cricket1_AVC_HFR_540p_1300K_198,49.65265737598775,Cricket1_198,AVC,HFR,540p,1300,-7.289287850464781
100,TNFNFL_HEVC_SFR_396p_900K_3184,48.76468910730429,TNFNFL_3184,HEVC,SFR,396p,900,-15.035280728853444
101,Cricket1_AVC_SFR_720p_2000K_198,56.67293491304203,Cricket1_198,AVC,SFR,720p,2000,-0.2690103134105044
102,TNFF_AVC_HFR_540p_1300K_32,57.49055730469927,TNFF_32,AVC,HFR,540p,1300,-19.0638416330547
103,USOpen_AVC_SFR_720p_2000K_12,63.544375922019526,USOpen_12,AVC,SFR,720p,2000,-5.550474597500411
104,EPLDay_AVC_SFR_540p_1200K_20,49.4733384074051,EPLDay_20,AVC,SFR,540p,1200,-24.312030993084
105,Cricket1_AVC_SFR_540p_1800K_198,51.101278728683724,Cricket1_198,AVC,SFR,540p,1800,-5.840666497768808
106,TNFNFL_AVC_SFR_396p_400K_3184,36.21401177093489,TNFNFL_3184,AVC,SFR,396p,400,-27.585958065222847
107,USOpen_HEVC_HFR_288p_300K_12,42.93741208363334,USOpen_12,HEVC,HFR,288p,300,-26.157438435886597
108,TNFF_HEVC_SFR_396p_600K_32,48.03388805734513,TNFF_32,HEVC,SFR,396p,600,-28.520510880408843
109,TNFNFL_AVC_SFR_288p_200K_3184,28.484277883031055,TNFNFL_3184,AVC,SFR,288p,200,-35.31569195312668
110,Cricket1_HEVC_SFR_540p_1900K_198,57.08365203531057,Cricket1_198,HEVC,SFR,540p,1900,0.14170680885803932
112,Cricket1_AVC_HFR_396p_900K_198,46.14903103496794,Cricket1_198,AVC,HFR,396p,900,-10.792914191484591
113,EPLDay_HEVC_HFR_540p_1100K_20,53.12350344324581,EPLDay_20,HEVC,HFR,540p,1100,-20.661865957243293
114,TNFF_HEVC_HFR_396p_600K_32,53.21422207645097,TNFF_32,HEVC,HFR,396p,600,-23.340176861303
115,EPLDay_HEVC_HFR_396p_900K_20,45.55588086864963,EPLDay_20,HEVC,HFR,396p,900,-28.229488531839472
116,TNFF_AVC_HFR_288p_300K_32,36.0130977949519,TNFF_32,AVC,HFR,288p,300,-40.54130114280207
117,TNFNFL_HEVC_SFR_720p_2200K_3184,62.74235251472896,TNFNFL_3184,HEVC,SFR,720p,2200,-1.0576173214287792
118,TNFF_AVC_SFR_396p_400K_32,43.80496222493481,TNFF_32,AVC,SFR,396p,400,-32.74943671281916
119,EPLDay_HEVC_SFR_540p_1900K_20,56.02703263879394,EPLDay_20,HEVC,SFR,540p,1900,-17.758336761695162
120,USOpen_AVC_SFR_540p_1200K_12,55.226127745074294,USOpen_12,AVC,SFR,540p,1200,-13.868722774445644
121,TNFF_HEVC_SFR_396p_900K_32,56.866506355083594,TNFF_32,HEVC,SFR,396p,900,-19.68789258267038
122,Cricket1_AVC_SFR_396p_400K_198,40.00286013047206,Cricket1_198,AVC,SFR,396p,400,-16.939085095980474
123,TNFNFL_AVC_HFR_288p_300K_3184,34.09385891267558,TNFNFL_3184,AVC,HFR,288p,300,-29.706110923482157
124,USOpen_AVC_HFR_540p_1300K_12,56.537668174548,USOpen_12,AVC,HFR,540p,1300,-12.557182344971935
125,USOpen_AVC_HFR_396p_600K_176,46.42707682142858,USOpen_176,AVC,HFR,396p,600,-27.34595199338623
126,EPLDay_HEVC_HFR_288p_300K_48,33.200971571428575,EPLDay_48,HEVC,HFR,288p,300,-40.980127642857134
128,EPLDay_AVC_SFR_288p_200K_48,28.995150363636366,EPLDay_48,AVC,SFR,288p,200,-45.18594885064934
129,Cricket2_AVC_SFR_396p_800K_120,46.41574857142856,Cricket2_120,AVC,SFR,396p,800,-15.089469428571455
130,EPLDay_HEVC_SFR_720p_2200K_48,60.735490178571446,EPLDay_48,HEVC,SFR,720p,2200,-13.445609035714263
131,EPLNight_HEVC_SFR_540p_1100K_20,52.18293046428571,EPLNight_20,HEVC,SFR,540p,1100,-26.198928928571426
132,EPLDay_AVC_SFR_396p_400K_48,37.87147669565217,EPLDay_48,AVC,SFR,396p,400,-36.30962251863354
133,Cricket2_HEVC_HFR_540p_1100K_120,52.170867464285706,Cricket2_120,HEVC,HFR,540p,1100,-9.334350535714307
135,EPLNight_HEVC_SFR_396p_600K_20,46.47103489285714,EPLNight_20,HEVC,SFR,396p,600,-31.910824499999997
136,EPLDay_AVC_HFR_288p_300K_48,38.259488964285715,EPLDay_48,AVC,HFR,288p,300,-35.92161024999999
137,EPLNight_AVC_SFR_396p_400K_20,42.54767232142858,EPLNight_20,AVC,SFR,396p,400,-35.83418707142856
138,USOpen_HEVC_SFR_288p_300K_176,38.02576035714286,USOpen_176,HEVC,SFR,288p,300,-35.74726845767195
139,TNFF_HEVC_SFR_720p_2200K_304,66.90271232142858,TNFF_304,HEVC,SFR,720p,2200,-3.1855447142856974
141,TNFF_AVC_SFR_396p_800K_304,44.20106910714286,TNFF_304,AVC,SFR,396p,800,-25.88718792857142
142,USOpen_AVC_HFR_720p_2200K_176,65.07862710714286,USOpen_176,AVC,HFR,720p,2200,-8.694401707671943
143,TNFF_AVC_HFR_540p_1900K_304,56.35809939285714,TNFF_304,AVC,HFR,540p,1900,-13.730157642857137
144,Cricket2_HEVC_HFR_396p_600K_120,42.61669382142857,Cricket2_120,HEVC,HFR,396p,600,-18.888524178571444
145,TNFF_HEVC_HFR_540p_1100K_304,50.95181932142857,TNFF_304,HEVC,HFR,540p,1100,-19.136437714285705
146,EPLNight_AVC_HFR_396p_600K_20,40.71527214285714,EPLNight_20,AVC,HFR,396p,600,-37.66658725
147,EPLDay_HEVC_HFR_540p_1900K_48,55.56474678571429,EPLDay_48,HEVC,HFR,540p,1900,-18.616352428571417
148,TNFF_AVC_SFR_288p_200K_304,27.14644170714286,TNFF_304,AVC,SFR,288p,200,-42.94181532857142
149,EPLDay_HEVC_SFR_396p_900K_48,48.60711760714286,EPLDay_48,HEVC,SFR,396p,900,-25.573981607142848
150,TNFF_AVC_HFR_720p_2200K_304,60.72932792857143,TNFF_304,AVC,HFR,720p,2200,-9.358929107142849
151,EPLDay_AVC_SFR_540p_1200K_48,51.28383728571429,EPLDay_48,AVC,SFR,540p,1200,-22.897261928571417
152,Cricket2_AVC_HFR_396p_600K_120,39.532369464285715,Cricket2_120,AVC,HFR,396p,600,-21.9728485357143
153,EPLDay_AVC_HFR_540p_1900K_48,56.16985317857143,EPLDay_48,AVC,HFR,540p,1900,-18.01124603571428
154,TNFF_HEVC_HFR_288p_300K_304,31.530837285714284,TNFF_304,HEVC,HFR,288p,300,-38.557419749999994
155,Cricket2_HEVC_SFR_396p_900K_120,51.655947142857144,Cricket2_120,HEVC,SFR,396p,900,-9.84927085714287
156,EPLNight_AVC_HFR_540p_1900K_20,56.881723714285705,EPLNight_20,AVC,HFR,540p,1900,-21.500135678571432
157,USOpen_AVC_SFR_396p_800K_176,48.31826814285714,USOpen_176,AVC,SFR,396p,800,-25.454760671957665
158,Cricket2_HEVC_HFR_396p_900K_120,47.40617839285714,Cricket2_120,HEVC,HFR,396p,900,-14.09903960714287
159,USOpen_AVC_SFR_288p_200K_176,32.28586221428572,USOpen_176,AVC,SFR,288p,200,-41.487166600529086
160,TNFF_AVC_HFR_396p_900K_304,45.47369435714286,TNFF_304,AVC,HFR,396p,900,-24.614562678571417
161,USOpen_HEVC_HFR_540p_1900K_176,58.52731299999999,USOpen_176,HEVC,HFR,540p,1900,-15.245715814814815
162,Cricket2_AVC_SFR_540p_1800K_120,49.65272542857142,Cricket2_120,AVC,SFR,540p,1800,-11.852492571428591
163,TNFF_AVC_SFR_720p_2000K_304,62.11683989285715,TNFF_304,AVC,SFR,720p,2000,-7.971417142857128
164,EPLNight_AVC_SFR_288p_200K_20,30.35113517857143,EPLNight_20,AVC,SFR,288p,200,-48.03072421428571
165,TNFF_HEVC_HFR_540p_1900K_304,57.49422178571429,TNFF_304,HEVC,HFR,540p,1900,-12.59403524999999
166,EPLNight_HEVC_HFR_396p_600K_20,45.330397964285716,EPLNight_20,HEVC,HFR,396p,600,-33.05146142857142
167,EPLDay_AVC_HFR_720p_2200K_48,65.18137857142857,EPLDay_48,AVC,HFR,720p,2200,-8.999720642857142
168,USOpen_AVC_HFR_288p_300K_176,34.38475853571429,USOpen_176,AVC,HFR,288p,300,-39.38827027910052
169,TNFF_AVC_SFR_540p_1200K_304,52.91222814285714,TNFF_304,AVC,SFR,540p,1200,-17.17602889285714
170,USOpen_HEVC_HFR_396p_900K_176,51.74050900000001,USOpen_176,HEVC,HFR,396p,900,-22.032519814814798
171,Cricket2_AVC_HFR_720p_2200K_120,51.43954503571428,Cricket2_120,AVC,HFR,720p,2200,-10.065672964285731
172,USOpen_HEVC_HFR_396p_600K_176,45.741097642857135,USOpen_176,HEVC,HFR,396p,600,-28.031931171957673
173,TNFF_HEVC_HFR_720p_2200K_304,63.98085553571429,TNFF_304,HEVC,HFR,720p,2200,-6.1074014999999875
174,USOpen_HEVC_SFR_396p_900K_176,48.996734964285714,USOpen_176,HEVC,SFR,396p,900,-24.776293850529093
175,EPLNight_HEVC_SFR_540p_1900K_20,57.96160214285714,EPLNight_20,HEVC,SFR,540p,1900,-20.42025725
176,TNFF_AVC_SFR_540p_1800K_304,59.43016782142856,TNFF_304,AVC,SFR,540p,1800,-10.658089214285717
177,EPLNight_AVC_HFR_540p_1300K_20,54.082760214285706,EPLNight_20,AVC,HFR,540p,1300,-24.29909917857143
178,TNFF_AVC_HFR_396p_600K_304,44.96350332142857,TNFF_304,AVC,HFR,396p,600,-25.12475371428571
179,USOpen_HEVC_SFR_540p_1100K_176,50.04076542857143,USOpen_176,HEVC,SFR,540p,1100,-23.732263386243375
180,Cricket2_HEVC_HFR_540p_1900K_120,53.38826617857143,Cricket2_120,HEVC,HFR,540p,1900,-8.116951821428586
181,USOpen_HEVC_HFR_720p_2200K_176,67.0150462142857,USOpen_176,HEVC,HFR,720p,2200,-6.757982600529104
182,EPLNight_HEVC_HFR_288p_300K_20,34.72264957142857,EPLNight_20,HEVC,HFR,288p,300,-43.65920982142857
183,EPLDay_AVC_HFR_396p_900K_48,47.964800107142864,EPLDay_48,AVC,HFR,396p,900,-26.216299107142845
184,Cricket2_AVC_SFR_396p_400K_120,40.71816885714286,Cricket2_120,AVC,SFR,396p,400,-20.787049142857157
185,EPLNight_AVC_SFR_396p_800K_20,45.25100957142856,EPLNight_20,AVC,SFR,396p,800,-33.130849821428576
186,Cricket2_HEVC_SFR_720p_2200K_120,57.29251571428573,Cricket2_120,HEVC,SFR,720p,2200,-4.212702285714286
187,USOpen_AVC_HFR_396p_900K_176,46.81862764285713,USOpen_176,AVC,HFR,396p,900,-26.954401171957677
188,EPLNight_AVC_HFR_288p_300K_20,34.45382264285714,EPLNight_20,AVC,HFR,288p,300,-43.92803675
189,USOpen_AVC_SFR_540p_1800K_176,53.680140535714294,USOpen_176,AVC,SFR,540p,1800,-20.092888279100514
190,EPLNight_AVC_SFR_720p_2000K_20,61.64819899999999,EPLNight_20,AVC,SFR,720p,2000,-16.733660392857146
191,EPLDay_AVC_HFR_396p_600K_48,41.80653782142857,EPLDay_48,AVC,HFR,396p,600,-32.37456139285714
192,USOpen_HEVC_SFR_720p_2200K_176,62.616022464285706,USOpen_176,HEVC,SFR,720p,2200,-11.157006350529102
193,Cricket2_AVC_HFR_540p_1900K_120,51.03987750000001,Cricket2_120,AVC,HFR,540p,1900,-10.465340500000003
194,EPLNight_AVC_SFR_540p_1200K_20,52.969865285714285,EPLNight_20,AVC,SFR,540p,1200,-25.411994107142853
195,USOpen_HEVC_SFR_540p_1900K_176,57.74019675,USOpen_176,HEVC,SFR,540p,1900,-16.032832064814805
196,Cricket2_HEVC_SFR_396p_600K_120,45.76002564285715,Cricket2_120,HEVC,SFR,396p,600,-15.745192357142862
197,EPLNight_AVC_SFR_540p_1800K_20,55.533356964285716,EPLNight_20,AVC,SFR,540p,1800,-22.84850242857142
198,Cricket2_AVC_SFR_540p_1200K_120,49.604230821428565,Cricket2_120,AVC,SFR,540p,1200,-11.900987178571448
199,USOpen_HEVC_SFR_396p_600K_176,48.282485821428565,USOpen_176,HEVC,SFR,396p,600,-25.490542993386242
200,EPLDay_HEVC_HFR_396p_900K_48,44.37020042857143,EPLDay_48,HEVC,HFR,396p,900,-29.81089878571428
201,Cricket2_HEVC_HFR_288p_300K_120,33.26384921428571,Cricket2_120,HEVC,HFR,288p,300,-28.2413687857143
202,EPLDay_AVC_SFR_720p_2000K_48,63.080566000000005,EPLDay_48,AVC,SFR,720p,2000,-11.100533214285704
203,Cricket2_AVC_SFR_288p_200K_120,30.17583817857143,Cricket2_120,AVC,SFR,288p,200,-31.329379821428585
204,TNFF_HEVC_HFR_396p_900K_304,43.955741428571436,TNFF_304,HEVC,HFR,396p,900,-26.132515607142842
205,Cricket2_HEVC_SFR_540p_1100K_120,52.86969271428571,Cricket2_120,HEVC,SFR,540p,1100,-8.635525285714301
206,EPLNight_AVC_HFR_720p_2200K_20,65.99971000000001,EPLNight_20,AVC,HFR,720p,2200,-12.38214939285713
207,EPLDay_AVC_SFR_396p_800K_48,47.48222054166666,EPLDay_48,AVC,SFR,396p,800,-26.698878672619045
208,EPLNight_HEVC_SFR_288p_300K_20,35.18055325,EPLNight_20,HEVC,SFR,288p,300,-43.201306142857135
210,EPLDay_AVC_SFR_540p_1800K_48,54.22769710714285,EPLDay_48,AVC,SFR,540p,1800,-19.953402107142857
211,Cricket2_HEVC_SFR_288p_300K_120,36.43860064285714,Cricket2_120,HEVC,SFR,288p,300,-25.066617357142874
212,EPLDay_AVC_HFR_540p_1300K_48,54.19487457142857,EPLDay_48,AVC,HFR,540p,1300,-19.986224642857138
213,TNFF_HEVC_SFR_540p_1100K_304,57.69970225000001,TNFF_304,HEVC,SFR,540p,1100,-12.38855478571427
214,USOpen_HEVC_HFR_540p_1100K_176,53.926779107142856,USOpen_176,HEVC,HFR,540p,1100,-19.84624970767195
215,TNFF_HEVC_SFR_288p_300K_304,32.621873375,TNFF_304,HEVC,SFR,288p,300,-37.46638366071428
216,Cricket2_AVC_SFR_720p_2000K_120,52.72325935714285,Cricket2_120,AVC,SFR,720p,2000,-8.781958642857163
217,EPLNight_AVC_HFR_396p_900K_20,47.34719067857143,EPLNight_20,AVC,HFR,396p,900,-31.034668714285708
218,USOpen_AVC_SFR_396p_400K_176,41.81528264285714,USOpen_176,AVC,SFR,396p,400,-31.957746171957666
219,EPLNight_HEVC_HFR_720p_2200K_20,64.13888439285715,EPLNight_20,HEVC,HFR,720p,2200,-14.242974999999987
220,TNFF_HEVC_SFR_540p_1900K_304,58.41455383214286,TNFF_304,HEVC,SFR,540p,1900,-11.67370320357142
221,EPLNight_HEVC_HFR_540p_1100K_20,55.28298592857142,EPLNight_20,HEVC,HFR,540p,1100,-23.098873464285717
222,EPLDay_HEVC_HFR_540p_1100K_48,55.86629607142857,EPLDay_48,HEVC,HFR,540p,1100,-18.314803142857137
223,USOpen_AVC_HFR_540p_1900K_176,53.57357853571428,USOpen_176,AVC,HFR,540p,1900,-20.199450279100525
224,EPLDay_HEVC_SFR_540p_1100K_48,50.64208960714285,EPLDay_48,HEVC,SFR,540p,1100,-23.53900960714286
225,Cricket2_HEVC_HFR_720p_2200K_120,55.8601625,Cricket2_120,HEVC,HFR,720p,2200,-5.645055500000012
226,EPLDay_HEVC_SFR_540p_1900K_48,54.299295392857154,EPLDay_48,HEVC,SFR,540p,1900,-19.881803821428555
227,TNFF_AVC_HFR_540p_1300K_304,50.816343285714304,TNFF_304,AVC,HFR,540p,1300,-19.271913749999975
228,USOpen_AVC_SFR_720p_2000K_176,60.51952892857141,USOpen_176,AVC,SFR,720p,2000,-13.253499886243397
229,EPLNight_HEVC_SFR_720p_2200K_20,64.61642539285714,EPLNight_20,HEVC,SFR,720p,2200,-13.765433999999999
230,EPLDay_HEVC_SFR_396p_600K_48,46.28124032142857,EPLDay_48,HEVC,SFR,396p,600,-27.89985889285714
231,Cricket2_AVC_HFR_540p_1300K_120,47.64887925,Cricket2_120,AVC,HFR,540p,1300,-13.856338750000013
232,USOpen_HEVC_HFR_288p_300K_176,36.792378035714286,USOpen_176,HEVC,HFR,288p,300,-36.98065077910052
233,TNFF_HEVC_SFR_396p_600K_304,45.39586839285714,TNFF_304,HEVC,SFR,396p,600,-24.69238864285714
234,Cricket2_AVC_HFR_396p_900K_120,45.61862478571429,Cricket2_120,AVC,HFR,396p,900,-15.886593214285725
235,EPLDay_HEVC_HFR_720p_2200K_48,64.94516739285714,EPLDay_48,HEVC,HFR,720p,2200,-9.235931821428565
237,EPLDay_HEVC_SFR_288p_300K_48,37.16591296428572,EPLDay_48,HEVC,SFR,288p,300,-37.01518624999999
238,EPLNight_HEVC_HFR_540p_1900K_20,56.72069835714286,EPLNight_20,HEVC,HFR,540p,1900,-21.66116103571428
239,TNFF_HEVC_HFR_396p_600K_304,36.75802289285715,TNFF_304,HEVC,HFR,396p,600,-33.33023414285713
240,EPLNight_HEVC_HFR_396p_900K_20,47.910870964285714,EPLNight_20,HEVC,HFR,396p,900,-30.470988428571424
241,TNFF_AVC_HFR_288p_300K_304,29.47543685,TNFF_304,AVC,HFR,288p,300,-40.61282018571428
242,Cricket2_HEVC_SFR_540p_1900K_120,54.427150964285715,Cricket2_120,HEVC,SFR,540p,1900,-7.078067035714298
243,TNFF_AVC_SFR_396p_400K_304,39.50901232142858,TNFF_304,AVC,SFR,396p,400,-30.5792447142857
244,EPLNight_HEVC_SFR_396p_900K_20,49.40166267857143,EPLNight_20,HEVC,SFR,396p,900,-28.98019671428571
245,USOpen_AVC_SFR_540p_1200K_176,52.235322214285716,USOpen_176,AVC,SFR,540p,1200,-21.53770660052909
246,TNFF_HEVC_SFR_396p_900K_304,47.014259749999994,TNFF_304,HEVC,SFR,396p,900,-23.073997285714285
247,EPLDay_HEVC_HFR_396p_600K_48,42.139569107142854,EPLDay_48,HEVC,HFR,396p,600,-32.041530107142854
248,Cricket2_AVC_HFR_288p_300K_120,36.226991035714285,Cricket2_120,AVC,HFR,288p,300,-25.27822696428573
249,USOpen_AVC_HFR_540p_1300K_176,56.53087907142857,USOpen_176,AVC,HFR,540p,1300,-17.242149743386236
250,EPLDay_AVC_HFR_540p_1900K_0,50.666054137931035,EPLDay_0,AVC,HFR,540p,1900,-3.6980374646086887
251,Cricket1_HEVC_SFR_396p_900K_86,54.58501513793104,Cricket1_86,HEVC,SFR,396p,900,0.4516896304125453
252,EPLDay_HEVC_HFR_288p_300K_8,49.359348628738616,EPLDay_8,HEVC,HFR,288p,300,-6.743325289784472
253,USOpen_AVC_SFR_540p_1800K_0,48.23642978434014,USOpen_0,AVC,SFR,540p,1800,-5.021989540339774
254,EPLDay_HEVC_HFR_396p_900K_8,45.45318697681996,EPLDay_8,HEVC,HFR,396p,900,-10.649486941703131
255,TNFNFL_AVC_SFR_540p_1200K_0,46.65608460010045,TNFNFL_0,AVC,SFR,540p,1200,-7.150610204076209
256,EPLDay_AVC_HFR_540p_1900K_8,51.352421062242044,EPLDay_8,AVC,HFR,540p,1900,-4.750252856281044
257,Cricket1_AVC_HFR_720p_2200K_86,51.858348520103796,Cricket1_86,AVC,HFR,720p,2200,-2.2749769874146963
259,USOpen_HEVC_SFR_540p_1100K_166,55.35178544217993,USOpen_166,HEVC,SFR,540p,1100,1.206955996458376
260,EPLDay_HEVC_SFR_720p_2200K_8,47.40031094311116,EPLDay_8,HEVC,SFR,720p,2200,-8.70236297541193
261,TNFF_HEVC_HFR_396p_900K_144,50.12525156156557,TNFF_144,HEVC,HFR,396p,900,-1.7470962501293172
262,Cricket1_HEVC_HFR_720p_2200K_86,48.315614236281775,Cricket1_86,HEVC,HFR,720p,2200,-5.817711271236718
263,TNFF_AVC_HFR_540p_1900K_16,50.85052686497682,TNFF_16,AVC,HFR,540p,1900,-2.1257369287440255
264,TNFF_AVC_SFR_540p_1200K_144,51.75755933915226,TNFF_144,AVC,SFR,540p,1200,-0.11478847254262803
265,TNFNFL_HEVC_HFR_396p_600K_0,44.48581499606917,TNFNFL_0,HEVC,HFR,396p,600,-9.320879808107485
266,EPLDay_HEVC_HFR_540p_1100K_8,54.738660427038226,EPLDay_8,HEVC,HFR,540p,1100,-1.3640134914848616
267,Cricket1_AVC_SFR_396p_800K_86,44.864481753034084,Cricket1_86,AVC,SFR,396p,800,-9.268843754484408
268,USOpen_AVC_HFR_396p_600K_0,45.07116086134398,USOpen_0,AVC,HFR,396p,600,-8.187258463335937
269,EPLDay_HEVC_SFR_288p_300K_0,45.095717046865246,EPLDay_0,HEVC,SFR,288p,300,-9.268374555674477
270,TNFF_HEVC_HFR_720p_2200K_144,49.14695669399548,TNFF_144,HEVC,HFR,720p,2200,-2.7253911176994094
271,USOpen_AVC_HFR_540p_1300K_0,49.52366685343713,USOpen_0,AVC,HFR,540p,1300,-3.7347524712427855
272,TNFF_AVC_SFR_396p_800K_16,52.03839918864593,TNFF_16,AVC,SFR,396p,800,-0.937864605074914
273,USOpen_AVC_SFR_288p_200K_0,44.67213914876588,USOpen_0,AVC,SFR,288p,200,-8.586280175914034
274,EPLDay_AVC_SFR_540p_1800K_8,45.33018982801064,EPLDay_8,AVC,SFR,540p,1800,-10.77248409051245
275,TNFNFL_AVC_SFR_396p_400K_0,50.073176644365546,TNFNFL_0,AVC,SFR,396p,400,-3.733518159811112
276,EPLNight_AVC_SFR_720p_2000K_0,54.9892221724138,EPLNight_0,AVC,SFR,720p,2000,2.2104186103448384
277,TNFNFL_AVC_HFR_540p_1900K_0,49.29923635343713,TNFNFL_0,AVC,HFR,540p,1900,-4.507458450739527
278,EPLNight_AVC_SFR_288p_200K_0,45.24329111172561,EPLNight_0,AVC,SFR,288p,200,-7.535512450343347
279,TNFF_AVC_HFR_396p_600K_16,54.121667446499075,TNFF_16,AVC,HFR,396p,600,1.1454036527782279
280,Cricket2_HEVC_HFR_540p_1100K_90,48.91464724137931,Cricket2_90,HEVC,HFR,540p,1100,3.077142932260486
281,USOpen_HEVC_SFR_396p_600K_0,48.807872028193714,USOpen_0,HEVC,SFR,396p,600,-4.450547296486199
282,TNFF_HEVC_HFR_288p_300K_16,40.75250017241379,TNFF_16,HEVC,HFR,288p,300,-12.223763621307057
283,Cricket2_AVC_HFR_720p_2200K_90,51.483766900453375,Cricket2_90,AVC,HFR,720p,2200,5.646262591334548
284,USOpen_AVC_SFR_720p_2000K_166,54.57253208047731,USOpen_166,AVC,SFR,720p,2000,0.42770263475575376
285,TNFF_AVC_HFR_720p_2200K_16,53.680705425383564,TNFF_16,AVC,HFR,720p,2200,0.7044416316627178
286,EPLDay_HEVC_HFR_396p_900K_0,50.41582916433775,EPLDay_0,HEVC,HFR,396p,900,-3.948262438201972
287,TNFF_AVC_SFR_288p_200K_144,48.4359016121983,TNFF_144,AVC,SFR,288p,200,-3.4364461994965865
288,Cricket1_AVC_HFR_288p_300K_86,45.9252679201239,Cricket1_86,AVC,HFR,288p,300,-8.208057587394592
289,TNFF_AVC_SFR_396p_800K_144,45.568072829466594,TNFF_144,AVC,SFR,396p,800,-6.304274982228293
290,EPLDay_HEVC_SFR_540p_1900K_8,48.96858071252,EPLDay_8,HEVC,SFR,540p,1900,-7.134093206003087
291,Cricket2_AVC_SFR_396p_400K_90,46.53246872413794,Cricket2_90,AVC,SFR,396p,400,0.6949644150191148
292,TNFNFL_AVC_SFR_288p_200K_0,49.27783748677045,TNFNFL_0,AVC,SFR,288p,200,-4.528857317406207
293,Cricket2_HEVC_SFR_540p_1900K_90,49.88943353555522,Cricket2_90,HEVC,SFR,540p,1900,4.051929226436393
294,USOpen_AVC_HFR_540p_1300K_166,48.050935165814586,USOpen_166,AVC,HFR,540p,1300,-6.093894279906969
295,EPLDay_HEVC_SFR_396p_600K_8,45.81704947918667,EPLDay_8,HEVC,SFR,396p,600,-10.285624439336416
296,USOpen_AVC_SFR_396p_400K_166,49.09644743146376,USOpen_166,AVC,SFR,396p,400,-5.048382014257797
297,Cricket1_HEVC_HFR_396p_900K_86,42.49305165343714,Cricket1_86,HEVC,HFR,396p,900,-11.64027385408135
298,TNFF_AVC_HFR_540p_1300K_144,50.90599691897599,TNFF_144,AVC,HFR,540p,1300,-0.9663508927189
299,EPLDay_HEVC_SFR_540p_1900K_0,53.821530971126975,EPLDay_0,HEVC,SFR,540p,1900,-0.5425606314127478
300,EPLNight_HEVC_HFR_540p_1900K_0,47.42770972649551,EPLNight_0,HEVC,HFR,540p,1900,-5.351093835573451
301,Cricket2_HEVC_SFR_396p_900K_90,53.50084326895779,Cricket2_90,HEVC,SFR,396p,900,7.66333895983896
302,EPLNight_HEVC_HFR_720p_2200K_0,52.79153017241379,EPLNight_0,HEVC,HFR,720p,2200,0.01272661034483491
303,Cricket2_AVC_SFR_540p_1800K_90,51.6508413616783,Cricket2_90,AVC,SFR,540p,1800,5.813337052559476
304,TNFF_AVC_SFR_540p_1200K_16,52.77392156828384,TNFF_16,AVC,SFR,540p,1200,-0.20234222543700753
305,TNFNFL_HEVC_SFR_396p_900K_0,47.18141958953245,TNFNFL_0,HEVC,SFR,396p,900,-6.625275214644205
306,EPLDay_HEVC_HFR_396p_600K_0,50.588662004159694,EPLDay_0,HEVC,HFR,396p,600,-3.775429598380029
307,USOpen_HEVC_SFR_720p_2200K_0,51.76253212068966,USOpen_0,HEVC,SFR,720p,2200,-1.4958872039902502
308,TNFF_AVC_HFR_396p_600K_144,44.133853980786135,TNFF_144,AVC,HFR,396p,600,-7.738493830908752
309,TNFNFL_HEVC_HFR_720p_2200K_0,48.26751662008785,TNFNFL_0,HEVC,HFR,720p,2200,-5.5391781840888115
310,TNFF_AVC_HFR_540p_1300K_16,50.88188236235673,TNFF_16,AVC,HFR,540p,1300,-2.09438143136412
311,USOpen_AVC_HFR_540p_1900K_0,52.45616853483616,USOpen_0,AVC,HFR,540p,1900,-0.8022507898437539
312,EPLNight_HEVC_HFR_288p_300K_0,52.49767461411946,EPLNight_0,HEVC,HFR,288p,300,-0.2811289479494974
313,EPLDay_HEVC_HFR_720p_2200K_8,49.36198193056546,EPLDay_8,HEVC,HFR,720p,2200,-6.740691987957625
314,USOpen_AVC_SFR_540p_1200K_166,49.15768616436135,USOpen_166,AVC,SFR,540p,1200,-4.987143281360204
316,TNFF_AVC_SFR_396p_400K_16,44.16509002610369,TNFF_16,AVC,SFR,396p,400,-8.811173767617156
317,Cricket2_HEVC_SFR_288p_300K_90,47.618247979303305,Cricket2_90,HEVC,SFR,288p,300,1.7807436701844779
318,USOpen_AVC_HFR_720p_2200K_0,48.78269691411947,USOpen_0,AVC,HFR,720p,2200,-4.475722410560444
319,EPLNight_AVC_SFR_540p_1200K_0,51.26555460367576,EPLNight_0,AVC,SFR,540p,1200,-1.5132489583931985
320,USOpen_HEVC_HFR_288p_300K_0,46.399142235407176,USOpen_0,HEVC,HFR,288p,300,-6.859277089272737
321,EPLNight_HEVC_SFR_720p_2200K_0,55.44865671559618,EPLNight_0,HEVC,SFR,720p,2200,2.669853153527221
322,EPLDay_HEVC_HFR_288p_300K_0,47.98100658147069,EPLDay_0,HEVC,HFR,288p,300,-6.383085021069036
323,TNFF_HEVC_SFR_720p_2200K_144,50.54816228677045,TNFF_144,HEVC,SFR,720p,2200,-1.324185524924438
324,USOpen_HEVC_HFR_540p_1100K_0,54.92006905851643,USOpen_0,HEVC,HFR,540p,1100,1.6616497338365193
325,TNFNFL_AVC_HFR_396p_600K_0,47.33844651446607,TNFNFL_0,AVC,HFR,396p,600,-6.468248289710587
326,TNFF_HEVC_HFR_288p_300K_144,46.78459581353478,TNFF_144,HEVC,HFR,288p,300,-5.087751998160108
327,TNFF_AVC_HFR_288p_300K_16,48.59262435618869,TNFF_16,AVC,HFR,288p,300,-4.383639437532153
328,TNFF_HEVC_HFR_540p_1100K_144,52.961409425118546,TNFF_144,HEVC,HFR,540p,1100,1.0890616134236595
329,EPLNight_AVC_HFR_540p_1300K_0,48.205623659873886,EPLNight_0,AVC,HFR,540p,1300,-4.573179902195072
330,TNFF_HEVC_SFR_396p_600K_144,45.89067519880015,TNFF_144,HEVC,SFR,396p,600,-5.981672612894734
331,USOpen_HEVC_SFR_540p_1900K_166,55.66180570324445,USOpen_166,HEVC,SFR,540p,1900,1.5169762575228916
332,TNFF_AVC_HFR_396p_900K_144,48.66385094210223,TNFF_144,AVC,HFR,396p,900,-3.2084968695926577
333,TNFF_AVC_SFR_288p_200K_16,42.70967924137931,TNFF_16,AVC,SFR,288p,200,-10.266584552341534
334,USOpen_HEVC_SFR_396p_900K_166,47.94888888725404,USOpen_166,HEVC,SFR,396p,900,-6.1959405584675125
335,USOpen_AVC_SFR_396p_800K_0,48.74718182203527,USOpen_0,AVC,SFR,396p,800,-4.51123750264464
336,EPLDay_HEVC_HFR_720p_2200K_0,54.81344589655173,EPLDay_0,HEVC,HFR,720p,2200,0.44935429401200366
337,Cricket1_HEVC_HFR_540p_1100K_86,53.144760496252516,Cricket1_86,HEVC,HFR,540p,1100,-0.9885650112659761
338,USOpen_HEVC_SFR_396p_900K_0,48.12251141919305,USOpen_0,HEVC,SFR,396p,900,-5.13590790548686
339,TNFF_AVC_SFR_540p_1800K_144,49.166951261565565,TNFF_144,AVC,SFR,540p,1800,-2.705396550129322
340,USOpen_AVC_SFR_396p_400K_0,49.30453711608191,USOpen_0,AVC,SFR,396p,400,-3.953882208598003
341,TNFF_AVC_SFR_396p_400K_144,47.944397331200875,TNFF_144,AVC,SFR,396p,400,-3.9279504804940117
342,USOpen_AVC_SFR_720p_2000K_0,49.79519768677047,USOpen_0,AVC,SFR,720p,2000,-3.4632216379094416
343,EPLDay_HEVC_SFR_720p_2200K_0,53.82763677099864,EPLDay_0,HEVC,SFR,720p,2200,-0.5364548315410858
344,USOpen_AVC_HFR_288p_300K_0,52.67377599455871,USOpen_0,AVC,HFR,288p,300,-0.5846433301212031
345,EPLDay_HEVC_SFR_288p_300K_8,43.76825214540625,EPLDay_8,HEVC,SFR,288p,300,-12.334421773116837
346,Cricket2_AVC_SFR_540p_1200K_90,48.11437314644471,Cricket2_90,AVC,SFR,540p,1200,2.2768688373258854
348,Cricket1_HEVC_SFR_540p_1100K_86,50.10990401364661,Cricket1_86,HEVC,SFR,540p,1100,-4.023421493871879
349,EPLNight_HEVC_HFR_396p_600K_0,49.80599493926648,EPLNight_0,HEVC,HFR,396p,600,-2.972808622802475
350,Cricket2_HEVC_SFR_720p_2200K_90,56.118471690547146,Cricket2_90,HEVC,SFR,720p,2200,10.280967381428319
352,Cricket2_AVC_SFR_396p_800K_90,53.05987194692296,Cricket2_90,AVC,SFR,396p,800,7.222367637804133
353,USOpen_HEVC_HFR_720p_2200K_166,52.06501745343713,USOpen_166,HEVC,HFR,720p,2200,-2.0798119922844265
354,Cricket1_AVC_SFR_288p_200K_86,49.96881862691697,Cricket1_86,AVC,SFR,288p,200,-4.164506880601522
356,Cricket2_HEVC_HFR_288p_300K_90,44.95496079232701,Cricket2_90,HEVC,HFR,288p,300,-0.8825435167918201
357,TNFF_HEVC_HFR_396p_900K_16,48.00366921681426,TNFF_16,HEVC,HFR,396p,900,-4.972594576906587
358,EPLDay_HEVC_HFR_540p_1900K_0,49.818518442425486,EPLDay_0,HEVC,HFR,540p,1900,-4.5455731601142375
359,TNFF_AVC_HFR_720p_2200K_144,51.428118724137946,TNFF_144,AVC,HFR,720p,2200,-0.44422908755694124
360,Cricket2_AVC_SFR_720p_2000K_90,55.31578231034483,Cricket2_90,AVC,SFR,720p,2000,9.478278001226002
361,Cricket1_HEVC_SFR_720p_2200K_86,50.88684184047724,Cricket1_86,HEVC,SFR,720p,2200,-3.246483667041254
362,USOpen_HEVC_SFR_540p_1100K_0,52.55193323900826,USOpen_0,HEVC,SFR,540p,1100,-0.7064860856716564
363,EPLDay_HEVC_SFR_396p_900K_8,47.4569654137931,EPLDay_8,HEVC,SFR,396p,900,-8.645708504729988
364,EPLNight_HEVC_HFR_396p_900K_0,50.18778546257833,EPLNight_0,HEVC,HFR,396p,900,-2.5910180994906256
365,USOpen_HEVC_SFR_288p_300K_166,46.27617252811786,USOpen_166,HEVC,SFR,288p,300,-7.868656917603694
366,EPLNight_HEVC_SFR_396p_900K_0,53.577451719612355,EPLNight_0,HEVC,SFR,396p,900,0.798648157543397
367,TNFF_HEVC_HFR_720p_2200K_16,54.54018563766531,TNFF_16,HEVC,HFR,720p,2200,1.5639218439444633
368,Cricket1_AVC_SFR_396p_400K_86,48.173715945018,Cricket1_86,AVC,SFR,396p,400,-5.959609562500489
369,Cricket2_HEVC_SFR_540p_1100K_90,54.384382361733714,Cricket2_90,HEVC,SFR,540p,1100,8.546878052614886
370,TNFF_HEVC_SFR_720p_2200K_16,48.83472400433197,TNFF_16,HEVC,SFR,720p,2200,-4.1415397893888795
371,EPLDay_HEVC_HFR_396p_600K_8,47.087041976287715,EPLDay_8,HEVC,HFR,396p,600,-9.015631942235373
372,USOpen_AVC_SFR_540p_1200K_0,52.71518086986862,USOpen_0,AVC,SFR,540p,1200,-0.543238454811295
373,EPLNight_AVC_HFR_720p_2200K_0,56.55180725460661,EPLNight_0,AVC,HFR,720p,2200,3.7730036925376496
374,TNFNFL_AVC_SFR_540p_1800K_0,49.21483108677046,TNFNFL_0,AVC,SFR,540p,1800,-4.5918637174061985
375,USOpen_AVC_HFR_540p_1900K_166,52.106823175479846,USOpen_166,AVC,HFR,540p,1900,-2.038006270241709
376,EPLDay_HEVC_SFR_396p_900K_0,42.799193820932274,EPLDay_0,HEVC,SFR,396p,900,-11.56489778160745
377,TNFNFL_HEVC_HFR_396p_900K_0,50.66981245850346,TNFNFL_0,HEVC,HFR,396p,900,-3.1368823456732002
378,USOpen_AVC_HFR_720p_2200K_166,51.054391941750524,USOpen_166,AVC,HFR,720p,2200,-3.0904375039710317
379,Cricket1_HEVC_SFR_540p_1900K_86,52.6124411819531,Cricket1_86,HEVC,SFR,540p,1900,-1.5208843255653903
380,EPLDay_AVC_HFR_540p_1300K_0,53.06450988680568,EPLDay_0,AVC,HFR,540p,1300,-1.2995817157340426
381,USOpen_HEVC_SFR_720p_2200K_166,51.25965186206896,USOpen_166,HEVC,SFR,720p,2200,-2.885177583652599
382,EPLDay_HEVC_SFR_540p_1100K_0,51.015733977612136,EPLDay_0,HEVC,SFR,540p,1100,-3.348357624927587
383,USOpen_AVC_SFR_288p_200K_166,47.43360358620689,USOpen_166,AVC,SFR,288p,200,-6.711225859514663
384,TNFF_AVC_HFR_396p_900K_16,50.50665365067875,TNFF_16,AVC,HFR,396p,900,-2.4696101430420967
385,Cricket2_AVC_HFR_288p_300K_90,48.74137276754159,Cricket2_90,AVC,HFR,288p,300,2.903868458422764
386,USOpen_HEVC_HFR_396p_900K_0,52.945591578963125,USOpen_0,HEVC,HFR,396p,900,-0.3128277457167883
387,USOpen_HEVC_HFR_396p_900K_166,47.285569611098985,USOpen_166,HEVC,HFR,396p,900,-6.85925983462257
388,TNFF_HEVC_SFR_540p_1900K_144,48.00273632205415,TNFF_144,HEVC,SFR,540p,1900,-3.8696114896407394
389,TNFF_HEVC_SFR_396p_900K_144,51.76553603191481,TNFF_144,HEVC,SFR,396p,900,-0.10681177978007383
390,Cricket1_AVC_HFR_396p_900K_86,49.42514335343713,Cricket1_86,AVC,HFR,396p,900,-4.7081821540813635
391,USOpen_HEVC_HFR_396p_600K_0,50.069018412985216,USOpen_0,HEVC,HFR,396p,600,-3.1894009116946975
392,EPLDay_AVC_SFR_540p_1200K_8,52.39586862432944,EPLDay_8,AVC,SFR,540p,1200,-3.70680529419365
393,TNFF_HEVC_SFR_288p_300K_144,43.681652586206894,TNFF_144,HEVC,SFR,288p,300,-8.190695225487993
394,TNFNFL_HEVC_HFR_288p_300K_0,50.09391174320721,TNFNFL_0,HEVC,HFR,288p,300,-3.71278306096945
395,EPLNight_HEVC_SFR_540p_1100K_0,52.72599497350361,EPLNight_0,HEVC,SFR,540p,1100,-0.0528085885653482
396,TNFF_HEVC_HFR_540p_1100K_16,49.45993591726463,TNFF_16,HEVC,HFR,540p,1100,-3.5163278764562165
397,EPLNight_HEVC_SFR_396p_600K_0,46.956549086770465,EPLNight_0,HEVC,SFR,396p,600,-5.822254475298493
398,TNFF_HEVC_HFR_540p_1900K_144,55.47150354068579,TNFF_144,HEVC,HFR,540p,1900,3.599155728990901
399,USOpen_AVC_SFR_396p_800K_166,50.251582564337745,USOpen_166,AVC,SFR,396p,800,-3.89324688138381
401,USOpen_AVC_HFR_396p_900K_166,41.10423503448277,USOpen_166,AVC,HFR,396p,900,-13.040594411238786
402,USOpen_HEVC_SFR_396p_600K_166,51.94933505343713,USOpen_166,HEVC,SFR,396p,600,-2.1954943922844237
403,Cricket1_AVC_HFR_540p_1300K_86,56.22062520785011,Cricket1_86,AVC,HFR,540p,1300,2.08729970033162
404,Cricket2_HEVC_HFR_396p_900K_90,52.609610417264655,Cricket2_90,HEVC,HFR,396p,900,6.772106108145827
405,TNFF_HEVC_SFR_540p_1900K_16,59.04921532816148,TNFF_16,HEVC,SFR,540p,1900,6.072951534440634
406,Cricket2_AVC_HFR_540p_1300K_90,49.69772912838809,Cricket2_90,AVC,HFR,540p,1300,3.8602248192692628
407,Cricket2_AVC_HFR_396p_600K_90,46.00980841345111,Cricket2_90,AVC,HFR,396p,600,0.17230410433228371
408,USOpen_HEVC_HFR_720p_2200K_0,51.897786482758626,USOpen_0,HEVC,HFR,720p,2200,-1.3606328419212872
409,USOpen_HEVC_HFR_540p_1100K_166,50.05316874428841,USOpen_166,HEVC,HFR,540p,1100,-4.091660701433142
410,Cricket1_AVC_HFR_396p_600K_86,46.057034613173755,Cricket1_86,AVC,HFR,396p,600,-8.076290894344737
411,USOpen_AVC_HFR_396p_600K_166,51.592241827456846,USOpen_166,AVC,HFR,396p,600,-2.5525876182647096
412,Cricket2_HEVC_SFR_396p_600K_90,51.530741082279505,Cricket2_90,HEVC,SFR,396p,600,5.6932367731606774
413,EPLDay_HEVC_SFR_396p_600K_0,47.55037557224204,EPLDay_0,HEVC,SFR,396p,600,-6.813716030297684
414,USOpen_HEVC_HFR_288p_300K_166,54.91409924109083,USOpen_166,HEVC,HFR,288p,300,0.7692697953692758
415,TNFF_AVC_SFR_720p_2000K_144,49.52650599775343,TNFF_144,AVC,SFR,720p,2000,-2.3458418139414547
416,TNFNFL_HEVC_SFR_540p_1900K_0,53.276915562155466,TNFNFL_0,HEVC,SFR,540p,1900,-0.529779242021192
417,Cricket2_HEVC_HFR_396p_600K_90,47.118027762246356,Cricket2_90,HEVC,HFR,396p,600,1.280523453127529
418,EPLNight_AVC_HFR_396p_600K_0,53.36038362989333,EPLNight_0,AVC,HFR,396p,600,0.581580067824369
419,Cricket1_AVC_SFR_720p_2000K_86,52.39835006896551,Cricket1_86,AVC,SFR,720p,2000,-1.7349754385529792
420,TNFF_HEVC_SFR_396p_900K_16,52.17487279320722,TNFF_16,HEVC,SFR,396p,900,-0.8013910005136253
421,EPLNight_AVC_SFR_540p_1800K_0,50.92317984484448,EPLNight_0,AVC,SFR,540p,1800,-1.855623717224475
423,TNFF_HEVC_HFR_396p_600K_16,48.19985274390937,TNFF_16,HEVC,HFR,396p,600,-4.776411049811479
424,USOpen_AVC_HFR_288p_300K_166,40.413705528203906,USOpen_166,AVC,HFR,288p,300,-13.73112391751765
426,USOpen_HEVC_HFR_540p_1900K_166,51.78616197991042,USOpen_166,HEVC,HFR,540p,1900,-2.3586674658111377
427,TNFF_AVC_SFR_720p_2000K_16,46.91442213357401,TNFF_16,AVC,SFR,720p,2000,-6.06184166014684
428,USOpen_HEVC_SFR_288p_300K_0,46.76399558620689,USOpen_0,HEVC,SFR,288p,300,-6.494423738473024
429,TNFF_HEVC_HFR_540p_1900K_16,45.17945433248195,TNFF_16,HEVC,HFR,540p,1900,-7.796809461238894
430,TNFNFL_AVC_HFR_540p_1300K_0,48.30029959235042,TNFNFL_0,AVC,HFR,540p,1300,-5.506395211826238
431,USOpen_AVC_SFR_540p_1800K_166,45.13226685181503,USOpen_166,AVC,SFR,540p,1800,-9.012562593906523
432,TNFNFL_HEVC_HFR_540p_1100K_0,48.89038759573418,TNFNFL_0,HEVC,HFR,540p,1100,-4.9163072084424755
433,TNFF_HEVC_SFR_288p_300K_16,47.014622674017474,TNFF_16,HEVC,SFR,288p,300,-5.961641119703373
434,EPLDay_AVC_SFR_540p_1200K_0,44.63583027586206,EPLDay_0,AVC,SFR,540p,1200,-9.72826132667766
435,Cricket1_HEVC_SFR_396p_600K_86,49.52259966357455,Cricket1_86,HEVC,SFR,396p,600,-4.610725843943939
436,EPLNight_HEVC_HFR_540p_1100K_0,51.49817015343713,EPLNight_0,HEVC,HFR,540p,1100,-1.2806334086318287
437,TNFNFL_HEVC_SFR_288p_300K_0,50.68681226924248,TNFNFL_0,HEVC,SFR,288p,300,-3.1198825349341774
438,Cricket2_HEVC_HFR_720p_2200K_90,52.23800670798412,Cricket2_90,HEVC,HFR,720p,2200,6.400502398865292
440,Cricket1_AVC_SFR_540p_1200K_86,52.01169453571428,Cricket1_86,AVC,SFR,540p,1200,-2.1216309718042154
441,TNFNFL_HEVC_SFR_540p_1100K_0,51.52279303448275,TNFNFL_0,HEVC,SFR,540p,1100,-2.2839017696939052
442,TNFNFL_HEVC_HFR_540p_1900K_0,52.82172004529352,TNFNFL_0,HEVC,HFR,540p,1900,-0.9849747588831406
443,EPLNight_AVC_HFR_288p_300K_0,45.1628774270649,EPLNight_0,AVC,HFR,288p,300,-7.6159261350040595
444,EPLDay_HEVC_HFR_540p_1100K_0,52.90479105611357,EPLDay_0,HEVC,HFR,540p,1100,-1.4593005464261566
445,Cricket1_HEVC_HFR_540p_1900K_86,50.080517836688074,Cricket1_86,HEVC,HFR,540p,1900,-4.052807670830418
446,TNFNFL_AVC_HFR_396p_900K_0,43.13779003311929,TNFNFL_0,AVC,HFR,396p,900,-10.66890477105737
447,TNFF_HEVC_SFR_396p_600K_16,48.070694096561326,TNFF_16,HEVC,SFR,396p,600,-4.905569697159521
448,TNFF_AVC_HFR_540p_1900K_144,52.77608236979544,TNFF_144,AVC,HFR,540p,1900,0.9037345581005525
449,TNFF_AVC_SFR_540p_1800K_16,53.16885657794902,TNFF_16,AVC,SFR,540p,1800,0.19259278422817516
450,EPLDay_HEVC_HFR_540p_1900K_8,49.532591644502254,EPLDay_8,HEVC,HFR,540p,1900,-6.570082274020834
451,USOpen_HEVC_HFR_540p_1900K_0,52.11924599625253,USOpen_0,HEVC,HFR,540p,1900,-1.1391733284273826
452,TNFF_HEVC_HFR_396p_600K_144,50.181817950111714,TNFF_144,HEVC,HFR,396p,600,-1.6905298615831725
453,EPLDay_HEVC_SFR_540p_1100K_8,51.58220641554248,EPLDay_8,HEVC,SFR,540p,1100,-4.520467502980608
454,Cricket1_AVC_HFR_540p_1900K_86,51.06618372413793,Cricket1_86,AVC,HFR,540p,1900,-3.0671417833805634
455,EPLNight_AVC_HFR_396p_900K_0,51.412584834992934,EPLNight_0,AVC,HFR,396p,900,-1.3662187270760242
456,USOpen_HEVC_HFR_396p_600K_166,51.58586056885578,USOpen_166,HEVC,HFR,396p,600,-2.5589688768657766
457,EPLNight_AVC_SFR_396p_800K_0,45.38351501578272,EPLNight_0,AVC,SFR,396p,800,-7.395288546286238
458,TNFF_HEVC_SFR_540p_1100K_144,51.99026686019396,TNFF_144,HEVC,SFR,540p,1100,0.11791904849907553
459,EPLNight_AVC_HFR_540p_1900K_0,52.70576971823391,EPLNight_0,AVC,HFR,540p,1900,-0.07303384383504863
460,TNFNFL_HEVC_SFR_396p_600K_0,52.291128379521,TNFNFL_0,HEVC,SFR,396p,600,-1.5155664246556597
461,Cricket1_AVC_SFR_540p_1800K_86,49.90524361151115,Cricket1_86,AVC,SFR,540p,1800,-4.228081896007339
462,EPLDay_AVC_SFR_540p_1800K_0,52.3931155822795,EPLDay_0,AVC,SFR,540p,1800,-1.970976020260224
463,TNFNFL_AVC_HFR_288p_300K_0,41.349957348303604,TNFNFL_0,AVC,HFR,288p,300,-12.456737455873053
464,TNFNFL_AVC_SFR_720p_2000K_0,51.01614549655173,TNFNFL_0,AVC,SFR,720p,2000,-2.7905493076249286
465,Cricket2_AVC_SFR_288p_200K_90,49.17400235172414,Cricket2_90,AVC,SFR,288p,200,3.3364980426053137
466,TNFNFL_HEVC_SFR_720p_2200K_0,47.10503943398081,TNFNFL_0,HEVC,SFR,720p,2200,-6.7016553701958514
467,Cricket1_HEVC_SFR_288p_300K_86,49.850458344827594,Cricket1_86,HEVC,SFR,288p,300,-4.2828671626908985
468,USOpen_HEVC_SFR_540p_1900K_0,49.562200373729596,USOpen_0,HEVC,SFR,540p,1900,-3.6962189509503176
470,Cricket2_AVC_HFR_396p_900K_90,49.66072594364309,Cricket2_90,AVC,HFR,396p,900,3.823221634524259
471,Cricket1_HEVC_HFR_288p_300K_86,45.3013871201038,Cricket1_86,HEVC,HFR,288p,300,-8.831938387414695
472,TNFF_HEVC_SFR_540p_1100K_16,49.93306921521432,TNFF_16,HEVC,SFR,540p,1100,-3.0431945785065295
473,Cricket2_HEVC_HFR_540p_1900K_90,46.17279466480754,Cricket2_90,HEVC,HFR,540p,1900,0.3352903556887128
474,EPLNight_HEVC_SFR_540p_1900K_0,58.1077208433129,EPLNight_0,HEVC,SFR,540p,1900,5.328917281243939
475,TNFNFL_AVC_HFR_720p_2200K_0,54.74098716224009,TNFNFL_0,AVC,HFR,720p,2200,0.9342923580634306
476,Cricket2_AVC_HFR_540p_1900K_90,51.614576551724134,Cricket2_90,AVC,HFR,540p,1900,5.777072242605307
477,TNFNFL_AVC_SFR_396p_800K_0,51.64088389512346,TNFNFL_0,AVC,SFR,396p,800,-2.1658109090531994
478,TNFF_AVC_HFR_288p_300K_144,45.99614066828859,TNFF_144,AVC,HFR,288p,300,-5.8762071434062975
479,Cricket1_HEVC_HFR_396p_600K_86,51.793280700585015,Cricket1_86,HEVC,HFR,396p,600,-2.340044806933477
480,EPLNight_AVC_SFR_396p_400K_0,49.69476857411005,EPLNight_0,AVC,SFR,396p,400,-3.0840349879589084
481,USOpen_AVC_HFR_396p_900K_0,52.39551406173373,USOpen_0,AVC,HFR,396p,900,-0.8629052629461853
482,EPLNight_HEVC_SFR_288p_300K_0,52.26994894827587,EPLNight_0,HEVC,SFR,288p,300,-0.5088546137930905
483,EPLDay_AVC_HFR_540p_1300K_8,50.35898771400137,EPLDay_8,AVC,HFR,540p,1300,-5.743686204521715
485,EPLDay_HEVC_SFR_396p_600K_74,39.978521893018495,EPLDay_74,HEVC,SFR,396p,600,-40.52024165080482
486,USOpen_HEVC_HFR_396p_900K_648,49.75044709074639,USOpen_648,HEVC,HFR,396p,900,-19.871922267982654
487,TNFF_AVC_HFR_540p_1300K_336,55.70265001057352,TNFF_336,AVC,HFR,540p,1300,-19.65660910773198
488,EPLDay_HEVC_SFR_540p_1100K_74,56.361835680790236,EPLDay_74,HEVC,SFR,540p,1100,-24.13692786303308
489,TNFF_HEVC_HFR_540p_1900K_336,63.94091960238828,TNFF_336,HEVC,HFR,540p,1900,-11.418339515917225
490,TNFF_HEVC_HFR_288p_300K_114,24.220738930495738,TNFF_114,HEVC,HFR,288p,300,-51.173379209701366
491,USOpen_HEVC_SFR_540p_1900K_648,54.99947094114586,USOpen_648,HEVC,SFR,540p,1900,-14.622898417583187
492,EPLDay_HEVC_HFR_396p_600K_74,40.127923820567716,EPLDay_74,HEVC,HFR,396p,600,-40.3708397232556
493,TNFF_HEVC_SFR_540p_1900K_114,63.83277047779083,TNFF_114,HEVC,SFR,540p,1900,-11.561347662406277
494,EPLDay_AVC_HFR_396p_600K_74,34.81364017467441,EPLDay_74,AVC,HFR,396p,600,-45.685123369148904
495,TNFF_HEVC_SFR_288p_300K_114,26.318659762031395,TNFF_114,HEVC,SFR,288p,300,-49.07545837816571
496,USOpen_HEVC_SFR_288p_300K_648,31.455106156302172,USOpen_648,HEVC,SFR,288p,300,-38.167263202426874
497,EPLDay_HEVC_SFR_720p_2200K_74,65.3079895137613,EPLDay_74,HEVC,SFR,720p,2200,-15.190774030062016
498,USOpen_AVC_SFR_720p_2000K_648,64.34509518715458,USOpen_648,AVC,SFR,720p,2000,-5.2772741715744615
499,EPLDay_AVC_HFR_540p_1300K_74,53.93888894312934,EPLDay_74,AVC,HFR,540p,1300,-26.559874600693973
501,EPLDay_AVC_SFR_540p_1200K_74,49.29801799206546,EPLDay_74,AVC,SFR,540p,1200,-31.200745551757855
502,USOpen_HEVC_HFR_540p_1100K_648,58.37213001712088,USOpen_648,HEVC,HFR,540p,1100,-11.250239341608165
503,TNFF_HEVC_HFR_396p_900K_114,45.1188737244393,TNFF_114,HEVC,HFR,396p,900,-30.27524441575781
504,USOpen_HEVC_HFR_720p_2200K_148,62.175295836671594,USOpen_148,HEVC,HFR,720p,2200,-5.699236045021962
505,USOpen_AVC_HFR_396p_600K_648,45.672580854289805,USOpen_648,AVC,HFR,396p,600,-23.94978850443924
506,TNFF_HEVC_HFR_288p_300K_336,30.150880007279472,TNFF_336,HEVC,HFR,288p,300,-45.208379111026034
507,USOpen_HEVC_HFR_396p_600K_648,47.35595790476666,USOpen_648,HEVC,HFR,396p,600,-22.266411453962384
508,TNFF_HEVC_HFR_720p_2200K_114,64.05911916376098,TNFF_114,HEVC,HFR,720p,2200,-11.334998976436125
509,USOpen_HEVC_SFR_396p_600K_648,42.46507632876209,USOpen_648,HEVC,SFR,396p,600,-27.157293029966958
511,USOpen_AVC_SFR_396p_800K_648,43.17968448030812,USOpen_648,AVC,SFR,396p,800,-26.442684878420927
512,TNFF_AVC_SFR_396p_400K_336,31.71699587861322,TNFF_336,AVC,SFR,396p,400,-43.642263239692284
513,USOpen_AVC_HFR_540p_1900K_648,62.437995054001185,USOpen_648,AVC,HFR,540p,1900,-7.184374304727861
514,EPLDay_HEVC_SFR_288p_300K_74,32.55057919127573,EPLDay_74,HEVC,SFR,288p,300,-47.948184352547585
515,USOpen_HEVC_SFR_396p_600K_148,52.95980432157214,USOpen_148,HEVC,SFR,396p,600,-14.914727560121413
516,EPLDay_AVC_HFR_288p_300K_74,25.26329018282163,EPLDay_74,AVC,HFR,288p,300,-55.23547336100168
517,USOpen_HEVC_SFR_720p_2200K_148,68.2739192667214,USOpen_148,HEVC,SFR,720p,2200,0.39938738502785043
518,USOpen_AVC_HFR_720p_2200K_648,70.2552081758308,USOpen_648,AVC,HFR,720p,2200,0.6328388171017565
519,USOpen_HEVC_SFR_540p_1900K_148,62.43338974071375,USOpen_148,HEVC,SFR,540p,1900,-5.441142140979807
520,EPLDay_HEVC_HFR_540p_1900K_74,60.63139385993333,EPLDay_74,HEVC,HFR,540p,1900,-19.867369683889983
521,USOpen_HEVC_HFR_540p_1900K_148,64.37031906453824,USOpen_148,HEVC,HFR,540p,1900,-3.50421281715532
522,TNFF_AVC_SFR_540p_1200K_114,46.36397242753648,TNFF_114,AVC,SFR,540p,1200,-29.030145712660627
523,TNFF_AVC_SFR_540p_1200K_336,55.83661285773729,TNFF_336,AVC,SFR,540p,1200,-19.52264626056821
524,TNFF_AVC_HFR_396p_900K_114,40.091603910738705,TNFF_114,AVC,HFR,396p,900,-35.3025142294584
525,USOpen_HEVC_SFR_288p_300K_148,41.76636891105565,USOpen_148,HEVC,SFR,288p,300,-26.108162970637906
526,EPLDay_AVC_SFR_720p_2000K_74,59.93760467358758,EPLDay_74,AVC,SFR,720p,2000,-20.561158870235737
527,USOpen_AVC_SFR_540p_1200K_148,61.07900095970599,USOpen_148,AVC,SFR,540p,1200,-6.795530921987563
528,TNFF_HEVC_HFR_540p_1900K_114,60.33018952359906,TNFF_114,HEVC,HFR,540p,1900,-15.063928616598048
529,TNFF_AVC_HFR_396p_900K_336,48.5091021305731,TNFF_336,AVC,HFR,396p,900,-26.850156987732404
530,USOpen_AVC_SFR_396p_800K_148,51.33526465250412,USOpen_148,AVC,SFR,396p,800,-16.539267229189434
531,TNFF_AVC_SFR_720p_2000K_114,59.05158121579197,TNFF_114,AVC,SFR,720p,2000,-16.342536924405138
532,TNFF_AVC_HFR_540p_1900K_336,56.11368705430882,TNFF_336,AVC,HFR,540p,1900,-19.245572063996683
533,EPLDay_HEVC_SFR_396p_900K_74,47.66905826570999,EPLDay_74,HEVC,SFR,396p,900,-32.82970527811332
534,TNFF_HEVC_SFR_396p_900K_336,53.97127685583055,TNFF_336,HEVC,SFR,396p,900,-21.38798226247495
535,TNFF_HEVC_SFR_396p_600K_114,39.06555788253581,TNFF_114,HEVC,SFR,396p,600,-36.328560257661294
536,TNFF_AVC_SFR_540p_1800K_336,57.51186531728485,TNFF_336,AVC,SFR,540p,1800,-17.84739380102065
537,USOpen_AVC_SFR_720p_2000K_148,66.93180864464449,USOpen_148,AVC,SFR,720p,2000,-0.9427232370490657
538,TNFF_AVC_SFR_288p_200K_336,25.598832437958094,TNFF_336,AVC,SFR,288p,200,-49.76042668034741
539,USOpen_HEVC_SFR_540p_1100K_148,57.44021306636687,USOpen_148,HEVC,SFR,540p,1100,-10.434318815326684
540,EPLDay_HEVC_HFR_288p_300K_74,29.29980506151146,EPLDay_74,HEVC,HFR,288p,300,-51.19895848231185
541,USOpen_HEVC_HFR_396p_900K_148,52.460368571553985,USOpen_148,HEVC,HFR,396p,900,-15.414163310139571
542,TNFF_HEVC_SFR_540p_1900K_336,66.69719448202267,TNFF_336,HEVC,SFR,540p,1900,-8.662064636282835
543,TNFF_AVC_HFR_288p_300K_114,21.0820461842223,TNFF_114,AVC,HFR,288p,300,-54.31207195597481
544,USOpen_AVC_HFR_288p_300K_648,33.11525899501185,USOpen_648,AVC,HFR,288p,300,-36.507110363717196
546,TNFF_HEVC_HFR_396p_600K_336,47.59564696454508,TNFF_336,HEVC,HFR,396p,600,-27.76361215376042
547,USOpen_HEVC_SFR_540p_1100K_648,56.266361190351546,USOpen_648,HEVC,SFR,540p,1100,-13.3560081683775
548,USOpen_AVC_HFR_540p_1300K_148,56.377699136553574,USOpen_148,AVC,HFR,540p,1300,-11.496832745139983
549,TNFF_AVC_HFR_540p_1300K_114,48.2615175739228,TNFF_114,AVC,HFR,540p,1300,-27.132600566274306
550,EPLDay_AVC_SFR_288p_200K_74,22.300394306672747,EPLDay_74,AVC,SFR,288p,200,-58.19836923715057
551,TNFF_AVC_HFR_288p_300K_336,26.91064832824264,TNFF_336,AVC,HFR,288p,300,-48.44861079006286
553,TNFF_HEVC_SFR_396p_600K_336,51.15825480325476,TNFF_336,HEVC,SFR,396p,600,-24.20100431505074
554,USOpen_AVC_HFR_540p_1900K_148,58.000042898437066,USOpen_148,AVC,HFR,540p,1900,-9.87448898325649
555,USOpen_AVC_SFR_540p_1800K_648,55.578928524140515,USOpen_648,AVC,SFR,540p,1800,-14.04344083458853
556,USOpen_HEVC_HFR_540p_1100K_148,58.80579137774738,USOpen_148,HEVC,HFR,540p,1100,-9.068740503946174
557,TNFF_HEVC_HFR_396p_900K_336,53.65420398185804,TNFF_336,HEVC,HFR,396p,900,-21.705055136447463
558,TNFF_HEVC_SFR_720p_2200K_114,65.35165599882339,TNFF_114,HEVC,SFR,720p,2200,-10.042462141373719
559,USOpen_HEVC_SFR_720p_2200K_648,65.90084041615799,USOpen_648,HEVC,SFR,720p,2200,-3.721528942571055
560,EPLDay_HEVC_HFR_540p_1100K_74,51.794786075089654,EPLDay_74,HEVC,HFR,540p,1100,-28.70397746873366
561,USOpen_AVC_HFR_396p_600K_148,50.030349567219105,USOpen_148,AVC,HFR,396p,600,-17.844182314474452
562,EPLDay_HEVC_SFR_540p_1900K_74,59.54894946873379,EPLDay_74,HEVC,SFR,540p,1900,-20.949814075089527
563,USOpen_AVC_HFR_396p_900K_148,47.772062981796346,USOpen_148,AVC,HFR,396p,900,-20.10246889989721
564,USOpen_AVC_HFR_396p_900K_648,45.990854500991844,USOpen_648,AVC,HFR,396p,900,-23.6315148577372
565,TNFF_AVC_SFR_540p_1800K_114,57.578035852126916,TNFF_114,AVC,SFR,540p,1800,-17.81608228807019
566,USOpen_AVC_SFR_540p_1200K_648,54.94430515974969,USOpen_648,AVC,SFR,540p,1200,-14.678064198979357
567,EPLDay_HEVC_HFR_720p_2200K_74,64.48845515599453,EPLDay_74,HEVC,HFR,720p,2200,-16.010308387828786
568,USOpen_HEVC_HFR_540p_1900K_648,64.87679842324518,USOpen_648,HEVC,HFR,540p,1900,-4.745570935483869
569,EPLDay_AVC_HFR_540p_1900K_74,56.16091962848334,EPLDay_74,AVC,HFR,540p,1900,-24.337843915339974
570,USOpen_AVC_HFR_540p_1300K_648,62.18429282547923,USOpen_648,AVC,HFR,540p,1300,-7.438076533249813
571,USOpen_AVC_SFR_396p_400K_148,44.22660405033457,USOpen_148,AVC,SFR,396p,400,-23.647927831358984
572,USOpen_HEVC_SFR_396p_900K_648,44.57619387662973,USOpen_648,HEVC,SFR,396p,900,-25.046175482099315
573,TNFF_AVC_HFR_540p_1900K_114,53.64842405427764,TNFF_114,AVC,HFR,540p,1900,-21.745694085919467
574,USOpen_HEVC_HFR_720p_2200K_648,70.5620135701302,USOpen_648,HEVC,HFR,720p,2200,0.9396442114011592
575,TNFF_HEVC_HFR_540p_1100K_114,52.81704050534094,TNFF_114,HEVC,HFR,540p,1100,-22.577077634856167
576,TNFF_AVC_SFR_396p_800K_336,45.77727193812274,TNFF_336,AVC,SFR,396p,800,-29.581987180182765
577,USOpen_AVC_SFR_288p_200K_148,34.26172407743021,USOpen_148,AVC,SFR,288p,200,-33.61280780426335
578,TNFF_AVC_HFR_720p_2200K_336,63.78963052868604,TNFF_336,AVC,HFR,720p,2200,-11.569628589619462
579,TNFF_AVC_SFR_288p_200K_114,19.247796070035584,TNFF_114,AVC,SFR,288p,200,-56.146322070161524
580,EPLDay_AVC_SFR_396p_800K_74,43.35869635164186,EPLDay_74,AVC,SFR,396p,800,-37.140067192181455
581,TNFF_HEVC_HFR_720p_2200K_336,67.49970384025055,TNFF_336,HEVC,HFR,720p,2200,-7.859555278054955
582,USOpen_AVC_SFR_396p_400K_648,43.79503365740975,USOpen_648,AVC,SFR,396p,400,-25.827335701319292
583,TNFF_AVC_HFR_396p_600K_336,42.23000906349493,TNFF_336,AVC,HFR,396p,600,-33.12925005481057
584,TNFF_AVC_SFR_396p_400K_114,28.255750528319837,TNFF_114,AVC,SFR,396p,400,-47.13836761187727
585,USOpen_HEVC_HFR_396p_600K_148,45.3117248207012,USOpen_148,HEVC,HFR,396p,600,-22.562807060992355
586,TNFF_HEVC_SFR_288p_300K_336,33.75467561063057,TNFF_336,HEVC,SFR,288p,300,-41.60458350767493
587,USOpen_AVC_SFR_288p_200K_648,30.082532174674416,USOpen_648,AVC,SFR,288p,200,-39.53983718405463
588,TNFF_HEVC_HFR_396p_600K_114,36.903049377946815,TNFF_114,HEVC,HFR,396p,600,-38.49106876225029
589,TNFF_AVC_SFR_720p_2000K_336,60.93304093446268,TNFF_336,AVC,SFR,720p,2000,-14.42621818384282
590,EPLDay_AVC_HFR_720p_2200K_74,59.93456522249415,EPLDay_74,AVC,HFR,720p,2200,-20.564198321329165
591,USOpen_AVC_SFR_540p_1800K_148,61.08971199172185,USOpen_148,AVC,SFR,540p,1800,-6.784819889971708
592,TNFF_HEVC_HFR_540p_1100K_336,56.00037400190685,TNFF_336,HEVC,HFR,540p,1100,-19.358885116398653
593,USOpen_AVC_HFR_288p_300K_148,38.358752422990676,USOpen_148,AVC,HFR,288p,300,-29.51577945870288
594,TNFF_AVC_HFR_396p_600K_114,32.72419155641023,TNFF_114,AVC,HFR,396p,600,-42.669926583786875
595,EPLDay_AVC_SFR_540p_1800K_74,56.89867974921495,EPLDay_74,AVC,SFR,540p,1800,-23.600083794608366
596,USOpen_AVC_HFR_720p_2200K_148,61.94680024325422,USOpen_148,AVC,HFR,720p,2200,-5.927731638439333
597,TNFF_HEVC_SFR_540p_1100K_336,61.53613066345691,TNFF_336,HEVC,SFR,540p,1100,-13.823128454848593
598,USOpen_HEVC_HFR_288p_300K_648,28.43276030944529,USOpen_648,HEVC,HFR,288p,300,-41.18960904928376
599,TNFF_HEVC_SFR_396p_900K_114,49.09266894779131,TNFF_114,HEVC,SFR,396p,900,-26.301449192405798
600,EPLDay_AVC_HFR_396p_900K_74,41.168515234183936,EPLDay_74,AVC,HFR,396p,900,-39.33024830963938
601,TNFF_AVC_HFR_720p_2200K_114,59.92434358335741,TNFF_114,AVC,HFR,720p,2200,-15.469774556839695
602,EPLDay_AVC_SFR_396p_400K_74,32.40527104564216,EPLDay_74,AVC,SFR,396p,400,-48.093492498181156
603,TNFF_AVC_SFR_396p_800K_114,41.284258420080185,TNFF_114,AVC,SFR,396p,800,-34.10985972011692
604,EPLDay_HEVC_HFR_396p_900K_74,46.55422712263846,EPLDay_74,HEVC,HFR,396p,900,-33.94453642118486
605,TNFF_HEVC_SFR_540p_1100K_114,55.85607661853139,TNFF_114,HEVC,SFR,540p,1100,-19.53804152166572
606,USOpen_HEVC_SFR_396p_900K_148,55.020488874961615,USOpen_148,HEVC,SFR,396p,900,-12.854043006731942
607,TNFF_HEVC_SFR_720p_2200K_336,70.90485778821457,TNFF_336,HEVC,SFR,720p,2200,-4.454401330090931
608,USOpen_HEVC_HFR_288p_300K_148,40.16400658567794,USOpen_148,HEVC,HFR,288p,300,-27.710525296015618
610,USOpen_AVC_SFR_396p_800K_604,50.340898066666675,USOpen_604,AVC,SFR,396p,800,-18.490026066666665
611,TNFNFL_HEVC_HFR_540p_1100K_4211,44.42984866666668,TNFNFL_4211,HEVC,HFR,540p,1100,-18.362347866666653
612,Cricket2_HEVC_SFR_288p_300K_210,36.841504017209616,Cricket2_210,HEVC,SFR,288p,300,-38.53466165599701
613,USOpen_AVC_SFR_540p_1800K_604,57.55742493333332,USOpen_604,AVC,SFR,540p,1800,-11.273499200000018
614,Cricket2_HEVC_HFR_288p_300K_210,35.44358742174915,Cricket2_210,HEVC,HFR,288p,300,-39.93257825145748
615,EPLNight_HEVC_SFR_288p_300K_58,19.793899994927855,EPLNight_58,HEVC,SFR,288p,300,-67.4919827917631
616,TNFNFL_HEVC_HFR_720p_2200K_4211,49.7724457,TNFNFL_4211,HEVC,HFR,720p,2200,-13.019750833333333
617,USOpen_AVC_HFR_396p_900K_604,50.47555539999999,USOpen_604,AVC,HFR,396p,900,-18.35536873333335
618,EPLNight_HEVC_HFR_540p_1900K_58,56.129297544481844,EPLNight_58,HEVC,HFR,540p,1900,-31.15658524220912
619,USOpen_AVC_HFR_540p_1900K_604,63.1604144,USOpen_604,AVC,HFR,540p,1900,-5.67050973333334
620,EPLNight_HEVC_HFR_288p_300K_58,20.011746478512546,EPLNight_58,HEVC,HFR,288p,300,-67.27413630817841
621,TNFNFL_HEVC_SFR_396p_600K_4211,35.23240026666667,TNFNFL_4211,HEVC,SFR,396p,600,-27.55979626666666
622,USOpen_HEVC_SFR_540p_1100K_604,58.870895266666665,USOpen_604,HEVC,SFR,540p,1100,-9.960028866666676
623,TNFNFL_AVC_HFR_720p_2200K_4211,55.422468099999996,TNFNFL_4211,AVC,HFR,720p,2200,-7.369728433333336
624,USOpen_HEVC_HFR_288p_300K_604,40.23440166666666,USOpen_604,HEVC,HFR,288p,300,-28.596522466666677
626,USOpen_HEVC_HFR_540p_1100K_604,62.508656333333334,USOpen_604,HEVC,HFR,540p,1100,-6.322267800000006
627,TNFNFL_HEVC_SFR_396p_900K_4211,40.5782544,TNFNFL_4211,HEVC,SFR,396p,900,-22.213942133333333
628,EPLNight_HEVC_SFR_540p_1100K_58,50.44847022804879,EPLNight_58,HEVC,SFR,540p,1100,-36.83741255864217
629,Cricket1_HEVC_SFR_288p_300K_210,34.928723755993005,Cricket1_210,HEVC,SFR,288p,300,-39.496274668392786
630,TNFNFL_AVC_HFR_396p_600K_4211,32.266599,TNFNFL_4211,AVC,HFR,396p,600,-30.525597533333332
631,Cricket2_AVC_SFR_396p_400K_210,43.7546397702837,Cricket2_210,AVC,SFR,396p,400,-31.621525902922926
632,TNFNFL_HEVC_HFR_396p_900K_4211,35.7510229,TNFNFL_4211,HEVC,HFR,396p,900,-27.04117363333333
633,EPLNight_HEVC_HFR_720p_2200K_58,63.613412306067026,EPLNight_58,HEVC,HFR,720p,2200,-23.672470480623936
634,TNFNFL_HEVC_SFR_540p_1100K_4211,40.74798383333334,TNFNFL_4211,HEVC,SFR,540p,1100,-22.04421269999999
635,Cricket1_AVC_HFR_288p_300K_210,32.2187543175085,Cricket1_210,AVC,HFR,288p,300,-42.20624410687729
636,TNFNFL_AVC_SFR_396p_800K_4211,37.83412573333333,TNFNFL_4211,AVC,SFR,396p,800,-24.9580708
637,Cricket2_HEVC_HFR_396p_900K_210,48.731152469297385,Cricket2_210,HEVC,HFR,396p,900,-26.645013203909244
638,TNFNFL_AVC_SFR_540p_1200K_4211,46.3660641,TNFNFL_4211,AVC,SFR,540p,1200,-16.42613243333333
639,USOpen_AVC_SFR_288p_200K_604,32.583599500000005,USOpen_604,AVC,SFR,288p,200,-36.247324633333335
640,Cricket1_HEVC_HFR_540p_1900K_210,59.54121966332064,Cricket1_210,HEVC,HFR,540p,1900,-14.883778761065152
641,USOpen_AVC_SFR_720p_2000K_604,66.73696423333332,USOpen_604,AVC,SFR,720p,2000,-2.0939599000000158
642,Cricket1_HEVC_SFR_396p_600K_210,46.117111830677715,Cricket1_210,HEVC,SFR,396p,600,-28.307886593708076
643,TNFNFL_HEVC_HFR_396p_600K_4211,31.376687533333328,TNFNFL_4211,HEVC,HFR,396p,600,-31.415509000000004
645,USOpen_AVC_HFR_288p_300K_604,40.491436266666675,USOpen_604,AVC,HFR,288p,300,-28.339487866666666
646,Cricket1_HEVC_SFR_540p_1900K_210,62.40354250155544,Cricket1_210,HEVC,SFR,540p,1900,-12.021455922830349
647,EPLNight_HEVC_SFR_720p_2200K_58,68.13611866284576,EPLNight_58,HEVC,SFR,720p,2200,-19.149764123845202
648,Cricket2_HEVC_SFR_396p_900K_210,51.446889426113295,Cricket2_210,HEVC,SFR,396p,900,-23.929276247093334
649,EPLNight_AVC_SFR_288p_200K_58,18.74412643482102,EPLNight_58,AVC,SFR,288p,200,-68.54175635186994
650,Cricket1_HEVC_HFR_720p_2200K_210,66.36491036038971,Cricket1_210,HEVC,HFR,720p,2200,-8.060088063996076
651,USOpen_HEVC_SFR_396p_900K_604,49.98463786666668,USOpen_604,HEVC,SFR,396p,900,-18.84628626666666
652,Cricket1_AVC_SFR_720p_2000K_210,57.495646255841585,Cricket1_210,AVC,SFR,720p,2000,-16.929352168544206
653,EPLNight_AVC_HFR_288p_300K_58,21.510566824393813,EPLNight_58,AVC,HFR,288p,300,-65.77531596229716
654,Cricket2_HEVC_HFR_396p_600K_210,46.903136940817724,Cricket2_210,HEVC,HFR,396p,600,-28.473028732388904
655,Cricket1_AVC_SFR_540p_1800K_210,55.78833545569413,Cricket1_210,AVC,SFR,540p,1800,-18.63666296869166
656,EPLNight_AVC_SFR_720p_2000K_58,63.47726663106258,EPLNight_58,AVC,SFR,720p,2000,-23.808616155628386
657,Cricket2_HEVC_SFR_396p_600K_210,50.083796693338435,Cricket2_210,HEVC,SFR,396p,600,-25.292368979868193
658,USOpen_AVC_SFR_396p_400K_604,47.62911929999999,USOpen_604,AVC,SFR,396p,400,-21.201804833333348
659,Cricket2_AVC_HFR_396p_900K_210,52.40762939433009,Cricket2_210,AVC,HFR,396p,900,-22.96853627887654
660,EPLNight_HEVC_HFR_396p_600K_58,31.697152295656434,EPLNight_58,HEVC,HFR,396p,600,-55.588730491034525
661,Cricket2_HEVC_HFR_540p_1900K_210,61.93690111588327,Cricket2_210,HEVC,HFR,540p,1900,-13.439264557323355
662,Cricket1_HEVC_HFR_288p_300K_210,36.13484263421467,Cricket1_210,HEVC,HFR,288p,300,-38.29015579017112
663,Cricket2_AVC_SFR_720p_2000K_210,63.568436054306694,Cricket2_210,AVC,SFR,720p,2000,-11.807729618899934
664,Cricket1_HEVC_SFR_720p_2200K_210,66.28081040210404,Cricket1_210,HEVC,SFR,720p,2200,-8.144188022281753
666,Cricket1_HEVC_HFR_540p_1100K_210,53.688794111048864,Cricket1_210,HEVC,HFR,540p,1100,-20.736204313336927
667,Cricket2_AVC_HFR_540p_1300K_210,53.76443649477641,Cricket2_210,AVC,HFR,540p,1300,-21.611729178430217
668,EPLNight_AVC_HFR_396p_600K_58,33.82612666090114,EPLNight_58,AVC,HFR,396p,600,-53.45975612578982
669,TNFNFL_AVC_HFR_288p_300K_4211,19.539746966666662,TNFNFL_4211,AVC,HFR,288p,300,-43.25244956666667
671,Cricket2_AVC_SFR_396p_800K_210,51.498439024226094,Cricket2_210,AVC,SFR,396p,800,-23.877726648980534
672,TNFNFL_HEVC_SFR_720p_2200K_4211,52.720466533333344,TNFNFL_4211,HEVC,SFR,720p,2200,-10.071729999999988
673,Cricket1_AVC_SFR_396p_800K_210,47.140859416914736,Cricket1_210,AVC,SFR,396p,800,-27.284139007471055
674,EPLNight_AVC_HFR_540p_1900K_58,57.2006589973022,EPLNight_58,AVC,HFR,540p,1900,-30.085223789388763
675,USOpen_HEVC_HFR_396p_600K_604,50.483641100000014,USOpen_604,HEVC,HFR,396p,600,-18.347283033333326
676,Cricket2_AVC_HFR_720p_2200K_210,60.993255594919844,Cricket2_210,AVC,HFR,720p,2200,-14.382910078286784
677,USOpen_HEVC_SFR_540p_1900K_604,57.65196286666666,USOpen_604,HEVC,SFR,540p,1900,-11.178961266666683
678,Cricket2_AVC_HFR_396p_600K_210,48.10170150518241,Cricket2_210,AVC,HFR,396p,600,-27.274464168024217
679,Cricket1_HEVC_HFR_396p_600K_210,43.570055243016064,Cricket1_210,HEVC,HFR,396p,600,-30.854943181369727
680,TNFNFL_HEVC_HFR_288p_300K_4211,19.93789879566667,TNFNFL_4211,HEVC,HFR,288p,300,-42.85429773766666
681,Cricket1_HEVC_SFR_396p_900K_210,50.47284689742107,Cricket1_210,HEVC,SFR,396p,900,-23.95215152696472
682,Cricket2_AVC_HFR_540p_1900K_210,61.63835102057886,Cricket2_210,AVC,HFR,540p,1900,-13.737814652627769
683,EPLNight_HEVC_SFR_540p_1900K_58,57.424394004081236,EPLNight_58,HEVC,SFR,540p,1900,-29.861488782609726
684,TNFNFL_AVC_SFR_720p_2000K_4211,51.52381849999999,TNFNFL_4211,AVC,SFR,720p,2000,-11.268378033333342
685,USOpen_AVC_HFR_540p_1300K_604,61.48583413333334,USOpen_604,AVC,HFR,540p,1300,-7.345089999999999
686,Cricket1_AVC_HFR_396p_600K_210,45.35637904484583,Cricket1_210,AVC,HFR,396p,600,-29.06861937953996
687,USOpen_AVC_SFR_540p_1200K_604,55.99473616666667,USOpen_604,AVC,SFR,540p,1200,-12.836187966666671
688,Cricket1_AVC_SFR_396p_400K_210,40.24599200533383,Cricket1_210,AVC,SFR,396p,400,-34.17900641905196
689,TNFNFL_AVC_SFR_288p_200K_4211,18.23640271,TNFNFL_4211,AVC,SFR,288p,200,-44.55579382333333
690,EPLNight_AVC_SFR_540p_1800K_58,54.27648794638932,EPLNight_58,AVC,SFR,540p,1800,-33.009394840301646
691,TNFNFL_AVC_HFR_540p_1900K_4211,49.238396066666674,TNFNFL_4211,AVC,HFR,540p,1900,-13.553800466666658
692,USOpen_HEVC_HFR_540p_1900K_604,63.55009293333333,USOpen_604,HEVC,HFR,540p,1900,-5.280831200000009
693,TNFNFL_HEVC_SFR_540p_1900K_4211,46.71348699999999,TNFNFL_4211,HEVC,SFR,540p,1900,-16.07870953333334
694,USOpen_HEVC_HFR_720p_2200K_604,72.24062483333334,USOpen_604,HEVC,HFR,720p,2200,3.409700700000002
695,TNFNFL_AVC_HFR_396p_900K_4211,39.112880499999996,TNFNFL_4211,AVC,HFR,396p,900,-23.679316033333336
696,Cricket1_AVC_SFR_540p_1200K_210,49.863476018891944,Cricket1_210,AVC,SFR,540p,1200,-24.561522405493847
697,TNFNFL_HEVC_HFR_540p_1900K_4211,48.9251248,TNFNFL_4211,HEVC,HFR,540p,1900,-13.867071733333333
698,EPLNight_AVC_SFR_396p_800K_58,38.15263036164232,EPLNight_58,AVC,SFR,396p,800,-49.13325242504864
699,TNFNFL_HEVC_SFR_288p_300K_4211,22.551340989999996,TNFNFL_4211,HEVC,SFR,288p,300,-40.24085554333334
700,EPLNight_HEVC_SFR_396p_900K_58,42.06435476592414,EPLNight_58,HEVC,SFR,396p,900,-45.22152802076682
701,Cricket2_HEVC_HFR_540p_1100K_210,58.48701738330793,Cricket2_210,HEVC,HFR,540p,1100,-16.8891482898987
702,Cricket1_AVC_HFR_396p_900K_210,48.3443729063573,Cricket1_210,AVC,HFR,396p,900,-26.08062551802849
703,Cricket2_HEVC_HFR_720p_2200K_210,62.95184981321007,Cricket2_210,HEVC,HFR,720p,2200,-12.424315859996561
704,EPLNight_AVC_HFR_540p_1300K_58,50.96827413531584,EPLNight_58,AVC,HFR,540p,1300,-36.317608651375124
705,USOpen_HEVC_SFR_288p_300K_604,37.227711899999996,USOpen_604,HEVC,SFR,288p,300,-31.603212233333345
706,Cricket2_HEVC_SFR_540p_1900K_210,64.80192944042884,Cricket2_210,HEVC,SFR,540p,1900,-10.574236232777793
707,TNFNFL_AVC_HFR_540p_1300K_4211,44.515729533333335,TNFNFL_4211,AVC,HFR,540p,1300,-18.276466999999997
708,Cricket2_AVC_SFR_540p_1800K_210,63.11930705430668,Cricket2_210,AVC,SFR,540p,1800,-12.256858618899948
709,EPLNight_AVC_SFR_396p_400K_58,33.59279291339407,EPLNight_58,AVC,SFR,396p,400,-53.69308987329689
710,Cricket1_HEVC_HFR_396p_900K_210,50.67322600360636,Cricket1_210,HEVC,HFR,396p,900,-23.75177242077943
711,Cricket2_AVC_HFR_288p_300K_210,35.12155621706218,Cricket2_210,AVC,HFR,288p,300,-40.25460945614445
712,TNFNFL_AVC_SFR_396p_400K_4211,30.977095733333332,TNFNFL_4211,AVC,SFR,396p,400,-31.8151008
713,EPLNight_HEVC_SFR_396p_600K_58,37.17887088688682,EPLNight_58,HEVC,SFR,396p,600,-50.10701189980414
714,Cricket2_HEVC_SFR_540p_1100K_210,59.220818376150156,Cricket2_210,HEVC,SFR,540p,1100,-16.155347297056473
715,USOpen_HEVC_SFR_720p_2200K_604,67.14123393333333,USOpen_604,HEVC,SFR,720p,2200,-1.6896902000000154
716,Cricket1_AVC_HFR_540p_1300K_210,54.57103436427439,Cricket1_210,AVC,HFR,540p,1300,-19.8539640601114
717,Cricket2_AVC_SFR_540p_1200K_210,58.458472707454476,Cricket2_210,AVC,SFR,540p,1200,-16.917692965752153
718,Cricket1_AVC_SFR_288p_200K_210,25.370137526297288,Cricket1_210,AVC,SFR,288p,200,-49.054860898088506
719,EPLNight_AVC_HFR_396p_900K_58,42.131330948071636,EPLNight_58,AVC,HFR,396p,900,-45.15455183861933
720,USOpen_HEVC_SFR_396p_600K_604,49.398302799999996,USOpen_604,HEVC,SFR,396p,600,-19.432621333333344
721,Cricket1_AVC_HFR_540p_1900K_210,56.17715323135746,Cricket1_210,AVC,HFR,540p,1900,-18.247845193028333
722,Cricket2_AVC_SFR_288p_200K_210,30.579304569223673,Cricket2_210,AVC,SFR,288p,200,-44.796861103982955
723,TNFNFL_AVC_SFR_540p_1800K_4211,50.526873733333325,TNFNFL_4211,AVC,SFR,540p,1800,-12.265322800000007
724,EPLNight_HEVC_HFR_396p_900K_58,39.3417223123712,EPLNight_58,HEVC,HFR,396p,900,-47.94416047431976
725,USOpen_AVC_HFR_720p_2200K_604,72.37483783333333,USOpen_604,AVC,HFR,720p,2200,3.5439136999999903
726,EPLNight_AVC_SFR_540p_1200K_58,49.806998950491135,EPLNight_58,AVC,SFR,540p,1200,-37.47888383619983
727,USOpen_HEVC_HFR_396p_900K_604,52.25975573333334,USOpen_604,HEVC,HFR,396p,900,-16.571168399999998
728,EPLNight_AVC_HFR_720p_2200K_58,65.61437407101687,EPLNight_58,AVC,HFR,720p,2200,-21.671508715674094
729,USOpen_AVC_HFR_396p_600K_604,49.48226516666667,USOpen_604,AVC,HFR,396p,600,-19.34865896666667
730,EPLNight_HEVC_HFR_540p_1100K_58,51.89967395364323,EPLNight_58,HEVC,HFR,540p,1100,-35.38620883304773
731,Cricket1_HEVC_SFR_540p_1100K_210,56.20495604264349,Cricket1_210,HEVC,SFR,540p,1100,-18.220042381742303
732,Cricket2_HEVC_SFR_720p_2200K_210,67.03858910305777,Cricket2_210,HEVC,SFR,720p,2200,-8.337576570148855
733,Cricket1_AVC_HFR_720p_2200K_210,63.04316181683703,Cricket1_210,AVC,HFR,720p,2200,-11.381836607548763
734,EPLDay_AVC_HFR_720p_2200K_8,52.877960705025664,EPLDay_8,AVC,HFR,720p,2200,-3.2247132134974237
735,EPLDay_AVC_HFR_720p_2200K_0,50.27878071103383,EPLDay_0,AVC,HFR,720p,2200,-4.085310891505891
736,EPLDay_AVC_HFR_396p_600K_8,50.01150255235587,EPLDay_8,AVC,HFR,396p,600,-6.091171366167217
737,EPLDay_AVC_HFR_396p_900K_0,51.223050392649334,EPLDay_0,AVC,HFR,396p,900,-3.141041209890389
738,EPLDay_AVC_HFR_288p_300K_0,46.725074376943354,EPLDay_0,AVC,HFR,288p,300,-7.639017225596369
739,EPLDay_AVC_HFR_288p_300K_8,44.38113550118013,EPLDay_8,AVC,HFR,288p,300,-11.721538417342956
740,EPLDay_AVC_HFR_396p_900K_8,61.04895698639848,EPLDay_8,AVC,HFR,396p,900,4.946283067875392
741,EPLDay_AVC_HFR_396p_600K_0,53.16723057653172,EPLDay_0,AVC,HFR,396p,600,-1.1968610260080013
