,video,dmos,content,codec,fr,res,bitrate
0,USOpen_HEVC_HFR_396p_600K_12,58.11799684287084,USOpen_12,HEVC,HFR,396p,600
1,EPLDay_AVC_HFR_396p_600K_20,28.383261112611613,EPLDay_20,AVC,HFR,396p,600
2,USOpen_HEVC_SFR_720p_2200K_12,69.71937465137725,USOpen_12,HEVC,SFR,720p,2200
3,EPLDay_HEVC_HFR_540p_1900K_20,54.42814120089318,EPLDay_20,HEVC,HFR,540p,1900
4,Cricket1_AVC_SFR_396p_800K_198,56.13399634206822,Cricket1_198,AVC,SFR,396p,800
5,EPLDay_HEVC_HFR_396p_600K_20,37.34646883087316,EPLDay_20,HEVC,HFR,396p,600
6,TNFNFL_AVC_SFR_540p_1800K_3184,64.81641512284408,TNFNFL_3184,AVC,SFR,540p,1800
7,USOpen_HEVC_SFR_396p_900K_12,55.72517076651969,USOpen_12,HEVC,SFR,396p,900
8,TNFF_AVC_HFR_396p_600K_32,36.52252054930952,TNFF_32,AVC,HFR,396p,600
9,Cricket1_HEVC_HFR_540p_1100K_198,57.70145607986018,Cricket1_198,HEVC,HFR,540p,1100
10,TNFNFL_AVC_SFR_540p_1200K_3184,64.07125644077378,TNFNFL_3184,AVC,SFR,540p,1200
11,Cricket1_AVC_SFR_720p_2000K_198,65.70131178361828,Cricket1_198,AVC,SFR,720p,2000
12,TNFF_AVC_SFR_540p_1800K_32,54.509960192862415,TNFF_32,AVC,SFR,540p,1800
13,TNFNFL_AVC_HFR_396p_900K_3184,56.09291486573349,TNFNFL_3184,AVC,HFR,396p,900
14,TNFF_HEVC_HFR_396p_600K_32,45.59311204753803,TNFF_32,HEVC,HFR,396p,600
15,USOpen_AVC_HFR_720p_2200K_12,66.89467411554384,USOpen_12,AVC,HFR,720p,2200
16,Cricket1_HEVC_SFR_540p_1900K_198,67.8038961186906,Cricket1_198,HEVC,SFR,540p,1900
17,USOpen_AVC_SFR_720p_2000K_12,70.29144226004347,USOpen_12,AVC,SFR,720p,2000
18,TNFNFL_HEVC_HFR_396p_600K_3184,52.83805032163204,TNFNFL_3184,HEVC,HFR,396p,600
19,USOpen_AVC_HFR_288p_300K_12,43.6506631121745,USOpen_12,AVC,HFR,288p,300
20,TNFNFL_HEVC_SFR_720p_2200K_3184,73.19158877639053,TNFNFL_3184,HEVC,SFR,720p,2200
21,Cricket1_HEVC_HFR_396p_600K_198,51.267068788583835,Cricket1_198,HEVC,HFR,396p,600
22,TNFNFL_HEVC_SFR_540p_1900K_3184,65.0139288808266,TNFNFL_3184,HEVC,SFR,540p,1900
23,TNFF_AVC_HFR_540p_1300K_32,52.60869349692288,TNFF_32,AVC,HFR,540p,1300
24,Cricket1_AVC_HFR_396p_600K_198,52.758274519054474,Cricket1_198,AVC,HFR,396p,600
25,USOpen_AVC_SFR_396p_800K_12,56.55205346051809,USOpen_12,AVC,SFR,396p,800
26,Cricket1_HEVC_HFR_720p_2200K_198,66.0925606775815,Cricket1_198,HEVC,HFR,720p,2200
27,TNFNFL_AVC_SFR_396p_400K_3184,46.06294004110557,TNFNFL_3184,AVC,SFR,396p,400
28,TNFF_AVC_SFR_396p_800K_32,42.52797785631092,TNFF_32,AVC,SFR,396p,800
29,TNFNFL_AVC_HFR_288p_300K_3184,40.68484251849181,TNFNFL_3184,AVC,HFR,288p,300
30,EPLDay_AVC_HFR_540p_1900K_20,49.32132911012461,EPLDay_20,AVC,HFR,540p,1900
31,USOpen_HEVC_HFR_540p_1100K_12,64.02380212647266,USOpen_12,HEVC,HFR,540p,1100
32,EPLDay_AVC_HFR_540p_1300K_20,44.968803795303785,EPLDay_20,AVC,HFR,540p,1300
33,USOpen_HEVC_SFR_540p_1100K_12,65.50597021813743,USOpen_12,HEVC,SFR,540p,1100
34,TNFF_HEVC_SFR_720p_2200K_32,70.90756712368906,TNFF_32,HEVC,SFR,720p,2200
35,USOpen_AVC_SFR_540p_1200K_12,62.397205505830904,USOpen_12,AVC,SFR,540p,1200
36,EPLDay_HEVC_SFR_396p_900K_20,41.15673251013969,EPLDay_20,HEVC,SFR,396p,900
37,TNFNFL_HEVC_SFR_396p_900K_3184,58.21735641536365,TNFNFL_3184,HEVC,SFR,396p,900
38,Cricket1_HEVC_SFR_396p_600K_198,57.41577507139502,Cricket1_198,HEVC,SFR,396p,600
39,TNFNFL_HEVC_HFR_540p_1100K_3184,62.833914212845684,TNFNFL_3184,HEVC,HFR,540p,1100
40,TNFF_AVC_SFR_288p_200K_32,19.091255322795703,TNFF_32,AVC,SFR,288p,200
41,EPLDay_AVC_SFR_540p_1800K_20,48.34841449777118,EPLDay_20,AVC,SFR,540p,1800
42,TNFF_AVC_SFR_540p_1200K_32,48.9858106606777,TNFF_32,AVC,SFR,540p,1200
43,USOpen_AVC_HFR_540p_1900K_12,63.68253063049809,USOpen_12,AVC,HFR,540p,1900
44,EPLDay_AVC_SFR_288p_200K_20,18.871991900270125,EPLDay_20,AVC,SFR,288p,200
45,USOpen_HEVC_SFR_288p_300K_12,44.58394081820936,USOpen_12,HEVC,SFR,288p,300
46,Cricket1_HEVC_HFR_540p_1900K_198,63.21922363856893,Cricket1_198,HEVC,HFR,540p,1900
47,TNFNFL_AVC_SFR_720p_2000K_3184,70.89685797266931,TNFNFL_3184,AVC,SFR,720p,2000
48,EPLDay_AVC_HFR_720p_2200K_20,50.5684151479731,EPLDay_20,AVC,HFR,720p,2200
49,USOpen_HEVC_HFR_396p_900K_12,57.45502993892879,USOpen_12,HEVC,HFR,396p,900
50,Cricket1_HEVC_HFR_396p_900K_198,56.106278656814595,Cricket1_198,HEVC,HFR,396p,900
51,USOpen_HEVC_HFR_720p_2200K_12,72.10056324758928,USOpen_12,HEVC,HFR,720p,2200
52,Cricket1_AVC_HFR_396p_900K_198,55.95299525418256,Cricket1_198,AVC,HFR,396p,900
53,TNFNFL_AVC_HFR_540p_1300K_3184,60.861107411839356,TNFNFL_3184,AVC,HFR,540p,1300
54,Cricket1_HEVC_HFR_288p_300K_198,45.69645026590762,Cricket1_198,HEVC,HFR,288p,300
55,TNFF_HEVC_HFR_288p_300K_32,29.641787504183334,TNFF_32,HEVC,HFR,288p,300
56,EPLDay_HEVC_HFR_288p_300K_20,21.987521560282044,EPLDay_20,HEVC,HFR,288p,300
57,TNFF_AVC_HFR_396p_900K_32,41.03601594807518,TNFF_32,AVC,HFR,396p,900
58,USOpen_AVC_HFR_396p_600K_12,55.40245252127374,USOpen_12,AVC,HFR,396p,600
59,EPLDay_AVC_SFR_396p_800K_20,35.83753428749491,EPLDay_20,AVC,SFR,396p,800
60,TNFF_AVC_HFR_540p_1900K_32,56.13588803471303,TNFF_32,AVC,HFR,540p,1900
61,Cricket1_HEVC_SFR_288p_300K_198,49.58550610538779,Cricket1_198,HEVC,SFR,288p,300
62,TNFF_HEVC_SFR_288p_300K_32,34.41039162966423,TNFF_32,HEVC,SFR,288p,300
63,EPLDay_HEVC_SFR_288p_300K_20,23.35608822255534,EPLDay_20,HEVC,SFR,288p,300
64,Cricket1_HEVC_SFR_396p_900K_198,58.16516350760088,Cricket1_198,HEVC,SFR,396p,900
65,EPLDay_AVC_SFR_396p_400K_20,28.29066159465931,EPLDay_20,AVC,SFR,396p,400
66,TNFNFL_HEVC_HFR_540p_1900K_3184,65.49027597392929,TNFNFL_3184,HEVC,HFR,540p,1900
67,USOpen_HEVC_HFR_540p_1900K_12,66.721560195953,USOpen_12,HEVC,HFR,540p,1900
68,TNFNFL_HEVC_SFR_288p_300K_3184,43.04526560886041,TNFNFL_3184,HEVC,SFR,288p,300
69,USOpen_HEVC_SFR_540p_1900K_12,65.7323190943967,USOpen_12,HEVC,SFR,540p,1900
70,TNFF_HEVC_HFR_540p_1100K_32,55.89921098483764,TNFF_32,HEVC,HFR,540p,1100
71,TNFNFL_AVC_HFR_396p_600K_3184,48.30019685005018,TNFNFL_3184,AVC,HFR,396p,600
72,TNFF_AVC_SFR_396p_400K_32,35.07913170062668,TNFF_32,AVC,SFR,396p,400
73,TNFNFL_AVC_SFR_288p_200K_3184,33.27943290152219,TNFNFL_3184,AVC,SFR,288p,200
74,TNFF_HEVC_SFR_540p_1900K_32,63.99540510343881,TNFF_32,HEVC,SFR,540p,1900
75,Cricket1_HEVC_SFR_540p_1100K_198,63.20272740998368,Cricket1_198,HEVC,SFR,540p,1100
76,EPLDay_AVC_HFR_396p_900K_20,38.96207949110805,EPLDay_20,AVC,HFR,396p,900
77,Cricket1_AVC_SFR_540p_1200K_198,62.30902438824118,Cricket1_198,AVC,SFR,540p,1200
78,TNFNFL_HEVC_HFR_720p_2200K_3184,69.7232469126436,TNFNFL_3184,HEVC,HFR,720p,2200
79,TNFNFL_AVC_HFR_720p_2200K_3184,70.07424040770013,TNFNFL_3184,AVC,HFR,720p,2200
80,Cricket1_AVC_SFR_288p_200K_198,37.66868470408142,Cricket1_198,AVC,SFR,288p,200
81,TNFNFL_HEVC_SFR_396p_600K_3184,54.451427175514134,TNFNFL_3184,HEVC,SFR,396p,600
82,USOpen_AVC_HFR_540p_1300K_12,63.91045721185472,USOpen_12,AVC,HFR,540p,1300
83,TNFF_HEVC_HFR_396p_900K_32,45.21076680594012,TNFF_32,HEVC,HFR,396p,900
84,Cricket1_AVC_HFR_540p_1300K_198,60.60085607121421,Cricket1_198,AVC,HFR,540p,1300
85,TNFF_HEVC_SFR_396p_900K_32,47.568941561742,TNFF_32,HEVC,SFR,396p,900
86,EPLDay_AVC_HFR_288p_300K_20,15.835085830371684,EPLDay_20,AVC,HFR,288p,300
87,Cricket1_AVC_SFR_396p_400K_198,47.410368157840054,Cricket1_198,AVC,SFR,396p,400
88,USOpen_AVC_HFR_396p_900K_12,55.84299285534511,USOpen_12,AVC,HFR,396p,900
89,TNFNFL_HEVC_HFR_288p_300K_3184,36.912126880424395,TNFNFL_3184,HEVC,HFR,288p,300
90,USOpen_AVC_SFR_540p_1800K_12,61.091861940587414,USOpen_12,AVC,SFR,540p,1800
91,Cricket1_AVC_SFR_540p_1800K_198,63.922606915942126,Cricket1_198,AVC,SFR,540p,1800
92,USOpen_HEVC_SFR_396p_600K_12,57.023009208683426,USOpen_12,HEVC,SFR,396p,600
93,Cricket1_AVC_HFR_720p_2200K_198,67.97006065449314,Cricket1_198,AVC,HFR,720p,2200
94,EPLDay_HEVC_HFR_396p_900K_20,42.53076925801929,EPLDay_20,HEVC,HFR,396p,900
95,USOpen_AVC_SFR_396p_400K_12,52.051259429736255,USOpen_12,AVC,SFR,396p,400
96,TNFF_AVC_HFR_720p_2200K_32,60.96278492192313,TNFF_32,AVC,HFR,720p,2200
97,USOpen_HEVC_HFR_288p_300K_12,46.26965101912833,USOpen_12,HEVC,HFR,288p,300
98,EPLDay_HEVC_HFR_540p_1100K_20,46.55665428101341,EPLDay_20,HEVC,HFR,540p,1100
99,TNFF_HEVC_HFR_540p_1900K_32,61.410990687725764,TNFF_32,HEVC,HFR,540p,1900
100,EPLDay_HEVC_SFR_540p_1100K_20,46.588586572029236,EPLDay_20,HEVC,SFR,540p,1100
101,TNFNFL_AVC_HFR_540p_1900K_3184,63.33405501351486,TNFNFL_3184,AVC,HFR,540p,1900
102,TNFF_HEVC_HFR_720p_2200K_32,64.11174878730759,TNFF_32,HEVC,HFR,720p,2200
103,TNFNFL_HEVC_SFR_540p_1100K_3184,64.25142735039132,TNFNFL_3184,HEVC,SFR,540p,1100
104,EPLDay_AVC_SFR_720p_2000K_20,51.71283479843176,EPLDay_20,AVC,SFR,720p,2000
105,USOpen_AVC_SFR_288p_200K_12,41.155491167843685,USOpen_12,AVC,SFR,288p,200
106,EPLDay_AVC_SFR_540p_1200K_20,44.423069346837,EPLDay_20,AVC,SFR,540p,1200
107,TNFNFL_HEVC_HFR_396p_900K_3184,55.962325517223796,TNFNFL_3184,HEVC,HFR,396p,900
108,EPLDay_HEVC_HFR_720p_2200K_20,59.404010078945156,EPLDay_20,HEVC,HFR,720p,2200
109,TNFF_AVC_SFR_720p_2000K_32,59.95971190676716,TNFF_32,AVC,SFR,720p,2000
110,EPLDay_HEVC_SFR_396p_600K_20,35.854413496941326,EPLDay_20,HEVC,SFR,396p,600
111,TNFF_AVC_HFR_288p_300K_32,28.676059493485436,TNFF_32,AVC,HFR,288p,300
112,EPLDay_HEVC_SFR_720p_2200K_20,57.279741369987306,EPLDay_20,HEVC,SFR,720p,2200
113,TNFF_HEVC_SFR_540p_1100K_32,58.77282175476142,TNFF_32,HEVC,SFR,540p,1100
114,TNFNFL_AVC_SFR_396p_800K_3184,54.49081158567665,TNFNFL_3184,AVC,SFR,396p,800
115,Cricket1_HEVC_SFR_720p_2200K_198,71.21468620936314,Cricket1_198,HEVC,SFR,720p,2200
116,TNFF_HEVC_SFR_396p_600K_32,44.20666253651917,TNFF_32,HEVC,SFR,396p,600
117,Cricket1_AVC_HFR_540p_1900K_198,63.843916811954394,Cricket1_198,AVC,HFR,540p,1900
118,EPLDay_HEVC_SFR_540p_1900K_20,53.383651411245665,EPLDay_20,HEVC,SFR,540p,1900
119,Cricket1_AVC_HFR_288p_300K_198,43.50116052019653,Cricket1_198,AVC,HFR,288p,300
120,USOpen_HEVC_HFR_396p_600K_176,44.51597766581796,USOpen_176,HEVC,HFR,396p,600
121,EPLNight_AVC_HFR_396p_900K_20,40.31086560313097,EPLNight_20,AVC,HFR,396p,900
122,USOpen_HEVC_SFR_720p_2200K_176,65.13506091132759,USOpen_176,HEVC,SFR,720p,2200
123,EPLNight_HEVC_HFR_396p_600K_20,33.61408074113637,EPLNight_20,HEVC,HFR,396p,600
124,EPLDay_HEVC_HFR_540p_1100K_48,49.58171528861323,EPLDay_48,HEVC,HFR,540p,1100
125,EPLNight_HEVC_HFR_540p_1100K_20,47.498137609055036,EPLNight_20,HEVC,HFR,540p,1100
126,Cricket2_HEVC_HFR_396p_600K_120,50.37770976981895,Cricket2_120,HEVC,HFR,396p,600
127,USOpen_HEVC_SFR_396p_900K_176,44.2132918591911,USOpen_176,HEVC,SFR,396p,900
128,TNFF_AVC_HFR_396p_600K_304,35.11875702395001,TNFF_304,AVC,HFR,396p,600
129,EPLDay_AVC_SFR_396p_400K_48,31.44948672379378,EPLDay_48,AVC,SFR,396p,400
130,Cricket2_AVC_HFR_720p_2200K_120,63.72822277073056,Cricket2_120,AVC,HFR,720p,2200
131,EPLDay_HEVC_SFR_540p_1900K_48,53.082731245627485,EPLDay_48,HEVC,SFR,540p,1900
132,TNFF_AVC_SFR_540p_1800K_304,59.156347593289404,TNFF_304,AVC,SFR,540p,1800
133,Cricket2_AVC_SFR_288p_200K_120,35.311081542872074,Cricket2_120,AVC,SFR,288p,200
134,TNFF_HEVC_HFR_396p_600K_304,33.26136448665439,TNFF_304,HEVC,HFR,396p,600
135,USOpen_AVC_HFR_720p_2200K_176,68.1032706074851,USOpen_176,AVC,HFR,720p,2200
136,EPLDay_HEVC_HFR_720p_2200K_48,59.534392528237895,EPLDay_48,HEVC,HFR,720p,2200
137,USOpen_AVC_SFR_720p_2000K_176,63.361643174742746,USOpen_176,AVC,SFR,720p,2000
138,Cricket2_AVC_SFR_540p_1800K_120,59.74965982730233,Cricket2_120,AVC,SFR,540p,1800
139,USOpen_AVC_HFR_288p_300K_176,29.50451678850418,USOpen_176,AVC,HFR,288p,300
140,Cricket2_HEVC_SFR_540p_1900K_120,63.190677633024215,Cricket2_120,HEVC,SFR,540p,1900
141,EPLDay_AVC_HFR_396p_600K_48,37.2647437634957,EPLDay_48,AVC,HFR,396p,600
142,Cricket2_HEVC_SFR_540p_1100K_120,62.234491129058725,Cricket2_120,HEVC,SFR,540p,1100
143,TNFF_AVC_HFR_540p_1300K_304,54.03676799358787,TNFF_304,AVC,HFR,540p,1300
144,EPLDay_HEVC_HFR_396p_900K_48,40.4449672184293,EPLDay_48,HEVC,HFR,396p,900
145,USOpen_AVC_SFR_396p_800K_176,49.04428110237469,USOpen_176,AVC,SFR,396p,800
146,EPLDay_AVC_SFR_396p_800K_48,36.083631636319694,EPLDay_48,AVC,SFR,396p,800
147,Cricket2_AVC_HFR_540p_1300K_120,56.85688373271907,Cricket2_120,AVC,HFR,540p,1300
148,TNFF_AVC_SFR_396p_800K_304,44.22424022380866,TNFF_304,AVC,SFR,396p,800
149,Cricket2_AVC_HFR_288p_300K_120,38.268582074745694,Cricket2_120,AVC,HFR,288p,300
150,EPLNight_AVC_HFR_540p_1900K_20,50.00247749100367,EPLNight_20,AVC,HFR,540p,1900
151,USOpen_HEVC_HFR_540p_1100K_176,56.67343450728345,USOpen_176,HEVC,HFR,540p,1100
152,EPLNight_AVC_HFR_540p_1300K_20,47.694600346995095,EPLNight_20,AVC,HFR,540p,1300
153,USOpen_HEVC_SFR_540p_1100K_176,54.71106162671926,USOpen_176,HEVC,SFR,540p,1100
154,TNFF_HEVC_SFR_720p_2200K_304,67.18090703711269,TNFF_304,HEVC,SFR,720p,2200
155,USOpen_AVC_SFR_540p_1200K_176,54.215600608896004,USOpen_176,AVC,SFR,540p,1200
156,EPLNight_HEVC_SFR_396p_600K_20,34.914414737325686,EPLNight_20,HEVC,SFR,396p,600
157,Cricket2_HEVC_HFR_720p_2200K_120,67.07044226236499,Cricket2_120,HEVC,HFR,720p,2200
158,EPLDay_AVC_HFR_720p_2200K_48,60.79754837034748,EPLDay_48,AVC,HFR,720p,2200
159,Cricket2_HEVC_SFR_288p_300K_120,40.638085701904195,Cricket2_120,HEVC,SFR,288p,300
160,TNFF_AVC_SFR_288p_200K_304,19.65610372393538,TNFF_304,AVC,SFR,288p,200
161,EPLNight_AVC_SFR_540p_1800K_20,51.29888230952932,EPLNight_20,AVC,SFR,540p,1800
162,TNFF_AVC_SFR_540p_1200K_304,50.83584713081833,TNFF_304,AVC,SFR,540p,1200
163,USOpen_AVC_HFR_540p_1900K_176,54.3397195051472,USOpen_176,AVC,HFR,540p,1900
164,EPLNight_AVC_SFR_396p_400K_20,31.734238390426036,EPLNight_20,AVC,SFR,396p,400
165,USOpen_HEVC_SFR_288p_300K_176,34.18865292155935,USOpen_176,HEVC,SFR,288p,300
166,EPLDay_AVC_SFR_540p_1800K_48,50.6989352094674,EPLDay_48,AVC,SFR,540p,1800
167,Cricket2_HEVC_HFR_540p_1100K_120,59.777047617942934,Cricket2_120,HEVC,HFR,540p,1100
168,EPLNight_AVC_SFR_396p_800K_20,35.714758844468676,EPLNight_20,AVC,SFR,396p,800
169,USOpen_HEVC_HFR_396p_900K_176,48.62979670695735,USOpen_176,HEVC,HFR,396p,900
170,EPLDay_AVC_SFR_288p_200K_48,22.010322872000714,EPLDay_48,AVC,SFR,288p,200
171,USOpen_HEVC_HFR_720p_2200K_176,68.63191867048003,USOpen_176,HEVC,HFR,720p,2200
172,EPLDay_HEVC_SFR_288p_300K_48,28.424309359992254,EPLDay_48,HEVC,SFR,288p,300
173,Cricket2_AVC_SFR_396p_400K_120,48.890207182887806,Cricket2_120,AVC,SFR,396p,400
174,EPLDay_AVC_HFR_288p_300K_48,28.439652822613542,EPLDay_48,AVC,HFR,288p,300
175,TNFF_HEVC_HFR_288p_300K_304,21.969051026857418,TNFF_304,HEVC,HFR,288p,300
176,EPLNight_HEVC_HFR_288p_300K_20,20.924887274046526,EPLNight_20,HEVC,HFR,288p,300
177,TNFF_AVC_HFR_396p_900K_304,45.60720307672286,TNFF_304,AVC,HFR,396p,900
178,USOpen_AVC_HFR_396p_600K_176,44.0367398747912,USOpen_176,AVC,HFR,396p,600
179,EPLNight_AVC_SFR_540p_1200K_20,44.051374583946526,EPLNight_20,AVC,SFR,540p,1200
180,TNFF_AVC_HFR_540p_1900K_304,56.10565819646753,TNFF_304,AVC,HFR,540p,1900
181,EPLDay_AVC_HFR_540p_1900K_48,54.31202689477445,EPLDay_48,AVC,HFR,540p,1900
182,TNFF_HEVC_SFR_288p_300K_304,24.800485744537927,TNFF_304,HEVC,SFR,288p,300
183,EPLNight_HEVC_SFR_288p_300K_20,23.44790695217565,EPLNight_20,HEVC,SFR,288p,300
184,EPLDay_AVC_SFR_540p_1200K_48,48.97026771653354,EPLDay_48,AVC,SFR,540p,1200
185,EPLNight_AVC_HFR_720p_2200K_20,59.817686366778226,EPLNight_20,AVC,HFR,720p,2200
186,Cricket2_HEVC_HFR_540p_1900K_120,64.28579766896358,Cricket2_120,HEVC,HFR,540p,1900
187,USOpen_HEVC_HFR_540p_1900K_176,60.724315481928016,USOpen_176,HEVC,HFR,540p,1900
188,Cricket2_HEVC_HFR_396p_900K_120,56.537695155995046,Cricket2_120,HEVC,HFR,396p,900
189,USOpen_HEVC_SFR_540p_1900K_176,60.49396134387885,USOpen_176,HEVC,SFR,540p,1900
190,TNFF_HEVC_HFR_540p_1100K_304,51.860875839443594,TNFF_304,HEVC,HFR,540p,1100
191,Cricket2_AVC_HFR_396p_600K_120,46.295939006515134,Cricket2_120,AVC,HFR,396p,600
192,TNFF_AVC_SFR_396p_400K_304,35.3749807837639,TNFF_304,AVC,SFR,396p,400
193,Cricket2_AVC_HFR_396p_900K_120,53.5122935419536,Cricket2_120,AVC,HFR,396p,900
194,TNFF_HEVC_SFR_540p_1900K_304,58.19475655096019,TNFF_304,HEVC,SFR,540p,1900
195,EPLDay_AVC_SFR_720p_2000K_48,51.77337084558995,EPLDay_48,AVC,SFR,720p,2000
196,EPLNight_AVC_SFR_288p_200K_20,16.752425048895876,EPLNight_20,AVC,SFR,288p,200
197,EPLDay_HEVC_SFR_396p_900K_48,41.117706705964544,EPLDay_48,HEVC,SFR,396p,900
198,Cricket2_HEVC_SFR_720p_2200K_120,66.76392460607741,Cricket2_120,HEVC,SFR,720p,2200
199,Cricket2_HEVC_HFR_288p_300K_120,39.34238441084153,Cricket2_120,HEVC,HFR,288p,300
200,EPLDay_HEVC_HFR_540p_1900K_48,53.583868881514874,EPLDay_48,HEVC,HFR,540p,1900
201,Cricket2_HEVC_SFR_396p_600K_120,53.05253416746067,Cricket2_120,HEVC,SFR,396p,600
202,USOpen_AVC_HFR_540p_1300K_176,56.2153069424822,USOpen_176,AVC,HFR,540p,1300
203,TNFF_HEVC_HFR_396p_900K_304,42.15422819246077,TNFF_304,HEVC,HFR,396p,900
204,EPLDay_HEVC_SFR_540p_1100K_48,49.633915868347174,EPLDay_48,HEVC,SFR,540p,1100
205,TNFF_HEVC_SFR_396p_900K_304,43.26393531472012,TNFF_304,HEVC,SFR,396p,900
206,EPLNight_AVC_HFR_396p_600K_20,34.98324252810906,EPLNight_20,AVC,HFR,396p,600
207,EPLDay_HEVC_HFR_396p_600K_48,38.19602536723813,EPLDay_48,HEVC,HFR,396p,600
208,USOpen_AVC_HFR_396p_900K_176,44.25315658122302,USOpen_176,AVC,HFR,396p,900
209,Cricket2_AVC_SFR_540p_1200K_120,60.05295010465299,Cricket2_120,AVC,SFR,540p,1200
210,USOpen_AVC_SFR_540p_1800K_176,56.970676403469696,USOpen_176,AVC,SFR,540p,1800
211,EPLDay_HEVC_SFR_396p_600K_48,40.80578278151939,EPLDay_48,HEVC,SFR,396p,600
212,USOpen_HEVC_SFR_396p_600K_176,47.59403995908683,USOpen_176,HEVC,SFR,396p,600
213,EPLDay_AVC_HFR_540p_1300K_48,50.247175634660024,EPLDay_48,AVC,HFR,540p,1300
214,EPLNight_HEVC_HFR_396p_900K_20,38.5593861020795,EPLNight_20,HEVC,HFR,396p,900
215,USOpen_AVC_SFR_396p_400K_176,40.33451928831934,USOpen_176,AVC,SFR,396p,400
216,TNFF_AVC_HFR_720p_2200K_304,62.99688007192618,TNFF_304,AVC,HFR,720p,2200
217,USOpen_HEVC_HFR_288p_300K_176,32.6551137734694,USOpen_176,HEVC,HFR,288p,300
218,EPLNight_HEVC_HFR_540p_1900K_20,51.95590227339699,EPLNight_20,HEVC,HFR,540p,1900
219,TNFF_HEVC_HFR_540p_1900K_304,60.710643626072816,TNFF_304,HEVC,HFR,540p,1900
220,EPLNight_AVC_HFR_288p_300K_20,23.073808076616555,EPLNight_20,AVC,HFR,288p,300
221,Cricket2_AVC_HFR_540p_1900K_120,62.126151377477356,Cricket2_120,AVC,HFR,540p,1900
222,TNFF_HEVC_HFR_720p_2200K_304,66.00575202865112,TNFF_304,HEVC,HFR,720p,2200
223,Cricket2_HEVC_SFR_396p_900K_120,57.744814296034875,Cricket2_120,HEVC,SFR,396p,900
224,EPLNight_AVC_SFR_720p_2000K_20,57.289534148615495,EPLNight_20,AVC,SFR,720p,2000
225,USOpen_AVC_SFR_288p_200K_176,26.576345098532247,USOpen_176,AVC,SFR,288p,200
226,EPLNight_HEVC_SFR_720p_2200K_20,58.9366258139319,EPLNight_20,HEVC,SFR,720p,2200
227,Cricket2_AVC_SFR_720p_2000K_120,65.31331445033821,Cricket2_120,AVC,SFR,720p,2000
228,EPLNight_HEVC_HFR_720p_2200K_20,60.95550497144798,EPLNight_20,HEVC,HFR,720p,2200
229,TNFF_AVC_SFR_720p_2000K_304,62.10147128101425,TNFF_304,AVC,SFR,720p,2000
230,EPLNight_HEVC_SFR_540p_1100K_20,47.51418397963156,EPLNight_20,HEVC,SFR,540p,1100
231,TNFF_AVC_HFR_288p_300K_304,22.53417058338948,TNFF_304,AVC,HFR,288p,300
232,EPLNight_HEVC_SFR_540p_1900K_20,48.07218481248254,EPLNight_20,HEVC,SFR,540p,1900
233,TNFF_HEVC_SFR_540p_1100K_304,53.90729678511705,TNFF_304,HEVC,SFR,540p,1100
234,Cricket2_AVC_SFR_396p_800K_120,52.927369115557546,Cricket2_120,AVC,SFR,396p,800
235,EPLDay_HEVC_SFR_720p_2200K_48,58.2989367261663,EPLDay_48,HEVC,SFR,720p,2200
236,TNFF_HEVC_SFR_396p_600K_304,38.85077077549609,TNFF_304,HEVC,SFR,396p,600
237,EPLDay_AVC_HFR_396p_900K_48,43.433937189685146,EPLDay_48,AVC,HFR,396p,900
238,EPLNight_HEVC_SFR_396p_900K_20,39.037135450073386,EPLNight_20,HEVC,SFR,396p,900
239,EPLDay_HEVC_HFR_288p_300K_48,26.554495571386695,EPLDay_48,HEVC,HFR,288p,300
240,EPLDay_HEVC_SFR_396p_600K_74,36.21496334437879,EPLDay_74,HEVC,SFR,396p,600
241,USOpen_HEVC_HFR_396p_900K_648,55.104279158711506,USOpen_648,HEVC,HFR,396p,900
242,TNFF_AVC_HFR_540p_1300K_336,50.68389766739513,TNFF_336,AVC,HFR,540p,1300
243,EPLDay_HEVC_SFR_540p_1100K_74,47.88679628568457,EPLDay_74,HEVC,SFR,540p,1100
244,TNFF_HEVC_HFR_540p_1900K_336,60.56240714813399,TNFF_336,HEVC,HFR,540p,1900
245,TNFF_HEVC_HFR_288p_300K_114,30.416158563285826,TNFF_114,HEVC,HFR,288p,300
246,USOpen_HEVC_SFR_540p_1900K_648,60.82550341676084,USOpen_648,HEVC,SFR,540p,1900
247,EPLDay_HEVC_HFR_396p_600K_74,34.14098249419389,EPLDay_74,HEVC,HFR,396p,600
248,TNFF_HEVC_SFR_540p_1900K_114,63.97168050736325,TNFF_114,HEVC,SFR,540p,1900
249,EPLDay_AVC_HFR_396p_600K_74,30.456954193961426,EPLDay_74,AVC,HFR,396p,600
250,TNFF_HEVC_SFR_288p_300K_114,30.003236812696727,TNFF_114,HEVC,SFR,288p,300
251,USOpen_HEVC_SFR_288p_300K_648,39.63994683958765,USOpen_648,HEVC,SFR,288p,300
252,EPLDay_HEVC_SFR_720p_2200K_74,58.301439165387755,EPLDay_74,HEVC,SFR,720p,2200
253,USOpen_AVC_SFR_720p_2000K_648,69.68474944773206,USOpen_648,AVC,SFR,720p,2000
254,EPLDay_AVC_HFR_540p_1300K_74,46.28883239838669,EPLDay_74,AVC,HFR,540p,1300
255,EPLDay_AVC_SFR_540p_1200K_74,43.35809544088485,EPLDay_74,AVC,SFR,540p,1200
256,USOpen_HEVC_HFR_540p_1100K_648,62.67960757697077,USOpen_648,HEVC,HFR,540p,1100
257,TNFF_HEVC_HFR_396p_900K_114,46.961929903207675,TNFF_114,HEVC,HFR,396p,900
258,USOpen_HEVC_HFR_720p_2200K_148,63.92707140635408,USOpen_148,HEVC,HFR,720p,2200
259,USOpen_AVC_HFR_396p_600K_648,51.29242983634723,USOpen_648,AVC,HFR,396p,600
260,TNFF_HEVC_HFR_288p_300K_336,29.531926706338734,TNFF_336,HEVC,HFR,288p,300
261,USOpen_HEVC_HFR_396p_600K_648,53.44922814040932,USOpen_648,HEVC,HFR,396p,600
262,TNFF_HEVC_HFR_720p_2200K_114,62.69418893220844,TNFF_114,HEVC,HFR,720p,2200
263,USOpen_HEVC_SFR_396p_600K_648,49.57326644375995,USOpen_648,HEVC,SFR,396p,600
264,USOpen_AVC_SFR_396p_800K_648,49.934901426760696,USOpen_648,AVC,SFR,396p,800
265,TNFF_AVC_SFR_396p_400K_336,31.467010521003424,TNFF_336,AVC,SFR,396p,400
266,USOpen_AVC_HFR_540p_1900K_648,66.05589818480667,USOpen_648,AVC,HFR,540p,1900
267,EPLDay_HEVC_SFR_288p_300K_74,27.75229659417714,EPLDay_74,HEVC,SFR,288p,300
268,USOpen_HEVC_SFR_396p_600K_148,59.42454455012179,USOpen_148,HEVC,SFR,396p,600
269,EPLDay_AVC_HFR_288p_300K_74,23.844047808585643,EPLDay_74,AVC,HFR,288p,300
270,USOpen_HEVC_SFR_720p_2200K_148,69.48513987638788,USOpen_148,HEVC,SFR,720p,2200
271,USOpen_AVC_HFR_720p_2200K_648,72.59955151091043,USOpen_648,AVC,HFR,720p,2200
272,USOpen_HEVC_SFR_540p_1900K_148,64.215948888519,USOpen_148,HEVC,SFR,540p,1900
273,EPLDay_HEVC_HFR_540p_1900K_74,52.70377473719171,EPLDay_74,HEVC,HFR,540p,1900
274,USOpen_HEVC_HFR_540p_1900K_148,67.9351494208635,USOpen_148,HEVC,HFR,540p,1900
275,TNFF_AVC_SFR_540p_1200K_114,47.690439277195104,TNFF_114,AVC,SFR,540p,1200
276,TNFF_AVC_SFR_540p_1200K_336,52.44804498110288,TNFF_336,AVC,SFR,540p,1200
277,TNFF_AVC_HFR_396p_900K_114,41.63824840713127,TNFF_114,AVC,HFR,396p,900
278,USOpen_HEVC_SFR_288p_300K_148,46.64390796919897,USOpen_148,HEVC,SFR,288p,300
279,EPLDay_AVC_SFR_720p_2000K_74,52.04515877754639,EPLDay_74,AVC,SFR,720p,2000
280,USOpen_AVC_SFR_540p_1200K_148,64.20274179645634,USOpen_148,AVC,SFR,540p,1200
281,TNFF_HEVC_HFR_540p_1900K_114,61.75941192360152,TNFF_114,HEVC,HFR,540p,1900
282,TNFF_AVC_HFR_396p_900K_336,44.9197010737788,TNFF_336,AVC,HFR,396p,900
283,USOpen_AVC_SFR_396p_800K_148,55.30419951374686,USOpen_148,AVC,SFR,396p,800
284,TNFF_AVC_SFR_720p_2000K_114,57.43329580439617,TNFF_114,AVC,SFR,720p,2000
285,TNFF_AVC_HFR_540p_1900K_336,52.35782897506457,TNFF_336,AVC,HFR,540p,1900
286,EPLDay_HEVC_SFR_396p_900K_74,42.93674188118757,EPLDay_74,HEVC,SFR,396p,900
287,TNFF_HEVC_SFR_396p_900K_336,50.30786024688815,TNFF_336,HEVC,SFR,396p,900
288,TNFF_HEVC_SFR_396p_600K_114,41.529140968612175,TNFF_114,HEVC,SFR,396p,600
289,TNFF_AVC_SFR_540p_1800K_336,54.54075436757252,TNFF_336,AVC,SFR,540p,1800
290,USOpen_AVC_SFR_720p_2000K_148,68.87053299368239,USOpen_148,AVC,SFR,720p,2000
291,TNFF_AVC_SFR_288p_200K_336,26.694716165519644,TNFF_336,AVC,SFR,288p,200
292,USOpen_HEVC_SFR_540p_1100K_148,61.71894706658773,USOpen_148,HEVC,SFR,540p,1100
293,EPLDay_HEVC_HFR_288p_300K_74,24.833799193087877,EPLDay_74,HEVC,HFR,288p,300
294,USOpen_HEVC_HFR_396p_900K_148,57.81074532420491,USOpen_148,HEVC,HFR,396p,900
295,TNFF_HEVC_SFR_540p_1900K_336,61.17774613567868,TNFF_336,HEVC,SFR,540p,1900
296,TNFF_AVC_HFR_288p_300K_114,25.9864450033324,TNFF_114,AVC,HFR,288p,300
297,USOpen_AVC_HFR_288p_300K_648,42.118131274088675,USOpen_648,AVC,HFR,288p,300
298,TNFF_HEVC_HFR_396p_600K_336,46.852131433156664,TNFF_336,HEVC,HFR,396p,600
299,USOpen_HEVC_SFR_540p_1100K_648,61.32401551669246,USOpen_648,HEVC,SFR,540p,1100
300,USOpen_AVC_HFR_540p_1300K_148,59.77794401881816,USOpen_148,AVC,HFR,540p,1300
301,TNFF_AVC_HFR_540p_1300K_114,50.28047167562081,TNFF_114,AVC,HFR,540p,1300
302,EPLDay_AVC_SFR_288p_200K_74,19.654726678661948,EPLDay_74,AVC,SFR,288p,200
303,TNFF_AVC_HFR_288p_300K_336,29.001025256643246,TNFF_336,AVC,HFR,288p,300
304,TNFF_HEVC_SFR_396p_600K_336,48.7831047988311,TNFF_336,HEVC,SFR,396p,600
305,USOpen_AVC_HFR_540p_1900K_148,63.68817492277755,USOpen_148,AVC,HFR,540p,1900
306,USOpen_AVC_SFR_540p_1800K_648,62.12770043498665,USOpen_648,AVC,SFR,540p,1800
307,USOpen_HEVC_HFR_540p_1100K_148,62.919573233591436,USOpen_148,HEVC,HFR,540p,1100
308,TNFF_HEVC_HFR_396p_900K_336,51.676114529345874,TNFF_336,HEVC,HFR,396p,900
309,TNFF_HEVC_SFR_720p_2200K_114,63.824486783053686,TNFF_114,HEVC,SFR,720p,2200
310,USOpen_HEVC_SFR_720p_2200K_648,68.5361985536253,USOpen_648,HEVC,SFR,720p,2200
311,EPLDay_HEVC_HFR_540p_1100K_74,43.41411986652716,EPLDay_74,HEVC,HFR,540p,1100
312,USOpen_AVC_HFR_396p_600K_148,54.070031300101135,USOpen_148,AVC,HFR,396p,600
313,EPLDay_HEVC_SFR_540p_1900K_74,51.04783197025986,EPLDay_74,HEVC,SFR,540p,1900
314,USOpen_AVC_HFR_396p_900K_148,52.455158771562104,USOpen_148,AVC,HFR,396p,900
315,USOpen_AVC_HFR_396p_900K_648,51.46531835452035,USOpen_648,AVC,HFR,396p,900
316,TNFF_AVC_SFR_540p_1800K_114,59.76258519589299,TNFF_114,AVC,SFR,540p,1800
317,USOpen_AVC_SFR_540p_1200K_648,60.69777839523858,USOpen_648,AVC,SFR,540p,1200
318,EPLDay_HEVC_HFR_720p_2200K_74,58.85752163055307,EPLDay_74,HEVC,HFR,720p,2200
319,USOpen_HEVC_HFR_540p_1900K_648,68.13052295399496,USOpen_648,HEVC,HFR,540p,1900
320,EPLDay_AVC_HFR_540p_1900K_74,47.78941627415572,EPLDay_74,AVC,HFR,540p,1900
321,USOpen_AVC_HFR_540p_1300K_648,66.27295183606401,USOpen_648,AVC,HFR,540p,1300
322,USOpen_AVC_SFR_396p_400K_148,50.22184580144466,USOpen_148,AVC,SFR,396p,400
323,USOpen_HEVC_SFR_396p_900K_648,52.07373736678793,USOpen_648,HEVC,SFR,396p,900
324,TNFF_AVC_HFR_540p_1900K_114,56.283172292915324,TNFF_114,AVC,HFR,540p,1900
325,USOpen_HEVC_HFR_720p_2200K_648,74.10808965216012,USOpen_648,HEVC,HFR,720p,2200
326,TNFF_HEVC_HFR_540p_1100K_114,51.56751622603558,TNFF_114,HEVC,HFR,540p,1100
327,TNFF_AVC_SFR_396p_800K_336,41.42535927721908,TNFF_336,AVC,SFR,396p,800
328,USOpen_AVC_SFR_288p_200K_148,41.87765132836212,USOpen_148,AVC,SFR,288p,200
329,TNFF_AVC_HFR_720p_2200K_336,62.409759373901835,TNFF_336,AVC,HFR,720p,2200
330,TNFF_AVC_SFR_288p_200K_114,25.297818828559624,TNFF_114,AVC,SFR,288p,200
331,EPLDay_AVC_SFR_396p_800K_74,37.76631891225648,EPLDay_74,AVC,SFR,396p,800
332,TNFF_HEVC_HFR_720p_2200K_336,63.17936791997363,TNFF_336,HEVC,HFR,720p,2200
333,USOpen_AVC_SFR_396p_400K_648,47.82867634701838,USOpen_648,AVC,SFR,396p,400
334,TNFF_AVC_HFR_396p_600K_336,40.87108392517902,TNFF_336,AVC,HFR,396p,600
335,TNFF_AVC_SFR_396p_400K_114,31.979136653056294,TNFF_114,AVC,SFR,396p,400
336,USOpen_HEVC_HFR_396p_600K_148,49.77200377071377,USOpen_148,HEVC,HFR,396p,600
337,TNFF_HEVC_SFR_288p_300K_336,33.74735060870808,TNFF_336,HEVC,SFR,288p,300
338,USOpen_AVC_SFR_288p_200K_648,40.577105081913345,USOpen_648,AVC,SFR,288p,200
339,TNFF_HEVC_HFR_396p_600K_114,39.14213593305141,TNFF_114,HEVC,HFR,396p,600
340,TNFF_AVC_SFR_720p_2000K_336,57.18692266213725,TNFF_336,AVC,SFR,720p,2000
341,EPLDay_AVC_HFR_720p_2200K_74,52.077546804221285,EPLDay_74,AVC,HFR,720p,2200
342,USOpen_AVC_SFR_540p_1800K_148,64.12127037022339,USOpen_148,AVC,SFR,540p,1800
343,TNFF_HEVC_HFR_540p_1100K_336,52.746270090800685,TNFF_336,HEVC,HFR,540p,1100
344,USOpen_AVC_HFR_288p_300K_148,44.34368057577163,USOpen_148,AVC,HFR,288p,300
345,TNFF_AVC_HFR_396p_600K_114,37.826355827930456,TNFF_114,AVC,HFR,396p,600
346,EPLDay_AVC_SFR_540p_1800K_74,50.067937289068084,EPLDay_74,AVC,SFR,540p,1800
347,USOpen_AVC_HFR_720p_2200K_148,67.71563003174028,USOpen_148,AVC,HFR,720p,2200
348,TNFF_HEVC_SFR_540p_1100K_336,58.60057860982964,TNFF_336,HEVC,SFR,540p,1100
349,USOpen_HEVC_HFR_288p_300K_648,37.40231326032655,USOpen_648,HEVC,HFR,288p,300
350,TNFF_HEVC_SFR_396p_900K_114,49.282515232142586,TNFF_114,HEVC,SFR,396p,900
351,EPLDay_AVC_HFR_396p_900K_74,34.89983945083591,EPLDay_74,AVC,HFR,396p,900
352,TNFF_AVC_HFR_720p_2200K_114,61.824558743315215,TNFF_114,AVC,HFR,720p,2200
353,EPLDay_AVC_SFR_396p_400K_74,27.494925445463306,EPLDay_74,AVC,SFR,396p,400
354,TNFF_AVC_SFR_396p_800K_114,44.60022074205546,TNFF_114,AVC,SFR,396p,800
355,EPLDay_HEVC_HFR_396p_900K_74,41.50088923125813,EPLDay_74,HEVC,HFR,396p,900
356,TNFF_HEVC_SFR_540p_1100K_114,55.23331129326696,TNFF_114,HEVC,SFR,540p,1100
357,USOpen_HEVC_SFR_396p_900K_148,59.22291290202126,USOpen_148,HEVC,SFR,396p,900
358,TNFF_HEVC_SFR_720p_2200K_336,62.802901789666485,TNFF_336,HEVC,SFR,720p,2200
359,USOpen_HEVC_HFR_288p_300K_148,45.588654229144275,USOpen_148,HEVC,HFR,288p,300
360,USOpen_AVC_SFR_396p_800K_604,56.40468624282411,USOpen_604,AVC,SFR,396p,800
361,TNFNFL_HEVC_HFR_540p_1100K_4211,55.42219977416369,TNFNFL_4211,HEVC,HFR,540p,1100
362,Cricket2_HEVC_SFR_288p_300K_210,37.02090336215313,Cricket2_210,HEVC,SFR,288p,300
363,USOpen_AVC_SFR_540p_1800K_604,60.48923288357212,USOpen_604,AVC,SFR,540p,1800
364,Cricket2_HEVC_HFR_288p_300K_210,38.29552003166585,Cricket2_210,HEVC,HFR,288p,300
365,EPLNight_HEVC_SFR_288p_300K_58,14.680354415500505,EPLNight_58,HEVC,SFR,288p,300
366,TNFNFL_HEVC_HFR_720p_2200K_4211,59.807414800443134,TNFNFL_4211,HEVC,HFR,720p,2200
367,USOpen_AVC_HFR_396p_900K_604,56.8807655597868,USOpen_604,AVC,HFR,396p,900
368,EPLNight_HEVC_HFR_540p_1900K_58,42.73633896584775,EPLNight_58,HEVC,HFR,540p,1900
369,USOpen_AVC_HFR_540p_1900K_604,66.68831994924587,USOpen_604,AVC,HFR,540p,1900
370,EPLNight_HEVC_HFR_288p_300K_58,15.913231187408977,EPLNight_58,HEVC,HFR,288p,300
371,TNFNFL_HEVC_SFR_396p_600K_4211,46.76322336602461,TNFNFL_4211,HEVC,SFR,396p,600
372,USOpen_HEVC_SFR_540p_1100K_604,60.99498941212634,USOpen_604,HEVC,SFR,540p,1100
373,TNFNFL_AVC_HFR_720p_2200K_4211,64.52716802536841,TNFNFL_4211,AVC,HFR,720p,2200
374,USOpen_HEVC_HFR_288p_300K_604,46.50970840327375,USOpen_604,HEVC,HFR,288p,300
375,USOpen_HEVC_HFR_540p_1100K_604,65.25943165859293,USOpen_604,HEVC,HFR,540p,1100
376,TNFNFL_HEVC_SFR_396p_900K_4211,51.27054078387343,TNFNFL_4211,HEVC,SFR,396p,900
377,EPLNight_HEVC_SFR_540p_1100K_58,40.541579807505485,EPLNight_58,HEVC,SFR,540p,1100
378,Cricket1_HEVC_SFR_288p_300K_210,38.10023274328577,Cricket1_210,HEVC,SFR,288p,300
379,TNFNFL_AVC_HFR_396p_600K_4211,43.237068112903955,TNFNFL_4211,AVC,HFR,396p,600
380,Cricket2_AVC_SFR_396p_400K_210,45.84120124390389,Cricket2_210,AVC,SFR,396p,400
381,TNFNFL_HEVC_HFR_396p_900K_4211,46.05859321901858,TNFNFL_4211,HEVC,HFR,396p,900
382,EPLNight_HEVC_HFR_720p_2200K_58,50.41662916688006,EPLNight_58,HEVC,HFR,720p,2200
383,TNFNFL_HEVC_SFR_540p_1100K_4211,50.85738388871035,TNFNFL_4211,HEVC,SFR,540p,1100
384,Cricket1_AVC_HFR_288p_300K_210,36.56375968655972,Cricket1_210,AVC,HFR,288p,300
385,TNFNFL_AVC_SFR_396p_800K_4211,48.31190517003774,TNFNFL_4211,AVC,SFR,396p,800
386,Cricket2_HEVC_HFR_396p_900K_210,45.8052825197302,Cricket2_210,HEVC,HFR,396p,900
387,TNFNFL_AVC_SFR_540p_1200K_4211,57.5184613943181,TNFNFL_4211,AVC,SFR,540p,1200
388,USOpen_AVC_SFR_288p_200K_604,39.891242998826755,USOpen_604,AVC,SFR,288p,200
389,Cricket1_HEVC_HFR_540p_1900K_210,62.098664072609054,Cricket1_210,HEVC,HFR,540p,1900
390,USOpen_AVC_SFR_720p_2000K_604,69.89643367290665,USOpen_604,AVC,SFR,720p,2000
391,Cricket1_HEVC_SFR_396p_600K_210,49.47553537022477,Cricket1_210,HEVC,SFR,396p,600
392,TNFNFL_HEVC_HFR_396p_600K_4211,41.34734918011469,TNFNFL_4211,HEVC,HFR,396p,600
393,USOpen_AVC_HFR_288p_300K_604,46.960095681156645,USOpen_604,AVC,HFR,288p,300
394,Cricket1_HEVC_SFR_540p_1900K_210,64.83412481795308,Cricket1_210,HEVC,SFR,540p,1900
395,EPLNight_HEVC_SFR_720p_2200K_58,56.05526032554427,EPLNight_58,HEVC,SFR,720p,2200
396,Cricket2_HEVC_SFR_396p_900K_210,49.6098088698283,Cricket2_210,HEVC,SFR,396p,900
397,EPLNight_AVC_SFR_288p_200K_58,13.813363237603625,EPLNight_58,AVC,SFR,288p,200
398,Cricket1_HEVC_HFR_720p_2200K_210,68.33532039729302,Cricket1_210,HEVC,HFR,720p,2200
399,USOpen_HEVC_SFR_396p_900K_604,53.86010586313353,USOpen_604,HEVC,SFR,396p,900
400,Cricket1_AVC_SFR_720p_2000K_210,58.40186335712786,Cricket1_210,AVC,SFR,720p,2000
401,EPLNight_AVC_HFR_288p_300K_58,16.146265365178024,EPLNight_58,AVC,HFR,288p,300
402,Cricket2_HEVC_HFR_396p_600K_210,48.67503991142428,Cricket2_210,HEVC,HFR,396p,600
403,Cricket1_AVC_SFR_540p_1800K_210,57.61801539372915,Cricket1_210,AVC,SFR,540p,1800
404,EPLNight_AVC_SFR_720p_2000K_58,51.89259993833215,EPLNight_58,AVC,SFR,720p,2000
405,Cricket2_HEVC_SFR_396p_600K_210,48.71505532742808,Cricket2_210,HEVC,SFR,396p,600
406,USOpen_AVC_SFR_396p_400K_604,52.02412310750965,USOpen_604,AVC,SFR,396p,400
407,Cricket2_AVC_HFR_396p_900K_210,49.84710907911361,Cricket2_210,AVC,HFR,396p,900
408,EPLNight_HEVC_HFR_396p_600K_58,24.277807928503474,EPLNight_58,HEVC,HFR,396p,600
409,Cricket2_HEVC_HFR_540p_1900K_210,56.20430623206093,Cricket2_210,HEVC,HFR,540p,1900
410,Cricket1_HEVC_HFR_288p_300K_210,38.294544896715394,Cricket1_210,HEVC,HFR,288p,300
411,Cricket2_AVC_SFR_720p_2000K_210,58.43274458718572,Cricket2_210,AVC,SFR,720p,2000
412,Cricket1_HEVC_SFR_720p_2200K_210,66.83195582380237,Cricket1_210,HEVC,SFR,720p,2200
413,Cricket1_HEVC_HFR_540p_1100K_210,55.033298309318,Cricket1_210,HEVC,HFR,540p,1100
414,Cricket2_AVC_HFR_540p_1300K_210,51.89695931556374,Cricket2_210,AVC,HFR,540p,1300
415,EPLNight_AVC_HFR_396p_600K_58,26.9251055803677,EPLNight_58,AVC,HFR,396p,600
416,TNFNFL_AVC_HFR_288p_300K_4211,31.96382265325745,TNFNFL_4211,AVC,HFR,288p,300
417,Cricket2_AVC_SFR_396p_800K_210,50.43832618462843,Cricket2_210,AVC,SFR,396p,800
418,TNFNFL_HEVC_SFR_720p_2200K_4211,62.042366427964026,TNFNFL_4211,HEVC,SFR,720p,2200
419,Cricket1_AVC_SFR_396p_800K_210,50.378618986464666,Cricket1_210,AVC,SFR,396p,800
420,EPLNight_AVC_HFR_540p_1900K_58,46.94704408045949,EPLNight_58,AVC,HFR,540p,1900
421,USOpen_HEVC_HFR_396p_600K_604,57.636583677124605,USOpen_604,HEVC,HFR,396p,600
422,Cricket2_AVC_HFR_720p_2200K_210,58.58660513492535,Cricket2_210,AVC,HFR,720p,2200
423,USOpen_HEVC_SFR_540p_1900K_604,59.837167143724486,USOpen_604,HEVC,SFR,540p,1900
424,Cricket2_AVC_HFR_396p_600K_210,47.83284077148162,Cricket2_210,AVC,HFR,396p,600
425,Cricket1_HEVC_HFR_396p_600K_210,46.123188871006185,Cricket1_210,HEVC,HFR,396p,600
426,TNFNFL_HEVC_HFR_288p_300K_4211,33.46697240554428,TNFNFL_4211,HEVC,HFR,288p,300
427,Cricket1_HEVC_SFR_396p_900K_210,52.82561239499303,Cricket1_210,HEVC,SFR,396p,900
428,Cricket2_AVC_HFR_540p_1900K_210,58.65977152200578,Cricket2_210,AVC,HFR,540p,1900
429,EPLNight_HEVC_SFR_540p_1900K_58,46.208399858209205,EPLNight_58,HEVC,SFR,540p,1900
430,TNFNFL_AVC_SFR_720p_2000K_4211,62.13211560931417,TNFNFL_4211,AVC,SFR,720p,2000
431,USOpen_AVC_HFR_540p_1300K_604,66.89919718979355,USOpen_604,AVC,HFR,540p,1300
432,Cricket1_AVC_HFR_396p_600K_210,49.50718950104472,Cricket1_210,AVC,HFR,396p,600
433,USOpen_AVC_SFR_540p_1200K_604,58.13592398126727,USOpen_604,AVC,SFR,540p,1200
434,Cricket1_AVC_SFR_396p_400K_210,43.11405527342086,Cricket1_210,AVC,SFR,396p,400
435,TNFNFL_AVC_SFR_288p_200K_4211,32.935031356056605,TNFNFL_4211,AVC,SFR,288p,200
436,EPLNight_AVC_SFR_540p_1800K_58,42.85278097176256,EPLNight_58,AVC,SFR,540p,1800
437,TNFNFL_AVC_HFR_540p_1900K_4211,58.19655423192368,TNFNFL_4211,AVC,HFR,540p,1900
438,USOpen_HEVC_HFR_540p_1900K_604,64.85889216507057,USOpen_604,HEVC,HFR,540p,1900
439,TNFNFL_HEVC_SFR_540p_1900K_4211,57.27832827505116,TNFNFL_4211,HEVC,SFR,540p,1900
440,USOpen_HEVC_HFR_720p_2200K_604,74.08647213004218,USOpen_604,HEVC,HFR,720p,2200
441,TNFNFL_AVC_HFR_396p_900K_4211,49.26455428167878,TNFNFL_4211,AVC,HFR,396p,900
442,Cricket1_AVC_SFR_540p_1200K_210,52.43596583222734,Cricket1_210,AVC,SFR,540p,1200
443,TNFNFL_HEVC_HFR_540p_1900K_4211,59.82887036221476,TNFNFL_4211,HEVC,HFR,540p,1900
444,EPLNight_AVC_SFR_396p_800K_58,28.72728522930161,EPLNight_58,AVC,SFR,396p,800
445,TNFNFL_HEVC_SFR_288p_300K_4211,36.50176520125983,TNFNFL_4211,HEVC,SFR,288p,300
446,EPLNight_HEVC_SFR_396p_900K_58,32.86965934119331,EPLNight_58,HEVC,SFR,396p,900
447,Cricket2_HEVC_HFR_540p_1100K_210,56.880554574244705,Cricket2_210,HEVC,HFR,540p,1100
448,Cricket1_AVC_HFR_396p_900K_210,50.4844579529843,Cricket1_210,AVC,HFR,396p,900
449,Cricket2_HEVC_HFR_720p_2200K_210,60.3000567787196,Cricket2_210,HEVC,HFR,720p,2200
450,EPLNight_AVC_HFR_540p_1300K_58,41.23969303046048,EPLNight_58,AVC,HFR,540p,1300
451,USOpen_HEVC_SFR_288p_300K_604,44.970412546481,USOpen_604,HEVC,SFR,288p,300
452,Cricket2_HEVC_SFR_540p_1900K_210,61.76156467071595,Cricket2_210,HEVC,SFR,540p,1900
453,TNFNFL_AVC_HFR_540p_1300K_4211,55.712314042711874,TNFNFL_4211,AVC,HFR,540p,1300
454,Cricket2_AVC_SFR_540p_1800K_210,58.15794844217755,Cricket2_210,AVC,SFR,540p,1800
455,EPLNight_AVC_SFR_396p_400K_58,25.833284600974874,EPLNight_58,AVC,SFR,396p,400
456,Cricket1_HEVC_HFR_396p_900K_210,52.41803671397216,Cricket1_210,HEVC,HFR,396p,900
457,Cricket2_AVC_HFR_288p_300K_210,37.708869664280414,Cricket2_210,AVC,HFR,288p,300
458,TNFNFL_AVC_SFR_396p_400K_4211,44.44116824693369,TNFNFL_4211,AVC,SFR,396p,400
459,EPLNight_HEVC_SFR_396p_600K_58,26.70855069391021,EPLNight_58,HEVC,SFR,396p,600
460,Cricket2_HEVC_SFR_540p_1100K_210,57.25823653240819,Cricket2_210,HEVC,SFR,540p,1100
461,USOpen_HEVC_SFR_720p_2200K_604,68.9287180807628,USOpen_604,HEVC,SFR,720p,2200
462,Cricket1_AVC_HFR_540p_1300K_210,54.803113375506605,Cricket1_210,AVC,HFR,540p,1300
463,Cricket2_AVC_SFR_540p_1200K_210,56.15851599106112,Cricket2_210,AVC,SFR,540p,1200
464,Cricket1_AVC_SFR_288p_200K_210,31.68269427343419,Cricket1_210,AVC,SFR,288p,200
465,EPLNight_AVC_HFR_396p_900K_58,33.69280677559386,EPLNight_58,AVC,HFR,396p,900
466,USOpen_HEVC_SFR_396p_600K_604,53.26850596189853,USOpen_604,HEVC,SFR,396p,600
467,Cricket1_AVC_HFR_540p_1900K_210,57.764007102086765,Cricket1_210,AVC,HFR,540p,1900
468,Cricket2_AVC_SFR_288p_200K_210,33.07245332833751,Cricket2_210,AVC,SFR,288p,200
469,TNFNFL_AVC_SFR_540p_1800K_4211,58.09170001067783,TNFNFL_4211,AVC,SFR,540p,1800
470,EPLNight_HEVC_HFR_396p_900K_58,31.496749453982797,EPLNight_58,HEVC,HFR,396p,900
471,USOpen_AVC_HFR_720p_2200K_604,73.70649250789128,USOpen_604,AVC,HFR,720p,2200
472,EPLNight_AVC_SFR_540p_1200K_58,39.767675502233544,EPLNight_58,AVC,SFR,540p,1200
473,USOpen_HEVC_HFR_396p_900K_604,57.48087867332598,USOpen_604,HEVC,HFR,396p,900
474,EPLNight_AVC_HFR_720p_2200K_58,52.746937240071105,EPLNight_58,AVC,HFR,720p,2200
475,USOpen_AVC_HFR_396p_600K_604,55.239543283166114,USOpen_604,AVC,HFR,396p,600
476,EPLNight_HEVC_HFR_540p_1100K_58,41.7699324456781,EPLNight_58,HEVC,HFR,540p,1100
477,Cricket1_HEVC_SFR_540p_1100K_210,58.440517073307284,Cricket1_210,HEVC,SFR,540p,1100
478,Cricket2_HEVC_SFR_720p_2200K_210,65.35471128530295,Cricket2_210,HEVC,SFR,720p,2200
479,Cricket1_AVC_HFR_720p_2200K_210,64.66407095073454,Cricket1_210,AVC,HFR,720p,2200
480,EPLDay_HEVC_SFR_540p_1900K_0,45.2603572269132,EPLDay_0,HEVC,SFR,540p,1900
481,TNFF_AVC_SFR_540p_1200K_144,55.141305947717285,TNFF_144,AVC,SFR,540p,1200
482,TNFNFL_AVC_SFR_540p_1200K_0,54.56876934308942,TNFNFL_0,AVC,SFR,540p,1200
483,USOpen_AVC_HFR_396p_900K_166,48.23418035273557,USOpen_166,AVC,HFR,396p,900
484,EPLDay_HEVC_HFR_720p_2200K_0,55.897176899475525,EPLDay_0,HEVC,HFR,720p,2200
485,USOpen_HEVC_HFR_396p_900K_166,50.03184283656552,USOpen_166,HEVC,HFR,396p,900
486,TNFF_AVC_SFR_540p_1800K_16,53.72963749564538,TNFF_16,AVC,SFR,540p,1800
487,EPLNight_HEVC_SFR_396p_900K_0,41.53812852901642,EPLNight_0,HEVC,SFR,396p,900
488,TNFNFL_AVC_SFR_396p_400K_0,37.82360300045788,TNFNFL_0,AVC,SFR,396p,400
489,TNFF_AVC_HFR_396p_600K_16,42.538361846962594,TNFF_16,AVC,HFR,396p,600
490,EPLDay_HEVC_SFR_540p_1100K_8,41.040951516768374,EPLDay_8,HEVC,SFR,540p,1100
491,EPLNight_HEVC_HFR_540p_1100K_0,50.94771122690603,EPLNight_0,HEVC,HFR,540p,1100
492,USOpen_HEVC_SFR_396p_600K_0,56.77953131014193,USOpen_0,HEVC,SFR,396p,600
493,TNFNFL_HEVC_SFR_720p_2200K_0,64.7718523906495,TNFNFL_0,HEVC,SFR,720p,2200
494,EPLDay_HEVC_HFR_396p_600K_8,30.58801683323007,EPLDay_8,HEVC,HFR,396p,600
495,EPLDay_HEVC_HFR_396p_900K_0,35.19155726214656,EPLDay_0,HEVC,HFR,396p,900
496,Cricket1_HEVC_SFR_396p_900K_86,57.26175205255104,Cricket1_86,HEVC,SFR,396p,900
497,TNFF_AVC_HFR_720p_2200K_16,58.913904069879145,TNFF_16,AVC,HFR,720p,2200
498,EPLNight_HEVC_HFR_288p_300K_0,27.772810082244714,EPLNight_0,HEVC,HFR,288p,300
499,TNFF_AVC_SFR_720p_2000K_16,58.02417910916093,TNFF_16,AVC,SFR,720p,2000
500,Cricket2_HEVC_SFR_396p_600K_90,53.25810418978569,Cricket2_90,HEVC,SFR,396p,600
501,USOpen_HEVC_SFR_396p_900K_0,56.02846024805857,USOpen_0,HEVC,SFR,396p,900
502,EPLDay_HEVC_SFR_288p_300K_8,22.719331807426943,EPLDay_8,HEVC,SFR,288p,300
503,TNFF_HEVC_HFR_540p_1900K_144,63.8459985612841,TNFF_144,HEVC,HFR,540p,1900
504,TNFF_HEVC_HFR_288p_300K_16,31.009442782538105,TNFF_16,HEVC,HFR,288p,300
505,USOpen_AVC_HFR_396p_900K_0,56.315281358383814,USOpen_0,AVC,HFR,396p,900
506,Cricket1_AVC_SFR_288p_200K_86,41.82044090145385,Cricket1_86,AVC,SFR,288p,200
507,EPLNight_HEVC_SFR_540p_1100K_0,50.56108315425838,EPLNight_0,HEVC,SFR,540p,1100
508,USOpen_AVC_HFR_540p_1300K_166,57.60980500291467,USOpen_166,AVC,HFR,540p,1300
509,EPLNight_HEVC_SFR_396p_600K_0,42.72610487208697,EPLNight_0,HEVC,SFR,396p,600
510,USOpen_HEVC_SFR_540p_1100K_166,59.55625605504252,USOpen_166,HEVC,SFR,540p,1100
511,TNFF_AVC_SFR_396p_400K_144,43.59558950707271,TNFF_144,AVC,SFR,396p,400
512,TNFNFL_AVC_HFR_720p_2200K_0,58.315227590446796,TNFNFL_0,AVC,HFR,720p,2200
513,TNFF_HEVC_SFR_396p_600K_144,49.32853304155293,TNFF_144,HEVC,SFR,396p,600
514,EPLNight_HEVC_SFR_720p_2200K_0,61.5503235305798,EPLNight_0,HEVC,SFR,720p,2200
515,Cricket2_AVC_HFR_396p_900K_90,54.943601505375604,Cricket2_90,AVC,HFR,396p,900
516,TNFF_AVC_HFR_540p_1900K_16,56.463755556552144,TNFF_16,AVC,HFR,540p,1900
517,EPLNight_AVC_HFR_540p_1300K_0,51.79564522120534,EPLNight_0,AVC,HFR,540p,1300
518,TNFF_AVC_HFR_396p_600K_144,40.829355824654705,TNFF_144,AVC,HFR,396p,600
519,Cricket1_AVC_HFR_540p_1300K_86,59.90221934276464,Cricket1_86,AVC,HFR,540p,1300
520,USOpen_HEVC_HFR_540p_1900K_166,63.34292182150604,USOpen_166,HEVC,HFR,540p,1900
521,TNFF_HEVC_SFR_396p_600K_16,44.52763798914774,TNFF_16,HEVC,SFR,396p,600
522,Cricket1_AVC_HFR_396p_900K_86,54.26283603042816,Cricket1_86,AVC,HFR,396p,900
523,EPLDay_AVC_SFR_540p_1200K_0,41.165273149559866,EPLDay_0,AVC,SFR,540p,1200
524,Cricket2_AVC_SFR_540p_1200K_90,60.91030967699604,Cricket2_90,AVC,SFR,540p,1200
525,TNFF_HEVC_HFR_720p_2200K_16,59.69170000759987,TNFF_16,HEVC,HFR,720p,2200
526,EPLDay_AVC_SFR_540p_1200K_8,40.57059026475232,EPLDay_8,AVC,SFR,540p,1200
527,TNFNFL_HEVC_SFR_540p_1900K_0,61.75712222667175,TNFNFL_0,HEVC,SFR,540p,1900
528,TNFF_HEVC_SFR_540p_1100K_16,53.811761145547216,TNFF_16,HEVC,SFR,540p,1100
529,USOpen_HEVC_HFR_396p_600K_0,56.315238667516994,USOpen_0,HEVC,HFR,396p,600
530,EPLDay_AVC_HFR_540p_1300K_8,41.15374889749282,EPLDay_8,AVC,HFR,540p,1300
531,USOpen_AVC_HFR_540p_1900K_0,66.31350505381936,USOpen_0,AVC,HFR,540p,1900
532,USOpen_AVC_SFR_396p_800K_166,47.649274997858434,USOpen_166,AVC,SFR,396p,800
533,TNFF_AVC_SFR_720p_2000K_144,65.50147626902513,TNFF_144,AVC,SFR,720p,2000
534,EPLNight_AVC_HFR_396p_600K_0,38.75821495176849,EPLNight_0,AVC,HFR,396p,600
535,TNFF_AVC_HFR_540p_1900K_144,58.77269975446198,TNFF_144,AVC,HFR,540p,1900
536,TNFNFL_HEVC_SFR_396p_600K_0,49.37917476323304,TNFNFL_0,HEVC,SFR,396p,600
537,TNFF_HEVC_HFR_396p_600K_144,48.209028235090315,TNFF_144,HEVC,HFR,396p,600
538,Cricket1_HEVC_SFR_720p_2200K_86,70.99004391399207,Cricket1_86,HEVC,SFR,720p,2200
539,EPLNight_HEVC_HFR_396p_600K_0,41.61296234992718,EPLNight_0,HEVC,HFR,396p,600
540,TNFF_HEVC_HFR_540p_1100K_144,57.34786131212692,TNFF_144,HEVC,HFR,540p,1100
541,EPLDay_HEVC_HFR_540p_1100K_0,42.12973254689013,EPLDay_0,HEVC,HFR,540p,1100
542,EPLDay_AVC_HFR_288p_300K_8,23.79855332424773,EPLDay_8,AVC,HFR,288p,300
543,USOpen_AVC_HFR_288p_300K_166,31.919050180095248,USOpen_166,AVC,HFR,288p,300
544,EPLDay_HEVC_HFR_540p_1900K_8,49.908495395184744,EPLDay_8,HEVC,HFR,540p,1900
545,Cricket1_HEVC_SFR_540p_1900K_86,64.91967976566504,Cricket1_86,HEVC,SFR,540p,1900
546,TNFNFL_AVC_SFR_288p_200K_0,31.468214546685108,TNFNFL_0,AVC,SFR,288p,200
547,TNFF_HEVC_SFR_540p_1100K_144,58.90301547565772,TNFF_144,HEVC,SFR,540p,1100
548,USOpen_HEVC_HFR_288p_300K_166,35.667541996264376,USOpen_166,HEVC,HFR,288p,300
549,Cricket2_HEVC_SFR_288p_300K_90,46.11615034466075,Cricket2_90,HEVC,SFR,288p,300
550,EPLNight_AVC_HFR_288p_300K_0,26.41351100906293,EPLNight_0,AVC,HFR,288p,300
551,Cricket1_HEVC_HFR_288p_300K_86,44.89902113613447,Cricket1_86,HEVC,HFR,288p,300
552,EPLDay_HEVC_SFR_720p_2200K_8,57.81622335169583,EPLDay_8,HEVC,SFR,720p,2200
553,Cricket1_AVC_HFR_720p_2200K_86,68.42395469522482,Cricket1_86,AVC,HFR,720p,2200
554,Cricket2_AVC_HFR_720p_2200K_90,65.27287027137135,Cricket2_90,AVC,HFR,720p,2200
555,TNFF_AVC_HFR_396p_900K_16,44.35615539035783,TNFF_16,AVC,HFR,396p,900
556,TNFNFL_AVC_HFR_540p_1900K_0,54.472593994988365,TNFNFL_0,AVC,HFR,540p,1900
557,EPLDay_HEVC_SFR_720p_2200K_0,57.99589672794494,EPLDay_0,HEVC,SFR,720p,2200
558,Cricket1_HEVC_HFR_396p_600K_86,53.46428219658875,Cricket1_86,HEVC,HFR,396p,600
559,EPLDay_AVC_SFR_540p_1800K_0,46.409098161984005,EPLDay_0,AVC,SFR,540p,1800
560,EPLNight_AVC_SFR_540p_1800K_0,52.214161790879864,EPLNight_0,AVC,SFR,540p,1800
561,Cricket1_AVC_SFR_396p_400K_86,52.22769138505129,Cricket1_86,AVC,SFR,396p,400
562,USOpen_HEVC_HFR_720p_2200K_0,70.63252402211054,USOpen_0,HEVC,HFR,720p,2200
563,EPLDay_AVC_SFR_396p_800K_0,23.05311685516561,EPLDay_0,AVC,SFR,396p,800
564,USOpen_AVC_HFR_396p_600K_166,44.505138411904866,USOpen_166,AVC,HFR,396p,600
565,EPLDay_AVC_SFR_288p_200K_8,16.52877520351738,EPLDay_8,AVC,SFR,288p,200
566,TNFNFL_AVC_HFR_540p_1300K_0,50.6624540265119,TNFNFL_0,AVC,HFR,540p,1300
567,EPLDay_HEVC_SFR_396p_600K_8,35.26156618024348,EPLDay_8,HEVC,SFR,396p,600
568,TNFNFL_HEVC_HFR_720p_2200K_0,63.86890310814762,TNFNFL_0,HEVC,HFR,720p,2200
569,Cricket2_HEVC_HFR_540p_1900K_90,62.11329914442249,Cricket2_90,HEVC,HFR,540p,1900
570,TNFF_HEVC_HFR_396p_600K_16,39.94534918235867,TNFF_16,HEVC,HFR,396p,600
571,TNFF_AVC_SFR_288p_200K_144,35.28858695882271,TNFF_144,AVC,SFR,288p,200
572,TNFF_HEVC_HFR_540p_1100K_16,48.328906190056024,TNFF_16,HEVC,HFR,540p,1100
573,EPLDay_AVC_HFR_396p_600K_0,31.46051400677075,EPLDay_0,AVC,HFR,396p,600
574,Cricket2_HEVC_HFR_540p_1100K_90,61.70456149822511,Cricket2_90,HEVC,HFR,540p,1100
575,EPLDay_AVC_SFR_720p_2000K_8,45.58389781495985,EPLDay_8,AVC,SFR,720p,2000
576,TNFNFL_AVC_SFR_540p_1800K_0,56.350615119333014,TNFNFL_0,AVC,SFR,540p,1800
577,USOpen_AVC_SFR_540p_1200K_166,58.09838573671596,USOpen_166,AVC,SFR,540p,1200
578,TNFF_HEVC_HFR_540p_1900K_16,57.93890021599513,TNFF_16,HEVC,HFR,540p,1900
579,TNFNFL_HEVC_HFR_396p_900K_0,46.81009711344899,TNFNFL_0,HEVC,HFR,396p,900
580,EPLDay_AVC_HFR_288p_300K_0,24.078067207112756,EPLDay_0,AVC,HFR,288p,300
581,Cricket1_HEVC_HFR_540p_1900K_86,66.79871312887772,Cricket1_86,HEVC,HFR,540p,1900
582,TNFF_AVC_HFR_396p_900K_144,46.81863821609485,TNFF_144,AVC,HFR,396p,900
583,Cricket1_AVC_SFR_720p_2000K_86,65.5385326205634,Cricket1_86,AVC,SFR,720p,2000
584,TNFF_HEVC_HFR_396p_900K_16,44.97471948615878,TNFF_16,HEVC,HFR,396p,900
585,Cricket1_HEVC_HFR_396p_900K_86,52.34299324936264,Cricket1_86,HEVC,HFR,396p,900
586,USOpen_HEVC_HFR_540p_1100K_0,65.2513282589622,USOpen_0,HEVC,HFR,540p,1100
587,TNFF_AVC_SFR_540p_1800K_144,60.23950392607847,TNFF_144,AVC,SFR,540p,1800
588,TNFF_HEVC_SFR_288p_300K_16,33.27528185401696,TNFF_16,HEVC,SFR,288p,300
589,EPLNight_HEVC_HFR_396p_900K_0,42.840039570876506,EPLNight_0,HEVC,HFR,396p,900
590,USOpen_AVC_HFR_720p_2200K_166,63.663735108925,USOpen_166,AVC,HFR,720p,2200
591,USOpen_HEVC_SFR_288p_300K_0,46.11226853151252,USOpen_0,HEVC,SFR,288p,300
592,USOpen_AVC_SFR_720p_2000K_0,69.39729548701158,USOpen_0,AVC,SFR,720p,2000
593,EPLDay_AVC_HFR_396p_900K_0,36.60757399402929,EPLDay_0,AVC,HFR,396p,900
594,TNFF_AVC_SFR_396p_400K_16,37.056495746728615,TNFF_16,AVC,SFR,396p,400
595,EPLDay_AVC_HFR_540p_1900K_0,48.435115942280014,EPLDay_0,AVC,HFR,540p,1900
596,Cricket2_AVC_HFR_540p_1300K_90,60.96678506941651,Cricket2_90,AVC,HFR,540p,1300
597,EPLNight_HEVC_HFR_720p_2200K_0,60.970140505806086,EPLNight_0,HEVC,HFR,720p,2200
598,Cricket1_AVC_SFR_396p_800K_86,55.16856561279019,Cricket1_86,AVC,SFR,396p,800
599,TNFNFL_HEVC_SFR_396p_900K_0,54.324653561086144,TNFNFL_0,HEVC,SFR,396p,900
600,USOpen_HEVC_SFR_396p_900K_166,48.20785282945128,USOpen_166,HEVC,SFR,396p,900
601,Cricket1_AVC_SFR_540p_1800K_86,64.72304069078194,Cricket1_86,AVC,SFR,540p,1800
602,EPLDay_AVC_HFR_396p_600K_8,26.650287857157053,EPLDay_8,AVC,HFR,396p,600
603,USOpen_HEVC_SFR_540p_1900K_0,64.16961710279412,USOpen_0,HEVC,SFR,540p,1900
604,Cricket1_AVC_HFR_396p_600K_86,50.92108726308232,Cricket1_86,AVC,HFR,396p,600
605,TNFNFL_HEVC_HFR_540p_1100K_0,55.11208035917571,TNFNFL_0,HEVC,HFR,540p,1100
606,TNFF_AVC_SFR_540p_1200K_16,51.05661087857862,TNFF_16,AVC,SFR,540p,1200
607,Cricket2_HEVC_HFR_720p_2200K_90,67.73571210804158,Cricket2_90,HEVC,HFR,720p,2200
608,EPLDay_HEVC_HFR_720p_2200K_8,55.783339685581645,EPLDay_8,HEVC,HFR,720p,2200
609,USOpen_AVC_SFR_720p_2000K_166,67.98364051175896,USOpen_166,AVC,SFR,720p,2000
610,TNFNFL_HEVC_SFR_540p_1100K_0,57.06310340961619,TNFNFL_0,HEVC,SFR,540p,1100
611,USOpen_HEVC_HFR_720p_2200K_166,69.21587814470843,USOpen_166,HEVC,HFR,720p,2200
612,EPLDay_AVC_SFR_396p_400K_0,22.050194053782207,EPLDay_0,AVC,SFR,396p,400
613,Cricket1_AVC_SFR_540p_1200K_86,61.827845043854126,Cricket1_86,AVC,SFR,540p,1200
614,TNFF_AVC_HFR_288p_300K_16,32.82207865253027,TNFF_16,AVC,HFR,288p,300
615,Cricket2_HEVC_HFR_288p_300K_90,44.32466766630874,Cricket2_90,HEVC,HFR,288p,300
616,TNFNFL_AVC_HFR_396p_900K_0,43.30208356819142,TNFNFL_0,AVC,HFR,396p,900
617,Cricket2_HEVC_SFR_540p_1100K_90,63.19518348791824,Cricket2_90,HEVC,SFR,540p,1100
618,EPLNight_HEVC_SFR_540p_1900K_0,53.40807672241732,EPLNight_0,HEVC,SFR,540p,1900
619,EPLDay_AVC_SFR_720p_2000K_0,41.037501099471626,EPLDay_0,AVC,SFR,720p,2000
620,TNFNFL_AVC_SFR_720p_2000K_0,57.15103931533601,TNFNFL_0,AVC,SFR,720p,2000
621,EPLDay_AVC_HFR_720p_2200K_0,54.52822558053674,EPLDay_0,AVC,HFR,720p,2200
622,USOpen_AVC_HFR_540p_1900K_166,58.45035328601583,USOpen_166,AVC,HFR,540p,1900
623,EPLDay_AVC_SFR_540p_1800K_8,48.36940385062331,EPLDay_8,AVC,SFR,540p,1800
624,USOpen_HEVC_SFR_540p_1900K_166,59.833405460924524,USOpen_166,HEVC,SFR,540p,1900
625,TNFNFL_AVC_HFR_288p_300K_0,34.596934053760705,TNFNFL_0,AVC,HFR,288p,300
626,EPLNight_HEVC_HFR_540p_1900K_0,54.15565997990576,EPLNight_0,HEVC,HFR,540p,1900
627,Cricket2_HEVC_HFR_396p_900K_90,54.96128444610479,Cricket2_90,HEVC,HFR,396p,900
628,TNFF_HEVC_SFR_720p_2200K_16,62.62335390265606,TNFF_16,HEVC,SFR,720p,2200
629,EPLDay_AVC_SFR_288p_200K_0,16.14785104465206,EPLDay_0,AVC,SFR,288p,200
630,EPLNight_AVC_SFR_288p_200K_0,27.338131974591033,EPLNight_0,AVC,SFR,288p,200
631,TNFF_AVC_HFR_288p_300K_144,36.01416021342786,TNFF_144,AVC,HFR,288p,300
632,Cricket1_HEVC_SFR_288p_300K_86,42.60875654185544,Cricket1_86,HEVC,SFR,288p,300
633,EPLDay_HEVC_HFR_396p_600K_0,35.187788844480345,EPLDay_0,HEVC,HFR,396p,600
634,EPLNight_AVC_HFR_720p_2200K_0,61.96887773235852,EPLNight_0,AVC,HFR,720p,2200
635,EPLDay_HEVC_SFR_396p_900K_0,36.43107978725388,EPLDay_0,HEVC,SFR,396p,900
636,USOpen_HEVC_SFR_720p_2200K_0,69.52193838554403,USOpen_0,HEVC,SFR,720p,2200
637,TNFNFL_AVC_SFR_396p_800K_0,48.229824342986824,TNFNFL_0,AVC,SFR,396p,800
638,TNFF_AVC_SFR_396p_800K_144,46.87557647839141,TNFF_144,AVC,SFR,396p,800
639,EPLNight_AVC_SFR_396p_800K_0,40.038060922924416,EPLNight_0,AVC,SFR,396p,800
640,Cricket2_AVC_SFR_540p_1800K_90,62.032803074867985,Cricket2_90,AVC,SFR,540p,1800
641,EPLNight_AVC_SFR_720p_2000K_0,60.545130791899325,EPLNight_0,AVC,SFR,720p,2000
642,Cricket2_AVC_HFR_396p_600K_90,49.96128395977387,Cricket2_90,AVC,HFR,396p,600
643,TNFF_AVC_HFR_540p_1300K_144,54.256582249712714,TNFF_144,AVC,HFR,540p,1300
644,Cricket1_HEVC_HFR_540p_1100K_86,64.21104911688857,Cricket1_86,HEVC,HFR,540p,1100
645,EPLDay_HEVC_SFR_540p_1900K_8,59.73095560938415,EPLDay_8,HEVC,SFR,540p,1900
646,Cricket1_HEVC_HFR_720p_2200K_86,71.50099504263206,Cricket1_86,HEVC,HFR,720p,2200
647,EPLDay_AVC_HFR_720p_2200K_8,53.23982002841538,EPLDay_8,AVC,HFR,720p,2200
648,USOpen_HEVC_SFR_288p_300K_166,38.90489449220419,USOpen_166,HEVC,SFR,288p,300
649,USOpen_AVC_SFR_540p_1800K_0,63.60732799488346,USOpen_0,AVC,SFR,540p,1800
650,USOpen_AVC_SFR_288p_200K_0,46.43381621926268,USOpen_0,AVC,SFR,288p,200
651,Cricket2_AVC_SFR_720p_2000K_90,69.62890237116795,Cricket2_90,AVC,SFR,720p,2000
652,USOpen_AVC_SFR_396p_800K_0,56.47588782980701,USOpen_0,AVC,SFR,396p,800
653,EPLDay_AVC_SFR_396p_800K_8,25.9744904540331,EPLDay_8,AVC,SFR,396p,800
654,EPLDay_HEVC_SFR_288p_300K_0,25.28474741800567,EPLDay_0,HEVC,SFR,288p,300
655,TNFF_HEVC_SFR_396p_900K_144,52.82215492978345,TNFF_144,HEVC,SFR,396p,900
656,USOpen_AVC_HFR_396p_600K_0,56.73706438328841,USOpen_0,AVC,HFR,396p,600
657,EPLDay_HEVC_HFR_396p_900K_8,35.42702798704991,EPLDay_8,HEVC,HFR,396p,900
658,USOpen_AVC_SFR_396p_400K_166,43.05340309616151,USOpen_166,AVC,SFR,396p,400
659,USOpen_AVC_HFR_720p_2200K_0,75.52286887436131,USOpen_0,AVC,HFR,720p,2200
660,EPLDay_HEVC_HFR_288p_300K_0,23.20126609840143,EPLDay_0,HEVC,HFR,288p,300
661,USOpen_AVC_SFR_540p_1200K_0,63.20041126674029,USOpen_0,AVC,SFR,540p,1200
662,EPLNight_AVC_HFR_396p_900K_0,41.129295465955565,EPLNight_0,AVC,HFR,396p,900
663,USOpen_HEVC_SFR_540p_1100K_0,63.67678094415546,USOpen_0,HEVC,SFR,540p,1100
664,Cricket1_HEVC_SFR_396p_600K_86,55.93854904289298,Cricket1_86,HEVC,SFR,396p,600
665,TNFF_HEVC_SFR_720p_2200K_144,70.98079017008897,TNFF_144,HEVC,SFR,720p,2200
666,USOpen_HEVC_HFR_540p_1900K_0,65.06865489930027,USOpen_0,HEVC,HFR,540p,1900
667,Cricket2_AVC_SFR_396p_800K_90,54.82351403076546,Cricket2_90,AVC,SFR,396p,800
668,EPLNight_HEVC_SFR_288p_300K_0,28.06205066567945,EPLNight_0,HEVC,SFR,288p,300
669,Cricket2_HEVC_SFR_540p_1900K_90,62.98579340927301,Cricket2_90,HEVC,SFR,540p,1900
670,TNFNFL_HEVC_HFR_396p_600K_0,43.71571901668855,TNFNFL_0,HEVC,HFR,396p,600
671,EPLDay_HEVC_SFR_540p_1100K_0,46.10678880675138,EPLDay_0,HEVC,SFR,540p,1100
672,Cricket1_AVC_HFR_288p_300K_86,45.362587410999865,Cricket1_86,AVC,HFR,288p,300
673,EPLDay_HEVC_HFR_540p_1100K_8,46.11647648561128,EPLDay_8,HEVC,HFR,540p,1100
674,USOpen_HEVC_SFR_396p_600K_166,48.54842271611829,USOpen_166,HEVC,SFR,396p,600
675,Cricket2_HEVC_SFR_720p_2200K_90,66.55084066111097,Cricket2_90,HEVC,SFR,720p,2200
676,EPLDay_HEVC_SFR_396p_900K_8,34.999335186748596,EPLDay_8,HEVC,SFR,396p,900
677,EPLDay_AVC_HFR_540p_1300K_0,45.67619100262569,EPLDay_0,AVC,HFR,540p,1300
678,USOpen_AVC_SFR_540p_1800K_166,60.02322127417936,USOpen_166,AVC,SFR,540p,1800
679,EPLNight_AVC_SFR_540p_1200K_0,49.80246593100751,EPLNight_0,AVC,SFR,540p,1200
680,TNFNFL_HEVC_HFR_540p_1900K_0,60.370895489909984,TNFNFL_0,HEVC,HFR,540p,1900
681,TNFF_HEVC_SFR_540p_1900K_16,61.118564908477,TNFF_16,HEVC,SFR,540p,1900
682,Cricket1_AVC_HFR_540p_1900K_86,65.99345039500858,Cricket1_86,AVC,HFR,540p,1900
683,TNFF_AVC_HFR_720p_2200K_144,63.731226745806175,TNFF_144,AVC,HFR,720p,2200
684,USOpen_AVC_HFR_288p_300K_0,47.73168930646038,USOpen_0,AVC,HFR,288p,300
685,TNFF_HEVC_SFR_540p_1900K_144,67.01287941742528,TNFF_144,HEVC,SFR,540p,1900
686,USOpen_HEVC_HFR_396p_600K_166,48.42423785560904,USOpen_166,HEVC,HFR,396p,600
687,TNFF_AVC_HFR_540p_1300K_16,50.20508684369958,TNFF_16,AVC,HFR,540p,1300
688,EPLDay_HEVC_HFR_288p_300K_8,23.29286858913138,EPLDay_8,HEVC,HFR,288p,300
689,Cricket2_HEVC_SFR_396p_900K_90,54.473979248845666,Cricket2_90,HEVC,SFR,396p,900
690,USOpen_HEVC_SFR_720p_2200K_166,66.81458929784947,USOpen_166,HEVC,SFR,720p,2200
691,TNFF_HEVC_SFR_396p_900K_16,47.919222513725344,TNFF_16,HEVC,SFR,396p,900
692,EPLDay_HEVC_HFR_540p_1900K_0,46.79574906315428,EPLDay_0,HEVC,HFR,540p,1900
693,TNFF_HEVC_SFR_288p_300K_144,39.355375813466644,TNFF_144,HEVC,SFR,288p,300
694,USOpen_AVC_HFR_540p_1300K_0,65.34611656586169,USOpen_0,AVC,HFR,540p,1300
695,TNFF_AVC_SFR_396p_800K_16,44.10051239263445,TNFF_16,AVC,SFR,396p,800
696,USOpen_AVC_SFR_288p_200K_166,29.440650190709125,USOpen_166,AVC,SFR,288p,200
697,USOpen_HEVC_HFR_396p_900K_0,56.135910328599934,USOpen_0,HEVC,HFR,396p,900
698,Cricket1_HEVC_SFR_540p_1100K_86,63.206396313871906,Cricket1_86,HEVC,SFR,540p,1100
699,EPLDay_AVC_HFR_540p_1900K_8,49.65183075520363,EPLDay_8,AVC,HFR,540p,1900
700,TNFF_AVC_SFR_288p_200K_16,25.30231183719367,TNFF_16,AVC,SFR,288p,200
701,Cricket2_HEVC_HFR_396p_600K_90,55.28114806431293,Cricket2_90,HEVC,HFR,396p,600
702,TNFF_HEVC_HFR_720p_2200K_144,67.20790734935937,TNFF_144,HEVC,HFR,720p,2200
703,Cricket2_AVC_HFR_540p_1900K_90,60.26645195319156,Cricket2_90,AVC,HFR,540p,1900
704,TNFNFL_HEVC_SFR_288p_300K_0,38.30073876116479,TNFNFL_0,HEVC,SFR,288p,300
705,TNFF_HEVC_HFR_288p_300K_144,36.97044338159045,TNFF_144,HEVC,HFR,288p,300
706,Cricket2_AVC_SFR_288p_200K_90,41.75032903070046,Cricket2_90,AVC,SFR,288p,200
707,EPLNight_AVC_SFR_396p_400K_0,37.17172039213458,EPLNight_0,AVC,SFR,396p,400
708,TNFF_HEVC_HFR_396p_900K_144,49.640808975241264,TNFF_144,HEVC,HFR,396p,900
709,USOpen_HEVC_HFR_540p_1100K_166,59.76343374125073,USOpen_166,HEVC,HFR,540p,1100
710,EPLDay_HEVC_SFR_396p_600K_0,34.89278964062071,EPLDay_0,HEVC,SFR,396p,600
711,Cricket2_AVC_HFR_288p_300K_90,45.66380662701167,Cricket2_90,AVC,HFR,288p,300
712,TNFNFL_AVC_HFR_396p_600K_0,40.83206037668523,TNFNFL_0,AVC,HFR,396p,600
713,EPLDay_AVC_HFR_396p_900K_8,36.15867596534079,EPLDay_8,AVC,HFR,396p,900
714,Cricket2_AVC_SFR_396p_400K_90,49.722453319950084,Cricket2_90,AVC,SFR,396p,400
715,TNFNFL_HEVC_HFR_288p_300K_0,35.62479205088333,TNFNFL_0,HEVC,HFR,288p,300
716,USOpen_AVC_SFR_396p_400K_0,54.01980010786945,USOpen_0,AVC,SFR,396p,400
717,EPLDay_AVC_SFR_396p_400K_8,23.85950733663708,EPLDay_8,AVC,SFR,396p,400
718,USOpen_HEVC_HFR_288p_300K_0,45.07227439286361,USOpen_0,HEVC,HFR,288p,300
719,EPLNight_AVC_HFR_540p_1900K_0,52.596915877379736,EPLNight_0,AVC,HFR,540p,1900
