,Unnamed: 0,video,mos,mos_ci95,dmos
0,0,USOpen_HEVC_HFR_396p_600K_166,39.523343035220456,4.847310232950434,-39.69222336492846
1,1,EPLNight_AVC_HFR_720p_2200K_0,70.95046772823721,4.684033219828883,-14.982419636175848
2,2,Cricket2_AVC_HFR_540p_1900K_90,45.80553911179475,5.282862723069536,-18.704771329672436
3,3,Cricket2_HEVC_HFR_396p_900K_90,36.58050997775756,5.171609550433731,-27.929800463709626
4,4,TNFF_HEVC_SFR_396p_900K_144,36.98087728620565,4.7957493343619735,-33.4559503603232
5,5,Cricket2_AVC_HFR_396p_900K_90,38.399360884381416,5.065267331847606,-26.110949557085767
6,6,USOpen_AVC_HFR_396p_900K_0,44.15230209050272,4.951512985447131,-24.88464640978698
7,7,TNFF_HEVC_SFR_720p_2200K_144,64.70057634440953,4.898604059054568,-5.736251302119328
8,8,EPLDay_AVC_HFR_540p_1900K_0,53.016821465815056,4.693526053543192,-38.50694154498117
9,9,TNFF_HEVC_HFR_540p_1900K_16,58.50539387131171,4.879446110401572,-24.18394923857632
10,10,USOpen_HEVC_SFR_540p_1100K_166,58.09980744606982,4.745119983199725,-21.115758954079094
11,11,USOpen_HEVC_SFR_288p_300K_0,27.183613924670496,5.059731048787098,-41.8533345756192
12,12,TNFNFL_AVC_SFR_540p_1800K_0,46.77942180133886,4.837689528874133,-25.01626060397501
13,13,TNFF_HEVC_HFR_540p_1900K_144,55.66717955581902,4.898604059054568,-14.769648090709836
14,14,USOpen_HEVC_HFR_288p_300K_0,26.656847028154107,4.951512985447131,-42.38010147213559
15,15,USOpen_AVC_HFR_720p_2200K_166,67.79344295989672,4.745119983199725,-11.422123440252191
16,16,USOpen_HEVC_SFR_396p_600K_0,41.8932746770407,4.847977067638649,-27.143673823249
17,17,TNFF_HEVC_HFR_288p_300K_16,16.70246000921288,5.092052047904291,-65.98688310067514
18,18,Cricket1_HEVC_HFR_720p_2200K_86,62.91830121661897,5.306634043328453,-1.7355542324251871
19,19,TNFF_AVC_SFR_396p_800K_16,37.61560198640737,4.9833907792904,-45.07374112348066
20,20,TNFF_HEVC_HFR_288p_300K_144,12.64469367179732,4.7957493343619735,-57.792133974731534
21,21,EPLDay_AVC_HFR_540p_1900K_8,57.09485183687289,4.303615345333289,-35.3976848249972
22,22,Cricket1_AVC_HFR_540p_1300K_86,45.08491000374544,5.306634043328453,-19.56894544529872
23,23,TNFF_AVC_SFR_720p_2000K_16,56.57481592014778,4.879446110401572,-26.11452718974025
24,24,USOpen_AVC_SFR_396p_400K_166,32.57030437668274,4.745119983199725,-46.645262023466174
25,25,Cricket1_HEVC_SFR_540p_1100K_86,50.97820214095825,5.416079997031539,-13.675653308085906
26,26,TNFF_HEVC_HFR_540p_1100K_16,40.77990337961152,4.9833907792904,-41.90943973027651
27,27,Cricket2_HEVC_HFR_720p_2200K_90,57.0708562663136,5.065267331847606,-7.439454175153585
28,28,TNFF_AVC_SFR_288p_200K_144,11.165299035084368,4.898604059054568,-59.27152861144449
29,29,USOpen_AVC_SFR_396p_800K_0,41.92783453931413,4.847977067638649,-27.109113960975563
30,30,USOpen_AVC_HFR_396p_900K_166,40.66308703285935,4.954066284611163,-38.55247936728957
31,31,TNFNFL_HEVC_SFR_720p_2200K_0,57.80817097244438,4.7356244335804325,-13.98751143286949
32,32,Cricket1_SRC_SRC_SRC_SRC_86,64.65385544904416,5.306634043328453,0.0
33,33,USOpen_AVC_SFR_540p_1800K_166,60.81741480188583,4.745119983199725,-18.398151598263084
34,34,USOpen_AVC_HFR_540p_1900K_0,57.82896608458751,4.951512985447131,-11.207982415702183
35,35,EPLDay_SRC_SRC_SRC_SRC_8,92.49253666187008,4.209082128229909,0.0
36,36,TNFF_AVC_SFR_396p_800K_144,28.734526269852267,4.898604059054568,-41.70230137667659
37,37,EPLDay_HEVC_HFR_396p_600K_8,27.98766469433629,4.303615345333289,-64.5048719675338
38,38,TNFNFL_AVC_HFR_720p_2200K_0,49.31588153085329,4.837689528874133,-22.47980087446058
39,39,TNFF_AVC_HFR_396p_900K_16,36.39439829289534,4.879446110401572,-46.29494481699269
40,40,TNFF_AVC_HFR_720p_2200K_144,54.95576267280206,5.006082602083011,-15.481064973726795
41,41,TNFF_AVC_SFR_396p_400K_16,24.87988052128537,4.879446110401572,-57.809462588602656
42,42,USOpen_SRC_SRC_SRC_SRC_0,69.0369485002897,4.847977067638649,0.0
43,43,TNFNFL_AVC_HFR_540p_1900K_0,41.183687988323896,4.837689528874133,-30.61199441698997
44,44,USOpen_AVC_SFR_288p_200K_166,12.326617049772876,4.954066284611163,-66.88894935037604
45,45,USOpen_AVC_SFR_288p_200K_0,28.32971841785719,4.847977067638649,-40.7072300824325
46,46,EPLDay_AVC_HFR_540p_1300K_8,44.3253661453615,4.209082128229909,-48.16717051650859
47,47,EPLDay_AVC_HFR_540p_1300K_0,49.44693665978989,4.491750889836062,-42.076826351006346
48,48,EPLNight_HEVC_SFR_540p_1900K_0,58.018718425478646,4.684033219828883,-27.914168938934417
49,49,TNFNFL_SRC_SRC_SRC_SRC_0,71.79568240531387,4.7356244335804325,0.0
50,50,USOpen_HEVC_SFR_720p_2200K_166,69.24786780638368,4.954066284611163,-9.967698593765236
51,51,Cricket1_HEVC_HFR_396p_600K_86,36.174354552810186,5.306634043328453,-28.47950089623397
52,52,Cricket2_HEVC_SFR_396p_900K_90,37.62170141861119,5.065267331847606,-26.888609022855995
53,53,EPLNight_HEVC_HFR_288p_300K_0,18.27545170853854,4.78541490287127,-67.65743565587452
54,54,Cricket1_HEVC_SFR_288p_300K_86,20.44502222732014,5.530671288550998,-44.20883322172402
55,55,EPLNight_AVC_SFR_720p_2000K_0,67.27704191554874,4.891290263737722,-18.655845448864326
56,56,Cricket2_AVC_SFR_540p_1200K_90,45.84411624457055,5.065267331847606,-18.666194196896637
57,57,EPLDay_AVC_SFR_540p_1200K_0,43.76347271018033,4.693526053543192,-47.7602903006159
58,58,TNFF_HEVC_SFR_396p_600K_144,32.25651338641112,4.898604059054568,-38.18031426011773
59,59,Cricket2_AVC_SFR_396p_400K_90,30.2259095846611,5.282862723069536,-34.28440085680609
60,60,EPLNight_AVC_HFR_396p_600K_0,33.8852207549016,4.78541490287127,-52.04766660951146
61,61,USOpen_AVC_HFR_540p_1300K_0,57.14681182762276,4.951512985447131,-11.89013667266694
62,62,EPLNight_AVC_HFR_540p_1300K_0,55.562739516829005,4.78541490287127,-30.370147847584057
63,63,TNFNFL_HEVC_HFR_396p_600K_0,24.642328533334258,4.837689528874133,-47.15335387197961
64,64,USOpen_HEVC_SFR_288p_300K_166,28.25020262686666,4.745119983199725,-50.965363773282256
65,65,TNFF_HEVC_HFR_396p_900K_16,37.16443609624309,4.879446110401572,-45.52490701364494
66,66,USOpen_AVC_SFR_396p_800K_166,39.351741455714034,4.847310232950434,-39.86382494443488
67,67,EPLNight_AVC_SFR_396p_800K_0,36.67140408907376,4.684033219828883,-49.26148327533931
68,68,TNFF_AVC_HFR_540p_1900K_16,53.87487479455096,4.879446110401572,-28.814468315337077
69,69,EPLDay_AVC_SFR_540p_1800K_0,50.54616934655543,4.59051422923451,-40.9775936642408
70,70,Cricket1_HEVC_HFR_288p_300K_86,21.32547976011036,5.416079997031539,-43.32837568893381
71,71,USOpen_HEVC_HFR_396p_900K_0,43.81529186467678,4.951512985447131,-25.22165663561292
72,72,TNFF_HEVC_HFR_396p_900K_144,33.48693332382947,4.898604059054568,-36.949894322699386
73,73,USOpen_AVC_SFR_540p_1800K_0,52.38321010084131,4.847977067638649,-16.653738399448386
74,74,Cricket2_SRC_SRC_SRC_SRC_90,64.51031044146718,5.065267331847606,0.0
75,75,EPLDay_HEVC_SFR_396p_900K_8,35.4753969976033,4.401967539282282,-57.01713966426679
76,76,Cricket2_AVC_HFR_396p_600K_90,29.189875780191294,5.065267331847606,-35.32043466127589
77,77,EPLNight_HEVC_SFR_540p_1100K_0,52.86184885327904,4.684033219828883,-33.07103851113402
78,78,Cricket1_AVC_SFR_720p_2000K_86,53.9117092792543,5.530671288550998,-10.742146169789857
79,79,TNFF_AVC_HFR_396p_600K_16,34.034920179415806,4.879446110401572,-48.65442293047222
80,80,EPLDay_HEVC_SFR_540p_1100K_0,50.30921985671192,4.59051422923451,-41.21454315408431
81,81,EPLDay_HEVC_SFR_396p_600K_8,34.12312091051112,4.303615345333289,-58.36941575135897
82,82,EPLDay_HEVC_HFR_540p_1100K_0,45.34692996619911,4.59051422923451,-46.17683304459712
83,83,Cricket1_AVC_SFR_540p_1800K_86,53.06124210712842,5.416079997031539,-11.592613341915737
84,84,TNFNFL_HEVC_SFR_540p_1900K_0,53.41336998335459,4.7356244335804325,-18.38231242195928
85,85,EPLDay_HEVC_SFR_720p_2200K_0,70.76620644080087,4.59051422923451,-20.75755656999536
86,86,USOpen_HEVC_HFR_720p_2200K_166,73.86522206751718,4.847310232950434,-5.350344332631735
87,87,TNFF_AVC_SFR_540p_1200K_144,40.26514864290725,4.7957493343619735,-30.171679003621605
88,88,USOpen_AVC_SFR_540p_1200K_0,54.169768970257074,4.847977067638649,-14.867179530032622
89,89,Cricket1_HEVC_HFR_396p_900K_86,33.096416337025055,5.416079997031539,-31.557439112019104
90,90,EPLDay_HEVC_HFR_540p_1100K_8,51.97653366084123,4.303615345333289,-40.516003001028864
91,91,TNFNFL_HEVC_SFR_288p_300K_0,16.473237351060657,4.7356244335804325,-55.32244505425321
92,92,TNFF_HEVC_SFR_396p_600K_16,36.5488255551123,4.9833907792904,-46.14051755477573
93,93,USOpen_AVC_SFR_720p_2000K_0,63.01942300362638,4.951512985447131,-6.017525496663318
94,94,Cricket2_HEVC_SFR_720p_2200K_90,57.21096286901306,5.065267331847606,-7.299347572454124
95,95,TNFNFL_HEVC_SFR_540p_1100K_0,47.51279253144667,4.944309372679157,-24.2828898738672
96,96,TNFF_HEVC_SFR_540p_1900K_16,62.42559568218932,4.879446110401572,-20.26374742769871
97,97,EPLNight_HEVC_SFR_720p_2200K_0,68.86964521533992,4.684033219828883,-17.063242149073147
98,98,Cricket2_AVC_HFR_720p_2200K_90,52.85855183786118,5.065267331847606,-11.651758603606003
99,99,Cricket1_HEVC_SFR_720p_2200K_86,62.3826092219917,5.306634043328453,-2.2712462270524583
100,100,USOpen_AVC_SFR_540p_1200K_166,55.05107695842053,4.745119983199725,-24.164489441728385
101,101,Cricket2_HEVC_HFR_288p_300K_90,20.777168384423888,5.065267331847606,-43.733142057043295
102,102,EPLDay_AVC_SFR_540p_1800K_8,53.8516515552273,4.303615345333289,-38.64088510664279
103,103,TNFF_HEVC_SFR_540p_1900K_144,60.06990209233401,4.7957493343619735,-10.366925554194845
104,104,Cricket1_AVC_SFR_396p_400K_86,32.75476197797324,5.416079997031539,-31.89909347107092
105,105,USOpen_HEVC_SFR_396p_900K_0,43.69307783949377,4.847977067638649,-25.34387066079593
106,106,EPLNight_AVC_SFR_396p_400K_0,31.061745538621743,4.684033219828883,-54.87114182579132
107,107,Cricket1_HEVC_SFR_396p_900K_86,41.83929814457471,5.530671288550998,-22.814557304469453
108,108,EPLNight_AVC_SFR_540p_1800K_0,54.00054385319369,4.78541490287127,-31.93234351121937
109,109,USOpen_HEVC_SFR_540p_1100K_0,54.6196299909852,4.847977067638649,-14.417318509304494
110,110,TNFF_AVC_HFR_396p_600K_144,18.34972846317508,4.898604059054568,-52.08709918335378
111,111,EPLNight_AVC_HFR_396p_900K_0,38.76892105042067,4.684033219828883,-47.16396631399239
112,112,TNFNFL_HEVC_HFR_720p_2200K_0,58.53216573054745,4.837689528874133,-13.26351667476642
113,113,TNFF_AVC_SFR_720p_2000K_144,57.87878560027739,4.7957493343619735,-12.558042046251463
114,114,EPLNight_HEVC_HFR_540p_1900K_0,58.182927261294765,4.684033219828883,-27.749960103118298
115,115,EPLDay_HEVC_SFR_540p_1900K_8,73.2800365372187,4.303615345333289,-19.212500124651385
116,116,EPLNight_HEVC_HFR_396p_900K_0,41.20142383889173,4.78541490287127,-44.731463525521335
117,117,TNFF_HEVC_SFR_720p_2200K_16,66.49555269275976,4.9833907792904,-16.19379041712827
118,118,EPLDay_HEVC_HFR_540p_1900K_0,52.2423175713724,4.491750889836062,-39.28144543942383
119,119,Cricket1_HEVC_HFR_540p_1900K_86,57.25798317235849,5.306634043328453,-7.395872276685665
120,120,USOpen_HEVC_HFR_396p_900K_166,43.12570868591872,4.847310232950434,-36.0898577142302
121,121,TNFF_AVC_HFR_540p_1300K_16,45.844223868040274,4.9833907792904,-36.84511924184776
122,122,Cricket2_HEVC_SFR_288p_300K_90,23.28672980095392,5.171609550433731,-41.22358064051326
123,123,TNFNFL_AVC_SFR_396p_800K_0,33.48087632335206,4.837689528874133,-38.31480608196181
124,124,USOpen_HEVC_HFR_396p_600K_0,44.18467589198293,4.847977067638649,-24.85227260830676
125,125,USOpen_HEVC_HFR_540p_1100K_166,56.22955359394842,4.745119983199725,-22.98601280620049
126,126,EPLNight_HEVC_HFR_396p_600K_0,39.3048595734426,4.684033219828883,-46.628027790970464
127,127,EPLDay_HEVC_HFR_396p_600K_0,33.282318882260974,4.491750889836062,-58.24144412853526
128,128,Cricket1_HEVC_SFR_396p_600K_86,41.07506676880511,5.306634043328453,-23.57878868023905
129,129,TNFNFL_HEVC_SFR_396p_900K_0,39.971404231816926,4.7356244335804325,-31.824278173496943
130,130,Cricket1_HEVC_SFR_540p_1900K_86,54.63553257718201,5.306634043328453,-10.018322871862146
131,131,Cricket2_HEVC_SFR_540p_1900K_90,50.30726798416986,5.065267331847606,-14.203042457297322
132,132,TNFF_HEVC_SFR_540p_1100K_16,51.72623807486574,4.879446110401572,-30.963105035022288
133,133,Cricket2_AVC_SFR_720p_2000K_90,58.69993867805723,5.282862723069536,-5.810371763409954
134,134,Cricket1_AVC_HFR_396p_600K_86,32.744812746848524,5.416079997031539,-31.909042702195634
135,135,TNFNFL_AVC_HFR_288p_300K_0,13.24401629095798,4.7356244335804325,-58.55166611435589
136,136,TNFF_AVC_SFR_540p_1200K_16,45.6994595355876,4.879446110401572,-36.98988357430043
137,137,USOpen_HEVC_HFR_540p_1100K_0,56.89954869739331,4.951512985447131,-12.13739980289639
138,138,TNFNFL_HEVC_HFR_288p_300K_0,13.99696081230089,4.837689528874133,-57.79872159301298
139,139,TNFNFL_AVC_HFR_540p_1300K_0,36.918771510961285,4.837689528874133,-34.876910894352584
140,140,EPLDay_HEVC_HFR_396p_900K_8,35.843048830412215,4.303615345333289,-56.64948783145788
141,141,USOpen_HEVC_SFR_540p_1900K_166,60.724120415859744,4.745119983199725,-18.49144598428917
142,142,EPLDay_HEVC_HFR_720p_2200K_0,65.2216397946985,4.693526053543192,-26.302123216097726
143,143,TNFF_AVC_SFR_540p_1800K_16,51.70746039960902,4.9833907792904,-30.98188271027901
144,144,TNFNFL_HEVC_HFR_540p_1100K_0,41.86109429582604,4.7356244335804325,-29.934588109487827
145,145,TNFF_AVC_HFR_720p_2200K_16,62.10256102749323,4.879446110401572,-20.5867820823948
146,146,EPLDay_AVC_SFR_540p_1200K_8,41.36725939709033,4.209082128229909,-51.12527726477976
147,147,USOpen_HEVC_HFR_288p_300K_166,21.51797844485891,4.745119983199725,-57.69758795529
148,148,TNFF_HEVC_SFR_540p_1100K_144,47.61399123922968,4.7957493343619735,-22.82283640729917
149,149,EPLNight_AVC_SFR_288p_200K_0,15.44350890388702,4.684033219828883,-70.48937846052604
150,150,TNFF_HEVC_HFR_720p_2200K_144,60.28525006750956,4.7957493343619735,-10.151577579019296
151,151,EPLDay_HEVC_SFR_540p_1900K_0,50.2206193447997,4.491750889836062,-41.30314366599653
152,152,Cricket1_AVC_SFR_540p_1200K_86,47.769687309005,5.641141552993943,-16.884168140039158
153,153,TNFF_HEVC_SFR_288p_300K_144,16.498646104443242,5.006082602083011,-53.938181542085616
154,154,USOpen_AVC_HFR_396p_600K_166,33.66396787105084,4.847310232950434,-45.55159852909807
155,155,TNFNFL_AVC_SFR_288p_200K_0,8.274295045383905,4.837689528874133,-63.52138735992996
156,156,USOpen_AVC_HFR_288p_300K_0,31.471113683458743,4.951512985447131,-37.56583481683095
157,157,EPLNight_HEVC_HFR_720p_2200K_0,69.55186730798744,4.891290263737722,-16.381020056425626
158,158,TNFF_HEVC_SFR_396p_900K_16,41.63161904584698,4.9833907792904,-41.05772406404105
159,159,EPLDay_HEVC_SFR_720p_2200K_8,68.13731934864519,4.303615345333289,-24.355217313224895
160,160,USOpen_HEVC_HFR_540p_1900K_0,57.73721139628181,4.951512985447131,-11.299737104007887
161,161,TNFNFL_AVC_SFR_396p_400K_0,17.394358548631683,4.7356244335804325,-54.40132385668218
162,162,Cricket1_AVC_SFR_396p_800K_86,40.30440005596518,5.306634043328453,-24.349455393078976
163,163,TNFNFL_AVC_HFR_396p_900K_0,26.484210010595834,4.7356244335804325,-45.31147239471804
164,164,TNFF_AVC_HFR_288p_300K_16,19.79930870390941,4.879446110401572,-62.89003440597861
165,165,Cricket2_HEVC_SFR_396p_600K_90,33.7585025528357,5.171609550433731,-30.751807888631483
166,166,TNFF_HEVC_SFR_288p_300K_16,18.094845414133463,4.879446110401572,-64.59449769575457
167,167,USOpen_AVC_HFR_720p_2200K_0,74.13201802608361,4.951512985447131,5.095069525793917
168,168,EPLDay_HEVC_HFR_720p_2200K_8,66.75745918217937,4.209082128229909,-25.73507747969072
169,169,USOpen_HEVC_HFR_720p_2200K_0,66.3242411760476,5.059731048787098,-2.712707324242104
170,170,EPLDay_HEVC_HFR_288p_300K_8,15.354197008225311,4.303615345333289,-77.13833965364478
171,171,TNFNFL_HEVC_SFR_396p_600K_0,34.30531154832425,4.837689528874133,-37.49037085698962
172,172,TNFF_HEVC_HFR_396p_600K_144,30.18612449863014,4.7957493343619735,-40.25070314789872
173,173,Cricket1_AVC_HFR_540p_1900K_86,53.82013822551879,5.530671288550998,-10.833717223525367
174,174,EPLNight_SRC_SRC_SRC_SRC_0,85.93288736441306,4.891290263737722,0.0
175,175,TNFF_AVC_HFR_540p_1900K_144,45.42225812983737,4.7957493343619735,-25.014569516691488
176,176,Cricket1_AVC_HFR_288p_300K_86,22.89889643211974,5.416079997031539,-41.75495901692442
177,177,USOpen_HEVC_SFR_540p_1900K_0,55.52034877080364,4.847977067638649,-13.51659972948606
178,178,USOpen_SRC_SRC_SRC_SRC_166,79.21556640014892,4.745119983199725,0.0
179,179,TNFF_AVC_SFR_288p_200K_16,8.884435036725952,5.092052047904291,-73.80490807316208
180,180,EPLNight_AVC_HFR_288p_300K_0,15.743229466994176,4.684033219828883,-70.18965789741888
181,181,TNFNFL_AVC_SFR_720p_2000K_0,46.53570448106508,4.944309372679157,-25.259977924248787
182,182,Cricket2_HEVC_HFR_540p_1100K_90,47.18807709514709,5.282862723069536,-17.322233346320097
183,183,TNFF_AVC_HFR_396p_900K_144,27.794076714287996,4.7957493343619735,-42.64275093224086
184,184,Cricket2_AVC_HFR_288p_300K_90,23.837357289071186,5.171609550433731,-40.672953152396
185,185,EPLNight_HEVC_SFR_396p_600K_0,38.34955391968628,4.78541490287127,-47.58333344472678
186,186,TNFNFL_AVC_SFR_540p_1200K_0,41.32126772149717,4.7356244335804325,-30.474414683816697
187,187,Cricket2_AVC_HFR_540p_1300K_90,47.82541985951963,5.065267331847606,-16.684890581947556
188,188,USOpen_AVC_HFR_540p_1900K_166,56.89950353270847,4.745119983199725,-22.316062867440444
189,189,TNFF_HEVC_HFR_540p_1100K_144,43.702441618188736,4.898604059054568,-26.73438602834012
190,190,EPLNight_HEVC_SFR_288p_300K_0,18.691556131149504,4.891290263737722,-67.24133123326357
191,191,USOpen_AVC_HFR_288p_300K_166,17.942252133611948,4.745119983199725,-61.27331426653697
192,192,Cricket2_AVC_SFR_540p_1800K_90,46.6368335482674,5.171609550433731,-17.873476893199786
193,193,EPLDay_HEVC_HFR_396p_900K_0,34.065182067228754,4.59051422923451,-57.45858094356748
194,194,TNFNFL_HEVC_HFR_396p_900K_0,29.075465839468382,4.837689528874133,-42.72021656584548
195,195,Cricket2_HEVC_HFR_396p_600K_90,35.42265422488961,5.171609550433731,-29.08765621657757
196,196,EPLDay_HEVC_SFR_396p_900K_0,35.92840410772527,4.491750889836062,-55.59535890307096
197,197,Cricket2_AVC_SFR_396p_800K_90,37.19000912904512,5.065267331847606,-27.320301312422067
198,198,EPLDay_HEVC_SFR_288p_300K_0,19.49211537724644,4.491750889836062,-72.0316476335498
199,199,TNFF_HEVC_HFR_396p_600K_16,28.87242892975773,4.879446110401572,-53.8169141801303
200,200,EPLDay_HEVC_HFR_540p_1900K_8,56.06102901433646,4.209082128229909,-36.43150764753363
201,201,USOpen_AVC_HFR_396p_600K_0,45.27765119501003,4.951512985447131,-23.759297305279667
202,202,EPLNight_HEVC_SFR_396p_900K_0,37.6958321169683,4.684033219828883,-48.237055247444765
203,203,Cricket2_HEVC_SFR_540p_1100K_90,50.93082684076187,5.171609550433731,-13.579483600705316
204,204,USOpen_AVC_SFR_720p_2000K_166,71.36031367956048,4.745119983199725,-7.855252720588439
205,205,EPLNight_AVC_SFR_540p_1200K_0,51.54055064530503,4.78541490287127,-34.39233671910804
206,206,TNFF_AVC_SFR_396p_400K_144,21.87620194312356,4.7957493343619735,-48.56062570340529
207,207,USOpen_AVC_HFR_540p_1300K_166,53.07976716010111,4.745119983199725,-26.135799240047803
208,208,EPLDay_HEVC_HFR_288p_300K_0,16.890570649541104,4.491750889836062,-74.63319236125513
209,209,USOpen_HEVC_HFR_540p_1900K_166,63.73036936605792,4.745119983199725,-15.485197034091
210,210,Cricket2_HEVC_HFR_540p_1900K_90,48.24980408955079,5.171609550433731,-16.260506351916398
211,211,USOpen_AVC_SFR_396p_400K_0,39.41763584495382,4.847977067638649,-29.619312655335875
212,212,TNFF_AVC_HFR_288p_300K_144,12.300557623898328,4.7957493343619735,-58.13627002263053
213,213,TNFF_SRC_SRC_SRC_SRC_16,82.68934310988803,4.9833907792904,0.0
214,214,Cricket1_AVC_HFR_720p_2200K_86,55.24427376624101,5.416079997031539,-9.40958168280315
215,215,Cricket2_AVC_SFR_288p_200K_90,18.14625446755978,5.282862723069536,-46.364055973907405
216,216,EPLDay_HEVC_SFR_396p_600K_0,32.47767700548694,4.59051422923451,-59.04608600530929
217,217,TNFF_SRC_SRC_SRC_SRC_144,70.43682764652885,4.7957493343619735,0.0
218,218,EPLDay_SRC_SRC_SRC_SRC_0,91.52376301079624,4.491750889836062,0.0
219,219,EPLNight_HEVC_HFR_540p_1100K_0,52.51232178378002,4.78541490287127,-33.420565580633045
220,220,Cricket1_AVC_SFR_288p_200K_86,16.60207379024616,5.306634043328453,-48.051781658798
221,221,TNFF_HEVC_HFR_720p_2200K_16,62.80093102382813,4.9833907792904,-19.8884120860599
222,222,USOpen_HEVC_SFR_720p_2200K_0,63.33110000064973,5.059731048787098,-5.705848499639963
223,223,TNFF_AVC_SFR_540p_1800K_144,48.66646379837984,4.898604059054568,-21.77036384814901
224,224,USOpen_HEVC_SFR_396p_600K_166,40.30606186246056,4.847310232950434,-38.90950453768836
225,225,TNFF_AVC_HFR_540p_1300K_144,39.685310173342096,4.7957493343619735,-30.75151747318676
226,226,TNFNFL_AVC_HFR_396p_600K_0,21.58614195367634,4.7356244335804325,-50.20954045163753
227,227,EPLDay_HEVC_SFR_288p_300K_8,16.844887672369293,4.303615345333289,-75.6476489895008
228,228,EPLNight_AVC_HFR_540p_1900K_0,57.03758448816838,4.684033219828883,-28.895302876244685
229,229,USOpen_HEVC_SFR_396p_900K_166,40.23397606158258,4.745119983199725,-38.981590338566335
230,230,Cricket1_AVC_HFR_396p_900K_86,36.422931273068464,5.416079997031539,-28.23092417597569
231,231,TNFNFL_HEVC_HFR_540p_1900K_0,52.03776657694984,4.837689528874133,-19.757915828364027
232,232,Cricket1_HEVC_HFR_540p_1100K_86,52.43278217026444,5.416079997031539,-12.22107327877972
233,233,EPLDay_HEVC_SFR_540p_1100K_8,42.489630337167945,4.303615345333289,-50.00290632470215
234,234,EPLDay_AVC_HFR_396p_600K_8,27.320072891946808,4.830617101797324,-65.17246376992328
235,235,EPLDay_AVC_HFR_720p_2200K_0,73.06941472560246,5.060398052967031,-18.45434828519377
236,236,EPLDay_AVC_HFR_720p_2200K_8,68.59445713287946,4.552525336686182,-23.898079528990635
237,237,EPLDay_AVC_HFR_396p_900K_8,37.44690518060886,4.830617101797324,-55.04563148126123
238,238,EPLDay_AVC_HFR_288p_300K_0,17.799306916759242,5.060398052967031,-73.72445609403698
239,239,EPLDay_AVC_HFR_396p_600K_0,34.938705225944155,5.155467776407193,-56.58505778485208
240,240,EPLDay_AVC_HFR_288p_300K_8,16.257451471397584,4.606851466442854,-76.2350851904725
241,241,EPLDay_AVC_HFR_396p_900K_0,38.17871406962969,5.155467776407193,-53.34504894116654
0,0,EPLDay_HEVC_SFR_396p_900K_20,39.34251773560835,5.616072979262957,-51.84109220538286
1,1,USOpen_AVC_HFR_288p_300K_12,28.130862077291734,5.548964627637735,-45.968645985790005
2,2,Cricket1_AVC_SFR_720p_2000K_198,48.62992883479264,5.807218593976264,-17.006719316097097
3,3,USOpen_HEVC_HFR_288p_300K_12,31.679436085188424,5.548964627637735,-42.42007197789332
4,4,TNFF_HEVC_SFR_540p_1900K_32,75.5405415919571,5.380231859697148,-14.029768293308408
5,5,USOpen_HEVC_SFR_540p_1900K_12,63.71934543027303,5.548964627637735,-10.380162632808712
6,6,EPLDay_AVC_HFR_540p_1300K_20,42.88732184210949,5.616072979262957,-48.29628809888171
7,7,USOpen_AVC_SFR_540p_1800K_12,57.991303574997886,5.548964627637735,-16.108204488083857
8,8,TNFNFL_SRC_SRC_SRC_SRC_3184,68.06411525536336,5.3507246088285685,0.0
9,9,EPLDay_AVC_HFR_396p_900K_20,31.94477470150379,5.616072979262957,-59.238835239487415
10,10,Cricket1_AVC_HFR_540p_1300K_198,43.288649943544506,5.807218593976264,-22.347998207345235
11,11,USOpen_HEVC_HFR_720p_2200K_12,70.83351531884446,5.548964627637735,-3.2659927442372805
12,12,Cricket1_AVC_HFR_396p_600K_198,28.758202384095647,5.807218593976264,-36.878445766794094
13,13,USOpen_HEVC_HFR_396p_600K_12,49.49413187188047,5.548964627637735,-24.605376191201277
14,14,TNFF_AVC_HFR_540p_1900K_32,62.300192371246446,5.380231859697148,-27.270117514019056
15,15,Cricket1_AVC_SFR_540p_1200K_198,45.03277920460286,5.807218593976264,-20.60386894628688
16,16,TNFF_HEVC_SFR_396p_900K_32,51.04160781549818,5.380231859697148,-38.52870206976732
17,17,Cricket1_AVC_HFR_396p_900K_198,37.73834339766479,5.807218593976264,-27.89830475322496
18,18,TNFF_AVC_HFR_396p_900K_32,41.32053446504624,5.380231859697148,-48.24977542021926
19,19,EPLDay_HEVC_SFR_540p_1100K_20,48.00542411081448,5.616072979262957,-43.17818583017672
20,20,TNFF_HEVC_HFR_288p_300K_32,24.62754980111848,5.380231859697148,-64.94276008414703
21,21,USOpen_HEVC_SFR_396p_600K_12,49.68097879300583,5.548964627637735,-24.418529270075915
22,22,TNFNFL_HEVC_SFR_396p_900K_3184,37.429033064062345,5.3507246088285685,-30.635082191301017
23,23,EPLDay_HEVC_HFR_540p_1100K_20,46.73965120204256,5.616072979262957,-44.443958738948645
24,24,Cricket1_HEVC_HFR_720p_2200K_198,54.23738675815395,5.807218593976264,-11.399261392735788
25,25,EPLDay_HEVC_SFR_288p_300K_20,11.716696942210222,5.616072979262957,-79.46691299878098
26,26,USOpen_AVC_HFR_396p_600K_12,43.18983239862235,5.548964627637735,-30.909675664459392
27,27,TNFNFL_AVC_SFR_540p_1800K_3184,49.39161403290887,5.3507246088285685,-18.672501222454493
28,28,USOpen_AVC_SFR_720p_2000K_12,70.97312572114663,5.548964627637735,-3.1263823419351127
29,29,EPLDay_HEVC_SFR_720p_2200K_20,64.61517912672667,5.616072979262957,-26.56843081426453
30,30,USOpen_AVC_SFR_540p_1200K_12,57.92116151897905,5.548964627637735,-16.178346544102695
31,31,EPLDay_AVC_SFR_396p_800K_20,32.36847075619478,5.616072979262957,-58.81513918479642
32,32,TNFF_AVC_SFR_396p_800K_32,39.90174548403994,5.380231859697148,-49.66856440122556
33,33,EPLDay_AVC_SFR_288p_200K_20,4.067030253111492,5.616072979262957,-87.1165796878797
34,34,TNFNFL_AVC_SFR_540p_1200K_3184,44.64038902498131,5.3507246088285685,-23.42372623038205
35,35,EPLDay_AVC_SFR_720p_2000K_20,58.10283849978877,5.616072979262957,-33.08077144120243
36,36,TNFNFL_HEVC_HFR_288p_300K_3184,7.551159535111476,5.3507246088285685,-60.51295572025189
37,37,USOpen_HEVC_HFR_540p_1100K_12,61.763119883848624,5.548964627637735,-12.336388179233118
38,38,TNFNFL_HEVC_SFR_288p_300K_3184,15.282700019498442,5.3507246088285685,-52.78141523586492
39,39,USOpen_AVC_HFR_720p_2200K_12,63.02021647907962,5.548964627637735,-11.07929158400212
40,40,EPLDay_HEVC_SFR_540p_1900K_20,58.380541012687225,5.616072979262957,-32.80306892830398
41,41,TNFF_AVC_HFR_720p_2200K_32,71.930051454109,5.380231859697148,-17.640258431156496
42,42,EPLDay_HEVC_HFR_396p_900K_20,40.25809969093252,5.616072979262957,-50.925510250058686
43,43,Cricket1_HEVC_HFR_396p_600K_198,28.758986860304105,5.807218593976264,-36.87766129058564
44,44,USOpen_HEVC_HFR_540p_1900K_12,63.484514189243015,5.548964627637735,-10.614993873838728
45,45,TNFF_AVC_SFR_540p_1200K_32,52.43719724083827,5.380231859697148,-37.13311264442723
46,46,USOpen_SRC_SRC_SRC_SRC_12,74.09950806308174,5.548964627637735,0.0
47,47,TNFNFL_AVC_SFR_720p_2000K_3184,60.94620020596098,5.3507246088285685,-7.117915049402384
48,48,TNFF_HEVC_SFR_540p_1100K_32,66.14603034473247,5.380231859697148,-23.42427954053304
49,49,TNFNFL_HEVC_HFR_720p_2200K_3184,58.61995347330234,5.3507246088285685,-9.444161782061023
50,50,Cricket1_AVC_HFR_720p_2200K_198,52.52481851796759,5.807218593976264,-13.111829632922152
51,51,TNFNFL_AVC_HFR_540p_1300K_3184,41.72712152240243,5.3507246088285685,-26.33699373296093
52,52,Cricket1_HEVC_SFR_396p_900K_198,39.85158444642921,5.807218593976264,-25.785063704460534
53,53,TNFF_HEVC_SFR_288p_300K_32,28.54970814965912,5.380231859697148,-61.020601735606384
54,54,EPLDay_AVC_HFR_540p_1900K_20,47.65181024966966,5.616072979262957,-43.531799691321545
55,55,TNFF_HEVC_SFR_396p_600K_32,43.52243458902094,5.380231859697148,-46.04787529624456
56,56,TNFNFL_HEVC_HFR_396p_600K_3184,28.965753770728696,5.3507246088285685,-39.098361484634665
57,57,Cricket1_HEVC_SFR_720p_2200K_198,58.4210010957942,5.807218593976264,-7.215647055095538
58,58,EPLDay_AVC_HFR_288p_300K_20,2.84155084628773,5.616072979262957,-88.34205909470347
59,59,TNFNFL_HEVC_HFR_540p_1100K_3184,43.65401019168953,5.3507246088285685,-24.410105063673832
60,60,TNFF_AVC_HFR_396p_600K_32,34.09657389125796,5.380231859697148,-55.47373599400754
61,61,EPLDay_HEVC_HFR_540p_1900K_20,58.60635115005631,5.616072979262957,-32.5772587909349
62,62,TNFF_HEVC_HFR_720p_2200K_32,76.21501455836022,5.380231859697148,-13.355295326905278
63,63,TNFNFL_AVC_HFR_396p_600K_3184,23.6827239952592,5.3507246088285685,-44.38139126010416
64,64,EPLDay_AVC_SFR_540p_1800K_20,53.61693304451207,5.616072979262957,-37.56667689647914
65,65,TNFF_HEVC_SFR_720p_2200K_32,83.91622322887034,5.380231859697148,-5.654086656395165
66,66,EPLDay_HEVC_HFR_288p_300K_20,9.135462057044696,5.616072979262957,-82.04814788394651
67,67,USOpen_HEVC_SFR_540p_1100K_12,58.85394925989309,5.548964627637735,-15.24555880318865
68,68,TNFNFL_AVC_HFR_720p_2200K_3184,59.616282273118586,5.3507246088285685,-8.447832982244776
69,69,EPLDay_HEVC_SFR_396p_600K_20,29.97779645079032,5.616072979262957,-61.20581349020088
70,70,TNFNFL_AVC_HFR_288p_300K_3184,12.365912359265716,5.3507246088285685,-55.69820289609765
71,71,EPLDay_AVC_SFR_540p_1200K_20,42.21897760853642,5.616072979262957,-48.964632332454784
72,72,TNFNFL_HEVC_HFR_540p_1900K_3184,47.94676054084573,5.3507246088285685,-20.11735471451763
73,73,EPLDay_SRC_SRC_SRC_SRC_20,91.1836099409912,5.616072979262957,0.0
74,74,Cricket1_SRC_SRC_SRC_SRC_198,65.63664815088974,5.807218593976264,0.0
75,75,EPLDay_AVC_SFR_396p_400K_20,21.0943247982486,5.616072979262957,-70.0892851427426
76,76,Cricket1_AVC_HFR_288p_300K_198,15.110446058368202,5.807218593976264,-50.52620209252154
77,77,USOpen_HEVC_HFR_396p_900K_12,47.70868587617142,5.548964627637735,-26.39082218691032
78,78,Cricket1_AVC_SFR_288p_200K_198,6.690127526075855,5.807218593976264,-58.946520624813886
79,79,TNFF_AVC_SFR_720p_2000K_32,69.13387339596827,5.380231859697148,-20.43643648929724
80,80,TNFNFL_AVC_HFR_540p_1900K_3184,51.970748284763125,5.3507246088285685,-16.093366970600236
81,81,EPLDay_HEVC_HFR_396p_600K_20,30.24469008136462,5.616072979262957,-60.93891985962658
82,82,USOpen_HEVC_SFR_288p_300K_12,29.794187172674555,5.548964627637735,-44.30532089040719
83,83,EPLDay_HEVC_HFR_720p_2200K_20,65.6914380292026,5.616072979262957,-25.492171911788603
84,84,USOpen_AVC_SFR_396p_800K_12,47.99330432255564,5.548964627637735,-26.106203740526105
85,85,Cricket1_AVC_SFR_540p_1800K_198,50.30610055051258,5.807218593976264,-15.33054760037716
86,86,TNFNFL_AVC_SFR_396p_400K_3184,19.960861262301155,5.3507246088285685,-48.10325399306221
87,87,Cricket1_HEVC_SFR_540p_1100K_198,51.46502445684287,5.807218593976264,-14.171623694046872
88,88,USOpen_HEVC_SFR_396p_900K_12,46.13673879332902,5.548964627637735,-27.96276926975272
89,89,Cricket1_HEVC_SFR_288p_300K_198,24.95036416287979,5.807218593976264,-40.68628398800995
90,90,TNFF_AVC_HFR_288p_300K_32,20.777089251577017,5.380231859697148,-68.79322063368849
91,91,TNFNFL_AVC_SFR_288p_200K_3184,3.971488877511226,5.3507246088285685,-64.09262637785214
92,92,USOpen_AVC_SFR_396p_400K_12,42.695983650126976,5.548964627637735,-31.403524412954766
93,93,Cricket1_HEVC_HFR_540p_1900K_198,50.22722215733708,5.807218593976264,-15.40942599355266
94,94,TNFNFL_AVC_HFR_396p_900K_3184,36.79486243417813,5.3507246088285685,-31.269252821185237
95,95,TNFF_AVC_SFR_540p_1800K_32,62.43593485120181,5.380231859697148,-27.13437503406369
96,96,Cricket1_HEVC_HFR_540p_1100K_198,43.86351772803537,5.807218593976264,-21.77313042285437
97,97,TNFF_AVC_HFR_540p_1300K_32,58.19495066594803,5.380231859697148,-31.375359219317478
98,98,USOpen_AVC_HFR_540p_1900K_12,59.03810271803389,5.548964627637735,-15.061405345047852
99,99,TNFF_HEVC_HFR_396p_900K_32,47.99247251058314,5.380231859697148,-41.57783737468236
100,100,Cricket1_AVC_SFR_396p_400K_198,23.24011004628892,5.807218593976264,-42.39653810460082
101,101,TNFNFL_HEVC_SFR_540p_1100K_3184,46.60941703733198,5.3507246088285685,-21.454698218031385
102,102,TNFF_AVC_SFR_396p_400K_32,29.43848164085144,5.380231859697148,-60.13182824441406
103,103,USOpen_HEVC_SFR_720p_2200K_12,69.8630349454686,5.548964627637735,-4.236473117613144
104,104,TNFF_SRC_SRC_SRC_SRC_32,89.5703098852655,5.380231859697148,0.0
105,105,EPLDay_AVC_HFR_720p_2200K_20,53.50169940986934,5.616072979262957,-37.681910531121865
106,106,TNFNFL_AVC_SFR_396p_800K_3184,33.55652166287465,5.3507246088285685,-34.50759359248871
107,107,USOpen_AVC_SFR_288p_200K_12,24.64951783063989,5.548964627637735,-49.44999023244185
108,108,Cricket1_HEVC_SFR_540p_1900K_198,54.527179076530174,5.807218593976264,-11.109469074359566
109,109,TNFF_HEVC_HFR_396p_600K_32,44.97237433946479,5.380231859697148,-44.59793554580071
110,110,TNFNFL_HEVC_HFR_396p_900K_3184,35.87808087911162,5.3507246088285685,-32.18603437625174
111,111,Cricket1_AVC_HFR_540p_1900K_198,49.62765624215043,5.807218593976264,-16.00899190873931
112,112,USOpen_AVC_HFR_396p_900K_12,42.23929302374625,5.548964627637735,-31.860215039335493
113,113,Cricket1_AVC_SFR_396p_800K_198,34.825415909061554,5.807218593976264,-30.811232241828183
114,114,TNFF_HEVC_HFR_540p_1100K_32,62.585900207811285,5.380231859697148,-26.984409677454217
115,115,Cricket1_HEVC_HFR_288p_300K_198,20.21233197203022,5.807218593976264,-45.42431617885952
116,116,EPLDay_AVC_HFR_396p_600K_20,20.145783962477093,5.616072979262957,-71.0378259785141
117,117,TNFF_AVC_SFR_288p_200K_32,8.191128344341916,5.380231859697148,-81.37918154092358
118,118,Cricket1_HEVC_HFR_396p_900K_198,36.41745791779931,5.807218593976264,-29.21919023309043
119,119,TNFNFL_HEVC_SFR_720p_2200K_3184,63.96776348331896,5.3507246088285685,-4.096351772044407
120,120,Cricket1_HEVC_SFR_396p_600K_198,38.62056730670953,5.807218593976264,-27.01608084418021
121,121,USOpen_AVC_HFR_540p_1300K_12,56.92024798982919,5.548964627637735,-17.17926007325255
122,122,TNFNFL_HEVC_SFR_396p_600K_3184,34.1389892467182,5.3507246088285685,-33.925126008645165
123,123,TNFF_HEVC_HFR_540p_1900K_32,68.68836662581052,5.380231859697148,-20.881943259454985
124,124,TNFNFL_HEVC_SFR_540p_1900K_3184,51.01577638217823,5.3507246088285685,-17.04833887318513
125,125,TNFF_SRC_SRC_SRC_SRC_304,80.99679573822047,5.103064060865429,0.0
126,126,USOpen_HEVC_HFR_396p_600K_176,36.45869610304266,5.200114551594171,-45.48415901523982
127,127,EPLNight_AVC_HFR_396p_900K_20,40.94309154872921,5.362487380646479,-52.41372136734535
128,128,USOpen_HEVC_SFR_720p_2200K_176,63.89285293594072,5.200114551594171,-18.050002182341764
129,129,EPLNight_HEVC_HFR_396p_600K_20,32.21494556091987,5.362487380646479,-61.14186735515469
130,130,EPLDay_HEVC_HFR_540p_1100K_48,53.91109681660996,5.624187972054196,-35.36801580742887
131,131,EPLNight_HEVC_HFR_540p_1100K_20,52.0982794805064,5.362487380646479,-41.25853343556816
132,132,Cricket2_HEVC_HFR_396p_600K_120,29.468669234573813,5.482163341098091,-38.29871637746071
133,133,USOpen_HEVC_SFR_396p_900K_176,35.916291130798335,5.200114551594171,-46.02656398748415
134,134,TNFF_AVC_HFR_396p_600K_304,27.73748294080041,5.103064060865429,-53.25931279742006
135,135,EPLDay_AVC_SFR_396p_400K_48,28.671862673773735,5.624187972054196,-60.60724995026509
136,136,Cricket2_AVC_HFR_720p_2200K_120,49.28704624081647,5.482163341098091,-18.480339371218044
137,137,EPLDay_HEVC_SFR_540p_1900K_48,55.95709644422575,5.624187972054196,-33.32201617981308
138,138,TNFF_AVC_SFR_540p_1800K_304,59.40908464447434,5.103064060865429,-21.58771109374613
139,139,Cricket2_AVC_SFR_288p_200K_120,10.942691245090728,5.482163341098091,-56.82469436694379
140,140,TNFF_HEVC_HFR_396p_600K_304,19.560775859798923,5.103064060865429,-61.43601987842155
141,141,USOpen_AVC_HFR_720p_2200K_176,67.82328075074992,5.200114551594171,-14.119574367532564
142,142,EPLDay_HEVC_HFR_720p_2200K_48,67.4609980551459,5.624187972054196,-21.818114568892938
143,143,USOpen_AVC_SFR_720p_2000K_176,62.79128741610046,5.200114551594171,-19.15156770218202
144,144,Cricket2_AVC_SFR_540p_1800K_120,44.46444219176145,5.482163341098091,-23.302943420273067
145,145,USOpen_AVC_HFR_288p_300K_176,14.88588571273968,5.200114551594171,-67.0569694055428
146,146,Cricket2_HEVC_SFR_540p_1900K_120,49.38917905556162,5.482163341098091,-18.378206556472897
147,147,EPLDay_AVC_HFR_396p_600K_48,31.25105570296204,5.624187972054196,-58.02805692107679
148,148,Cricket2_HEVC_SFR_540p_1100K_120,50.58771916191243,5.482163341098091,-17.179666450122085
149,149,TNFF_AVC_HFR_540p_1300K_304,50.05699232417243,5.103064060865429,-30.939803414048043
150,150,EPLDay_HEVC_HFR_396p_900K_48,37.41590475114085,5.624187972054196,-51.86320787289798
151,151,USOpen_AVC_SFR_396p_800K_176,42.55634853569191,5.200114551594171,-39.38650658259057
152,152,EPLDay_AVC_SFR_396p_800K_48,32.11183816499,5.624187972054196,-57.16727445904883
153,153,Cricket2_AVC_HFR_540p_1300K_120,42.80480707190495,5.482163341098091,-24.962578540129563
154,154,TNFF_AVC_SFR_396p_800K_304,40.85493991793452,5.103064060865429,-40.14185582028595
155,155,Cricket2_AVC_HFR_288p_300K_120,11.67292004390097,5.482163341098091,-56.09446556813354
156,156,EPLNight_AVC_HFR_540p_1900K_20,60.5745152499663,5.362487380646479,-32.782297666108256
157,157,USOpen_HEVC_HFR_540p_1100K_176,55.08618796734147,5.200114551594171,-26.856667150941007
158,158,EPLNight_AVC_HFR_540p_1300K_20,52.804365799538346,5.362487380646479,-40.55244711653621
159,159,USOpen_HEVC_SFR_540p_1100K_176,52.3250095559224,5.200114551594171,-29.61784556236008
160,160,TNFF_HEVC_SFR_720p_2200K_304,67.5570364323904,5.103064060865429,-13.439759305830066
161,161,USOpen_AVC_SFR_540p_1200K_176,50.10979404850946,5.200114551594171,-31.833061069773017
162,162,EPLNight_HEVC_SFR_396p_600K_20,34.42923425272105,5.362487380646479,-58.92757866335351
163,163,Cricket2_HEVC_HFR_720p_2200K_120,57.489995083047546,5.482163341098091,-10.27739052898697
164,164,EPLDay_AVC_HFR_720p_2200K_48,69.9090584164711,5.624187972054196,-19.370054207567733
165,165,Cricket2_HEVC_SFR_288p_300K_120,16.63325043343722,5.482163341098091,-51.1341351785973
166,166,TNFF_AVC_SFR_288p_200K_304,4.985325723511639,5.103064060865429,-76.01147001470883
167,167,EPLNight_AVC_SFR_540p_1800K_20,57.47827250359364,5.362487380646479,-35.87854041248092
168,168,TNFF_AVC_SFR_540p_1200K_304,46.35104959094153,5.103064060865429,-34.64574614727894
169,169,USOpen_AVC_HFR_540p_1900K_176,50.60275426942951,5.200114551594171,-31.34010084885297
170,170,EPLNight_AVC_SFR_396p_400K_20,27.82291736249409,5.362487380646479,-65.53389555358046
171,171,USOpen_HEVC_SFR_288p_300K_176,25.585385401121123,5.200114551594171,-56.35746971716136
172,172,EPLDay_AVC_SFR_540p_1800K_48,52.88399705791101,5.624187972054196,-36.39511556612782
173,173,Cricket2_HEVC_HFR_540p_1100K_120,47.81413380514715,5.482163341098091,-19.95325180688737
174,174,EPLNight_AVC_SFR_396p_800K_20,35.228713362232824,5.362487380646479,-58.128099553841736
175,175,USOpen_HEVC_HFR_396p_900K_176,40.51765188154506,5.200114551594171,-41.42520323673742
176,176,EPLDay_AVC_SFR_288p_200K_48,12.388749040108712,5.624187972054196,-76.89036358393012
177,177,USOpen_HEVC_HFR_720p_2200K_176,72.79231087369621,5.200114551594171,-9.150544244586271
178,178,EPLDay_HEVC_SFR_288p_300K_48,24.20829670460028,5.624187972054196,-65.07081591943856
179,179,Cricket2_AVC_SFR_396p_400K_120,28.833875680381965,5.482163341098091,-38.93350993165255
180,180,EPLDay_AVC_HFR_288p_300K_48,20.893454214247445,5.624187972054196,-68.38565840979139
181,181,TNFF_HEVC_HFR_288p_300K_304,6.919095628626351,5.103064060865429,-74.07770010959412
182,182,EPLNight_HEVC_HFR_288p_300K_20,11.918203146583974,5.362487380646479,-81.43860976949058
183,183,TNFF_AVC_HFR_396p_900K_304,39.50722085865067,5.103064060865429,-41.4895748795698
184,184,USOpen_AVC_HFR_396p_600K_176,34.42786251943752,5.200114551594171,-47.51499259884496
185,185,EPLNight_AVC_SFR_540p_1200K_20,49.44168129436439,5.362487380646479,-43.91513162171017
186,186,TNFF_AVC_HFR_540p_1900K_304,57.951916419285176,5.103064060865429,-23.04487931893529
187,187,EPLDay_AVC_HFR_540p_1900K_48,57.16082618885076,5.624187972054196,-32.11828643518807
188,188,TNFF_HEVC_SFR_288p_300K_304,11.530798603726929,5.103064060865429,-69.46599713449353
189,189,EPLNight_HEVC_SFR_288p_300K_20,14.771159418776486,5.362487380646479,-78.58565349729807
190,190,EPLDay_AVC_SFR_540p_1200K_48,50.06108241336884,5.624187972054196,-39.21803021067
191,191,Cricket2_SRC_SRC_SRC_SRC_120,67.76738561203452,5.482163341098091,0.0
192,192,EPLNight_AVC_HFR_720p_2200K_20,74.40739654878898,5.362487380646479,-18.94941636728558
193,193,Cricket2_HEVC_HFR_540p_1900K_120,50.00550154455106,5.482163341098091,-17.761884067483457
194,194,USOpen_HEVC_HFR_540p_1900K_176,56.55176163723533,5.200114551594171,-25.39109348104715
195,195,Cricket2_HEVC_HFR_396p_900K_120,40.18305869459213,5.482163341098091,-27.584326917442382
196,196,EPLNight_SRC_SRC_SRC_SRC_20,93.35681291607456,5.362487380646479,0.0
197,197,USOpen_HEVC_SFR_540p_1900K_176,56.52699585282227,5.200114551594171,-25.415859265460213
198,198,TNFF_HEVC_HFR_540p_1100K_304,49.59537229244172,5.103064060865429,-31.401423445778757
199,199,Cricket2_AVC_HFR_396p_600K_120,25.68317071339832,5.482163341098091,-42.0842148986362
200,200,TNFF_AVC_SFR_396p_400K_304,27.33477719003024,5.103064060865429,-53.66201854819023
201,201,Cricket2_AVC_HFR_396p_900K_120,35.55987232133635,5.482163341098091,-32.20751329069817
202,202,TNFF_HEVC_SFR_540p_1900K_304,57.69877230789496,5.103064060865429,-23.298023430325507
203,203,EPLDay_AVC_SFR_720p_2000K_48,57.89393612926364,5.757279496682556,-31.385176494775195
204,204,EPLNight_AVC_SFR_288p_200K_20,8.562000489798228,5.362487380646479,-84.79481242627634
205,205,EPLDay_HEVC_SFR_396p_900K_48,41.33497411435502,5.624187972054196,-47.94413850968381
206,206,Cricket2_HEVC_SFR_720p_2200K_120,57.20276510864581,5.482163341098091,-10.564620503388705
207,207,USOpen_SRC_SRC_SRC_SRC_176,81.94285511828248,5.200114551594171,0.0
208,208,Cricket2_HEVC_HFR_288p_300K_120,14.395384036575804,5.482163341098091,-53.37200157545871
209,209,EPLDay_HEVC_HFR_540p_1900K_48,59.76365795870765,5.624187972054196,-29.515454665331177
210,210,Cricket2_HEVC_SFR_396p_600K_120,36.04100830914819,5.482163341098091,-31.726377302886327
211,211,USOpen_AVC_HFR_540p_1300K_176,51.50851631382648,5.200114551594171,-30.434338804456
212,212,TNFF_HEVC_HFR_396p_900K_304,35.72733592303857,5.103064060865429,-45.269459815181904
213,213,EPLDay_HEVC_SFR_540p_1100K_48,54.99147770238823,5.624187972054196,-34.2876349216506
214,214,TNFF_HEVC_SFR_396p_900K_304,34.9147819143245,5.103064060865429,-46.08201382389597
215,215,EPLNight_AVC_HFR_396p_600K_20,34.33105914398924,5.362487380646479,-59.02575377208533
216,216,EPLDay_HEVC_HFR_396p_600K_48,36.412970278201286,5.624187972054196,-52.866142345837545
217,217,USOpen_AVC_HFR_396p_900K_176,35.3318723264264,5.200114551594171,-46.61098279185608
218,218,Cricket2_AVC_SFR_540p_1200K_120,42.78812907875538,5.482163341098091,-24.97925653327913
219,219,USOpen_AVC_SFR_540p_1800K_176,52.28762844464004,5.200114551594171,-29.65522667364245
220,220,EPLDay_HEVC_SFR_396p_600K_48,35.97920371756938,5.624187972054196,-53.29990890646945
221,221,USOpen_HEVC_SFR_396p_600K_176,38.25660919681581,5.200114551594171,-43.68624592146667
222,222,EPLDay_AVC_HFR_540p_1300K_48,50.979454641701146,5.624187972054196,-38.299657982337685
223,223,EPLNight_HEVC_HFR_396p_900K_20,39.25496199134662,5.362487380646479,-54.10185092472794
224,224,EPLDay_SRC_SRC_SRC_SRC_48,89.27911262403883,5.624187972054196,0.0
225,225,USOpen_AVC_SFR_396p_400K_176,30.98621844692452,5.200114551594171,-50.95663667135796
226,226,TNFF_AVC_HFR_720p_2200K_304,64.38220064239323,5.103064060865429,-16.61459509582724
227,227,USOpen_HEVC_HFR_288p_300K_176,21.989640720009135,5.200114551594171,-59.95321439827335
228,228,EPLNight_HEVC_HFR_540p_1900K_20,56.21411290422122,5.362487380646479,-37.142700011853336
229,229,TNFF_HEVC_HFR_540p_1900K_304,57.58820047606511,5.103064060865429,-23.40859526215536
230,230,EPLNight_AVC_HFR_288p_300K_20,15.481418327476565,5.362487380646479,-77.875394588598
231,231,Cricket2_AVC_HFR_540p_1900K_120,49.91248392238827,5.482163341098091,-17.854901689646248
232,232,TNFF_HEVC_HFR_720p_2200K_304,69.38048174811615,5.103064060865429,-11.616313990104317
233,233,Cricket2_HEVC_SFR_396p_900K_120,43.236092718062665,5.482163341098091,-24.53129289397185
234,234,EPLNight_AVC_SFR_720p_2000K_20,66.90262721329171,5.362487380646479,-26.45418570278285
235,235,USOpen_AVC_SFR_288p_200K_176,8.330533431433576,5.200114551594171,-73.6123216868489
236,236,EPLNight_HEVC_SFR_720p_2200K_20,70.30318756799991,5.362487380646479,-23.053625348074647
237,237,Cricket2_AVC_SFR_720p_2000K_120,56.44317503922655,5.482163341098091,-11.324210572807964
238,238,EPLNight_HEVC_HFR_720p_2200K_20,72.10074744718273,5.362487380646479,-21.256065468891837
239,239,TNFF_AVC_SFR_720p_2000K_304,60.46290555182059,5.103064060865429,-20.53389018639988
240,240,EPLNight_HEVC_SFR_540p_1100K_20,49.7751598266968,5.362487380646479,-43.58165308937776
241,241,TNFF_AVC_HFR_288p_300K_304,6.856211342287606,5.103064060865429,-74.14058439593286
242,242,EPLNight_HEVC_SFR_540p_1900K_20,54.23640954591124,5.362487380646479,-39.12040337016332
243,243,TNFF_HEVC_SFR_540p_1100K_304,49.11920975511364,5.103064060865429,-31.877585983106837
244,244,Cricket2_AVC_SFR_396p_800K_120,32.92604947816677,5.482163341098091,-34.84133613386775
245,245,EPLDay_HEVC_SFR_720p_2200K_48,67.35469795298266,5.624187972054196,-21.92441467105617
246,246,TNFF_HEVC_SFR_396p_600K_304,32.053833769664,5.103064060865429,-48.94296196855647
247,247,EPLDay_AVC_HFR_396p_900K_48,39.152512531199285,5.624187972054196,-50.126600092839546
248,248,EPLNight_HEVC_SFR_396p_900K_20,37.87469560283088,5.362487380646479,-55.48211731324368
249,249,EPLDay_HEVC_HFR_288p_300K_48,18.29813898312054,5.624187972054196,-70.9809736409183
0,0,USOpen_AVC_HFR_720p_2200K_648,71.55120655143647,4.342789587686511,-1.2476379218754374
1,1,TNFF_HEVC_SFR_540p_1100K_336,61.92009748830269,4.4865460304137565,-17.45041132151475
2,2,USOpen_HEVC_HFR_540p_1900K_148,66.00130950607628,4.926743142290064,-5.527944494561424
3,3,EPLDay_HEVC_HFR_540p_1900K_74,60.34266682886165,4.423199661903896,-24.81479710658779
4,4,USOpen_HEVC_SFR_396p_900K_148,52.25715444858752,4.926743142290064,-19.272099552050182
5,5,TNFF_HEVC_SFR_720p_2200K_336,73.35486663365073,4.4865460304137565,-6.015642176166708
6,6,USOpen_AVC_HFR_288p_300K_648,25.48483391994504,4.342789587686511,-47.31401055336686
7,7,USOpen_HEVC_HFR_720p_2200K_148,62.18129879333198,4.926743142290064,-9.347955207305723
8,8,USOpen_HEVC_SFR_540p_1100K_648,55.30797064993656,4.342789587686511,-17.490873823375345
9,9,EPLDay_AVC_SFR_720p_2000K_74,57.98481133920148,4.423199661903896,-27.172652596247964
10,10,USOpen_HEVC_SFR_540p_1900K_648,54.72900567484498,4.342789587686511,-18.06983879846692
11,11,TNFF_AVC_SFR_540p_1200K_336,55.56754707872395,4.4865460304137565,-23.80296173109349
12,12,USOpen_SRC_SRC_SRC_SRC_648,72.7988444733119,4.342789587686511,0.0
13,13,TNFF_AVC_HFR_540p_1300K_336,53.85084580118572,4.4865460304137565,-25.51966300863172
14,14,USOpen_AVC_HFR_396p_600K_648,41.33323551136161,4.342789587686511,-31.46560896195029
15,15,TNFF_AVC_SFR_288p_200K_114,7.338334856776555,4.752549409292721,-72.36619226707047
16,16,TNFF_AVC_HFR_288p_300K_336,18.17697568644044,4.4865460304137565,-61.193533123376994
17,17,USOpen_HEVC_HFR_396p_600K_148,41.70503910717747,4.926743142290064,-29.82421489346024
18,18,USOpen_AVC_HFR_540p_1900K_648,62.65818063918476,4.342789587686511,-10.140663834127146
19,19,USOpen_AVC_SFR_720p_2000K_148,69.20427537455232,4.926743142290064,-2.3249786260853824
20,20,TNFF_HEVC_HFR_540p_1900K_336,65.54537328428418,4.4865460304137565,-13.825135525533256
21,21,TNFF_AVC_SFR_396p_800K_114,35.833886839449335,4.752549409292721,-43.870640284397695
22,22,EPLDay_AVC_HFR_720p_2200K_74,58.83122293243349,4.423199661903896,-26.32624100301595
23,23,TNFF_HEVC_HFR_540p_1100K_336,55.06963142007972,4.4865460304137565,-24.300877389737717
24,24,EPLDay_HEVC_SFR_396p_600K_74,34.59594030017545,4.423199661903896,-50.56152363527399
25,25,USOpen_AVC_HFR_720p_2200K_148,64.26721468138237,4.926743142290064,-7.262039319255336
26,26,EPLDay_HEVC_SFR_396p_900K_74,44.96416845082017,4.423199661903896,-40.19329548462928
27,27,TNFF_AVC_SFR_396p_400K_336,24.67631840632071,4.4865460304137565,-54.69419040349673
28,28,EPLDay_HEVC_HFR_396p_600K_74,34.607192550387204,4.423199661903896,-50.55027138506224
29,29,USOpen_HEVC_SFR_288p_300K_148,37.2578968494475,4.926743142290064,-34.27135715119021
30,30,EPLDay_AVC_HFR_288p_300K_74,15.229364182789531,4.423199661903896,-69.9280997526599
31,31,USOpen_AVC_HFR_540p_1300K_148,55.5197184878464,4.926743142290064,-16.00953551279131
32,32,EPLDay_HEVC_SFR_288p_300K_74,23.475923139896224,4.423199661903896,-61.68154079555322
33,33,USOpen_HEVC_SFR_540p_1900K_148,61.94207381763005,4.926743142290064,-9.587180183007654
34,34,USOpen_HEVC_HFR_396p_600K_648,43.40709502108681,4.342789587686511,-29.39174945222509
35,35,TNFF_AVC_SFR_720p_2000K_336,60.29327804283255,4.4865460304137565,-19.07723076698489
36,36,USOpen_AVC_SFR_396p_400K_648,39.68087451060646,4.342789587686511,-33.117969962705445
37,37,TNFF_HEVC_SFR_288p_300K_114,17.727778182357564,4.752549409292721,-61.97674894148946
38,38,USOpen_AVC_SFR_720p_2000K_648,65.69822982376128,4.342789587686511,-7.1006146495506215
39,39,TNFF_HEVC_HFR_288p_300K_114,13.418794844679768,4.752549409292721,-66.28573227916726
40,40,EPLDay_HEVC_HFR_540p_1100K_74,48.75116777775765,4.423199661903896,-36.4062961576918
41,41,TNFF_HEVC_HFR_720p_2200K_114,65.19573408293499,4.752549409292721,-14.50879304091204
42,42,USOpen_AVC_HFR_396p_900K_148,44.9730709776969,4.926743142290064,-26.556183022940807
43,43,TNFF_HEVC_SFR_396p_900K_114,46.8131645069988,4.752549409292721,-32.89136261684823
44,44,TNFF_AVC_SFR_288p_200K_336,16.173134814123923,4.4865460304137565,-63.19737399569351
45,45,TNFF_HEVC_HFR_540p_1900K_114,61.73306004732223,4.752549409292721,-17.971467076524803
46,46,USOpen_AVC_SFR_396p_800K_648,39.43992683827332,4.342789587686511,-33.35891763503859
47,47,TNFF_HEVC_HFR_396p_900K_336,52.06267791300007,4.4865460304137565,-27.30783089681737
48,48,USOpen_HEVC_HFR_288p_300K_148,32.73196888540871,4.926743142290064,-38.797285115229
49,49,TNFF_AVC_HFR_540p_1300K_114,44.09724598472943,4.752549409292721,-35.6072811391176
50,50,TNFF_AVC_HFR_540p_1900K_336,54.27001278087155,4.4865460304137565,-25.10049602894589
51,51,USOpen_AVC_SFR_540p_1200K_148,61.53290755333794,4.926743142290064,-9.996346447299764
52,52,EPLDay_HEVC_SFR_720p_2200K_74,66.54073870162668,4.423199661903896,-18.616725233822763
53,53,TNFF_AVC_HFR_720p_2200K_336,64.52119014796776,4.4865460304137565,-14.84931866184968
54,54,EPLDay_HEVC_SFR_540p_1900K_74,59.78317803928434,4.423199661903896,-25.374285896165105
55,55,TNFF_AVC_SFR_540p_1800K_336,57.73521035011736,4.4865460304137565,-21.635298459700078
56,56,USOpen_AVC_SFR_396p_400K_148,39.94008456461585,4.926743142290064,-31.58916943602185
57,57,TNFF_HEVC_SFR_396p_900K_336,52.76312931509063,4.4865460304137565,-26.607379494726807
58,58,USOpen_HEVC_SFR_540p_1100K_148,56.78145962654724,4.926743142290064,-14.747794374090468
59,59,USOpen_AVC_SFR_288p_200K_648,20.322799867487166,4.342789587686511,-52.47604460582474
60,60,TNFF_HEVC_SFR_540p_1900K_114,65.62763542525614,4.752549409292721,-14.076891698590885
61,61,USOpen_HEVC_HFR_396p_900K_148,50.06437109375333,4.926743142290064,-21.464882906884377
62,62,EPLDay_HEVC_HFR_396p_900K_74,42.30674145677077,4.423199661903896,-42.85072247867867
63,63,USOpen_AVC_HFR_288p_300K_148,33.51157619351504,4.926743142290064,-38.017677807122666
64,64,TNFF_SRC_SRC_SRC_SRC_336,79.37050880981744,4.4865460304137565,0.0
65,65,USOpen_HEVC_SFR_720p_2200K_148,71.33269424853026,4.926743142290064,-0.1965597521074471
66,66,TNFF_HEVC_HFR_396p_600K_336,42.81683056194427,4.4865460304137565,-36.553678247873165
67,67,USOpen_AVC_SFR_540p_1200K_648,53.40321949491201,4.342789587686511,-19.39562497839989
68,68,TNFF_SRC_SRC_SRC_SRC_114,79.70452712384703,4.752549409292721,0.0
69,69,USOpen_AVC_SFR_540p_1800K_148,61.76965119955173,4.926743142290064,-9.759602801085975
70,70,USOpen_HEVC_SFR_396p_900K_648,40.059947086432224,4.342789587686511,-32.73889738687968
71,71,TNFF_HEVC_HFR_288p_300K_336,21.54856242582195,4.4865460304137565,-57.82194638399549
72,72,USOpen_AVC_HFR_396p_600K_148,46.67346120426265,4.926743142290064,-24.855792796375056
73,73,TNFF_AVC_SFR_540p_1200K_114,43.84962302508732,4.752549409292721,-35.85490409875971
74,74,USOpen_HEVC_SFR_288p_300K_648,24.24592078591889,4.342789587686511,-48.55292368739301
75,75,EPLDay_HEVC_HFR_720p_2200K_74,63.99682714860038,4.423199661903896,-21.16063678684906
76,76,TNFF_AVC_SFR_396p_400K_114,20.565503619041134,4.752549409292721,-59.13902350480589
77,77,USOpen_HEVC_SFR_396p_600K_648,36.77546469961074,4.342789587686511,-36.02337977370116
78,78,USOpen_AVC_SFR_396p_800K_148,49.51345030331617,4.926743142290064,-22.015803697321537
79,79,EPLDay_AVC_HFR_540p_1900K_74,53.23394109665996,4.423199661903896,-31.92352283878948
80,80,USOpen_HEVC_HFR_540p_1100K_148,59.06659314842634,4.926743142290064,-12.462660852211364
81,81,TNFF_AVC_HFR_396p_600K_114,25.707628946426944,4.752549409292721,-53.996898177420086
82,82,USOpen_HEVC_HFR_540p_1100K_648,57.95844974440376,4.342789587686511,-14.840394728908144
83,83,TNFF_AVC_HFR_396p_600K_336,37.65172115429822,4.4865460304137565,-41.718787655519215
84,84,EPLDay_AVC_SFR_396p_400K_74,24.843347109261693,4.423199661903896,-60.31411682618775
85,85,TNFF_HEVC_SFR_396p_600K_114,33.566996353294485,4.752549409292721,-46.137530770552544
86,86,USOpen_AVC_SFR_540p_1800K_648,54.52349465662433,4.342789587686511,-18.275349816687573
87,87,TNFF_HEVC_SFR_720p_2200K_114,67.32227914738925,4.752549409292721,-12.382247976457776
88,88,EPLDay_AVC_HFR_540p_1300K_74,51.88112529429319,4.423199661903896,-33.27633864115625
89,89,TNFF_HEVC_HFR_396p_900K_114,42.22294907104597,4.752549409292721,-37.48157805280106
90,90,TNFF_HEVC_SFR_540p_1900K_336,69.2503937723839,4.4865460304137565,-10.120115037433536
91,91,TNFF_AVC_HFR_396p_900K_114,35.160301530147755,4.752549409292721,-44.54422559369928
92,92,EPLDay_SRC_SRC_SRC_SRC_74,85.15746393544944,4.423199661903896,0.0
93,93,TNFF_AVC_SFR_540p_1800K_114,56.72206043514479,4.752549409292721,-22.98246668870224
94,94,EPLDay_HEVC_SFR_540p_1100K_74,55.65391148555887,4.423199661903896,-29.503552449890577
95,95,USOpen_AVC_HFR_540p_1900K_148,57.7505574405531,4.926743142290064,-13.778696560084605
96,96,EPLDay_AVC_SFR_288p_200K_74,12.62616859582516,4.423199661903896,-72.53129533962428
97,97,USOpen_AVC_HFR_396p_900K_648,42.81838752693232,4.342789587686511,-29.980456946379583
98,98,EPLDay_AVC_HFR_396p_900K_74,35.726949176769175,4.423199661903896,-49.43051475868027
99,99,USOpen_HEVC_HFR_720p_2200K_648,71.54527046412002,4.342789587686511,-1.2535740091918797
100,100,TNFF_HEVC_SFR_396p_600K_336,47.56675594845688,4.4865460304137565,-31.80375286136056
101,101,USOpen_AVC_HFR_540p_1300K_648,60.68022484771307,4.342789587686511,-12.118619625598832
102,102,TNFF_HEVC_HFR_396p_600K_114,30.45466141730293,4.752549409292721,-49.2498657065441
103,103,USOpen_HEVC_HFR_540p_1900K_648,64.68750860438793,4.342789587686511,-8.111335868923973
104,104,TNFF_AVC_SFR_396p_800K_336,42.50937596237039,4.4865460304137565,-36.86113284744705
105,105,TNFF_HEVC_SFR_540p_1100K_114,55.72467471866299,4.752549409292721,-23.97985240518404
106,106,TNFF_HEVC_HFR_720p_2200K_336,69.16821897387727,4.4865460304137565,-10.202289835940164
107,107,EPLDay_AVC_SFR_396p_800K_74,39.58828497267757,4.423199661903896,-45.56917896277187
108,108,TNFF_AVC_HFR_540p_1900K_114,51.75262080610622,4.752549409292721,-27.951906317740807
109,109,USOpen_HEVC_SFR_396p_600K_148,51.19324354991219,4.926743142290064,-20.33601045072552
110,110,TNFF_AVC_HFR_288p_300K_114,11.588534142087276,4.752549409292721,-68.11599298175975
111,111,TNFF_HEVC_SFR_288p_300K_336,26.265167487379536,4.4865460304137565,-53.1053413224379
112,112,USOpen_HEVC_HFR_396p_900K_648,44.996380455940574,4.342789587686511,-27.802464017371328
113,113,USOpen_SRC_SRC_SRC_SRC_148,71.5292540006377,4.926743142290064,0.0
114,114,EPLDay_HEVC_HFR_288p_300K_74,20.36453899884244,4.423199661903896,-64.792924936607
115,115,TNFF_AVC_HFR_396p_900K_336,46.00371187122572,4.4865460304137565,-33.36679693859172
116,116,EPLDay_AVC_HFR_396p_600K_74,27.175969461046947,4.423199661903896,-57.981494474402496
117,117,USOpen_AVC_SFR_288p_200K_148,27.770010506521825,4.926743142290064,-43.75924349411588
118,118,EPLDay_AVC_SFR_540p_1800K_74,54.74103735083517,4.423199661903896,-30.41642658461428
119,119,TNFF_AVC_HFR_720p_2200K_114,60.91124832359844,4.752549409292721,-18.793278800248583
120,120,EPLDay_AVC_SFR_540p_1200K_74,46.2160662106993,4.423199661903896,-38.94139772475014
121,121,TNFF_HEVC_HFR_540p_1100K_114,52.01728199438585,4.752549409292721,-27.687245129461186
122,122,USOpen_HEVC_HFR_288p_300K_648,20.31213781754919,4.342789587686511,-52.48670665576272
123,123,TNFF_AVC_SFR_720p_2000K_114,59.70182815622606,4.752549409292721,-20.00269896762097
124,124,USOpen_HEVC_SFR_720p_2200K_648,66.84746353054146,4.342789587686511,-5.951380942770442
125,125,TNFNFL_HEVC_HFR_396p_600K_4211,22.75129183837412,4.965405441599096,-39.47955299122968
126,126,Cricket2_AVC_SFR_288p_200K_210,21.028169458977203,4.918891482171946,-57.6282585055381
127,127,Cricket1_HEVC_SFR_540p_1900K_210,62.63520835867677,5.010198333533363,-15.0093404741311
128,128,USOpen_AVC_HFR_288p_300K_604,35.39742778759057,4.766416428097504,-34.13824370996801
129,129,Cricket1_HEVC_SFR_540p_1100K_210,54.8761518059761,5.010198333533363,-22.76839702683177
130,130,Cricket2_HEVC_SFR_720p_2200K_210,69.12618622413126,4.918891482171946,-9.530241740384042
131,131,TNFNFL_AVC_HFR_288p_300K_4211,9.41867176190908,4.965405441599096,-52.81217306769472
132,132,Cricket1_HEVC_SFR_288p_300K_210,27.329607886171125,5.010198333533363,-50.314940946636746
133,133,TNFNFL_HEVC_SFR_720p_2200K_4211,49.92025438439227,4.965405441599096,-12.310590445211531
134,134,USOpen_HEVC_SFR_396p_900K_604,45.98634100624311,4.766416428097504,-23.549330491315477
135,135,TNFNFL_HEVC_HFR_720p_2200K_4211,46.37154290181463,4.965405441599096,-15.859301927789176
136,136,Cricket2_HEVC_SFR_396p_900K_210,48.10708027877245,4.918891482171946,-30.54934768574285
137,137,TNFNFL_SRC_SRC_SRC_SRC_4211,62.23084482960381,4.965405441599096,0.0
138,138,Cricket2_HEVC_SFR_288p_300K_210,29.4484664048978,4.918891482171946,-49.2079615596175
139,139,TNFNFL_AVC_HFR_396p_600K_4211,25.15976931493684,4.965405441599096,-37.07107551466696
140,140,EPLNight_AVC_HFR_540p_1300K_58,46.72681166350334,4.452433642985895,-46.09451026382516
141,141,Cricket2_AVC_HFR_720p_2200K_210,61.08857414439,4.918891482171946,-17.567853820125308
142,142,Cricket1_HEVC_HFR_396p_900K_210,47.48346587719666,5.010198333533363,-30.161082955611214
143,143,TNFNFL_AVC_SFR_540p_1200K_4211,43.39584882610556,4.965405441599096,-18.83499600349824
144,144,Cricket1_HEVC_HFR_288p_300K_210,28.404367581697617,5.010198333533363,-49.24018125111026
145,145,Cricket2_HEVC_HFR_288p_300K_210,26.52920483766496,4.918891482171946,-52.12722312685034
146,146,EPLNight_AVC_HFR_720p_2200K_58,65.60057493633086,4.452433642985895,-27.22074699099764
147,147,USOpen_HEVC_SFR_720p_2200K_604,69.43368529671105,4.766416428097504,-0.1019862008475342
148,148,Cricket2_AVC_SFR_540p_1200K_210,57.47934437285904,4.918891482171946,-21.177083591656263
149,149,USOpen_AVC_SFR_396p_800K_604,47.27852710006417,4.766416428097504,-22.25714439749441
150,150,Cricket1_AVC_HFR_540p_1900K_210,54.67188864368783,5.010198333533363,-22.97266018912004
151,151,USOpen_AVC_SFR_396p_400K_604,43.89611733814328,4.766416428097504,-25.639554159415297
152,152,Cricket2_HEVC_HFR_396p_900K_210,46.02587214308034,4.918891482171946,-32.63055582143496
153,153,USOpen_AVC_HFR_396p_900K_604,47.30055908831819,4.766416428097504,-22.235112409240397
154,154,Cricket1_HEVC_HFR_720p_2200K_210,67.52733251850908,5.010198333533363,-10.117216314298789
155,155,USOpen_AVC_SFR_720p_2000K_604,68.16945621771177,4.766416428097504,-1.3662152798468128
156,156,Cricket1_AVC_SFR_396p_800K_210,42.1018449258937,5.010198333533363,-35.54270390691417
157,157,USOpen_AVC_SFR_288p_200K_604,24.405913613564497,4.766416428097504,-45.12975788399409
158,158,Cricket1_SRC_SRC_SRC_SRC_210,77.64454883280787,5.010198333533363,0.0
159,159,TNFNFL_HEVC_HFR_396p_900K_4211,28.66657450746823,4.965405441599096,-33.56427032213557
160,160,Cricket2_HEVC_SFR_540p_1100K_210,58.23687829674489,4.918891482171946,-20.41954966777041
161,161,TNFNFL_AVC_HFR_540p_1300K_4211,40.48844857760928,4.965405441599096,-21.742396251994528
162,162,EPLNight_HEVC_HFR_288p_300K_58,7.3581066666072,4.452433642985895,-85.4632152607213
163,163,TNFNFL_AVC_HFR_720p_2200K_4211,54.02586839432284,4.965405441599096,-8.204976435280969
164,164,EPLNight_HEVC_SFR_288p_300K_58,7.253420950756995,4.452433642985895,-85.56790097657151
165,165,USOpen_AVC_HFR_540p_1300K_604,59.55146047607352,4.766416428097504,-9.984211021485066
166,166,EPLNight_HEVC_HFR_720p_2200K_58,62.5159354998484,4.452433642985895,-30.3053864274801
167,167,Cricket1_AVC_SFR_396p_400K_210,33.33193921807976,5.010198333533363,-44.31260961472811
168,168,EPLNight_HEVC_HFR_396p_900K_58,33.36885347241167,4.452433642985895,-59.452468454916826
169,169,Cricket2_AVC_SFR_720p_2000K_210,65.33991494349027,4.918891482171946,-13.316513021025033
170,170,EPLNight_AVC_HFR_288p_300K_58,9.512279427667474,4.452433642985895,-83.30904249966102
171,171,TNFNFL_AVC_SFR_396p_800K_4211,30.506533558382635,4.965405441599096,-31.72431127122117
172,172,Cricket2_AVC_HFR_540p_1900K_210,61.33083464912715,4.918891482171946,-17.325593315388154
173,173,Cricket1_AVC_HFR_720p_2200K_210,63.67936355598772,5.010198333533363,-13.96518527682015
174,174,EPLNight_AVC_HFR_540p_1900K_58,54.65950107976904,4.452433642985895,-38.16182084755946
175,175,Cricket2_HEVC_SFR_396p_600K_210,46.310447775271946,4.918891482171946,-32.34598018924336
176,176,Cricket1_AVC_SFR_720p_2000K_210,56.895276479391725,5.010198333533363,-20.749272353416146
177,177,USOpen_HEVC_SFR_540p_1100K_604,57.77174923249668,4.766416428097504,-11.7639222650619
178,178,Cricket2_HEVC_HFR_720p_2200K_210,63.620392033705365,4.918891482171946,-15.036035930809938
179,179,USOpen_AVC_SFR_540p_1200K_604,54.48147564294475,4.766416428097504,-15.05419585461383
180,180,Cricket2_HEVC_HFR_540p_1900K_210,62.99338972955344,4.918891482171946,-15.663038234961869
181,181,Cricket1_AVC_SFR_540p_1200K_210,47.01334837779129,5.010198333533363,-30.631200455016582
182,182,Cricket2_AVC_HFR_396p_900K_210,49.183574517608,4.918891482171946,-29.4728534469073
183,183,Cricket1_HEVC_SFR_720p_2200K_210,67.98868109752664,5.010198333533363,-9.655867735281234
184,184,TNFNFL_AVC_SFR_396p_400K_4211,23.484669217003898,4.965405441599096,-38.74617561259991
185,185,EPLNight_HEVC_HFR_540p_1900K_58,52.81391986103738,4.452433642985895,-40.00740206629112
186,186,Cricket1_HEVC_HFR_540p_1100K_210,50.65325620250875,5.010198333533363,-26.99129263029912
187,187,USOpen_AVC_HFR_396p_600K_604,46.18115747451572,4.766416428097504,-23.354514023042867
188,188,Cricket1_AVC_SFR_288p_200K_210,14.922654686626242,5.010198333533363,-62.721894146181626
189,189,Cricket2_SRC_SRC_SRC_SRC_210,78.6564279645153,4.918891482171946,0.0
190,190,Cricket1_HEVC_SFR_396p_600K_210,40.48420032680428,5.010198333533363,-37.1603485060036
191,191,Cricket2_AVC_SFR_396p_800K_210,48.6253132179616,4.918891482171946,-30.031114746553705
192,192,TNFNFL_AVC_HFR_540p_1900K_4211,46.21650753962564,4.965405441599096,-16.014337289978165
193,193,EPLNight_SRC_SRC_SRC_SRC_58,92.8213219273285,4.452433642985895,0.0
194,194,Cricket1_AVC_HFR_540p_1300K_210,52.27992509065907,5.010198333533363,-25.3646237421488
195,195,TNFNFL_HEVC_HFR_540p_1900K_4211,44.93254321579701,4.965405441599096,-17.2983016138068
196,196,Cricket2_AVC_SFR_396p_400K_210,37.576317494145485,4.918891482171946,-41.08011047036982
197,197,Cricket1_AVC_HFR_396p_600K_210,39.84773293007418,5.010198333533363,-37.79681590273369
198,198,EPLNight_HEVC_SFR_720p_2200K_58,68.28193708745248,4.452433642985895,-24.53938483987602
199,199,TNFNFL_HEVC_SFR_396p_600K_4211,26.99022000610977,4.965405441599096,-35.24062482349403
200,200,USOpen_HEVC_HFR_540p_1900K_604,62.074324413290725,4.766416428097504,-7.461347084267857
201,201,EPLNight_AVC_SFR_396p_400K_58,23.533384156385598,4.452433642985895,-69.2879377709429
202,202,TNFNFL_HEVC_SFR_540p_1100K_4211,35.61261631602211,4.965405441599096,-26.61822851358169
203,203,Cricket1_AVC_SFR_540p_1800K_210,54.701591456336736,5.010198333533363,-22.94295737647113
204,204,USOpen_HEVC_HFR_720p_2200K_604,73.87325923019401,4.766416428097504,4.337587732635427
205,205,Cricket1_HEVC_SFR_396p_900K_210,46.95362841598602,5.010198333533363,-30.690920416821847
206,206,EPLNight_AVC_HFR_396p_900K_58,36.256885156686856,4.452433642985895,-56.56443677064164
207,207,TNFNFL_HEVC_SFR_396p_900K_4211,33.99658375293543,4.965405441599096,-28.23426107666837
208,208,Cricket2_AVC_SFR_540p_1800K_210,63.040291790877845,4.918891482171946,-15.616136173637456
209,209,USOpen_HEVC_HFR_396p_900K_604,48.26954592078551,4.766416428097504,-21.26612557677307
210,210,EPLNight_HEVC_HFR_396p_600K_58,22.188117672449444,4.452433642985895,-70.63320425487905
211,211,TNFNFL_HEVC_HFR_288p_300K_4211,9.50477550193987,4.965405441599096,-52.726069327663936
212,212,EPLNight_HEVC_SFR_540p_1900K_58,55.70034490328051,4.452433642985895,-37.12097702404799
213,213,USOpen_HEVC_HFR_288p_300K_604,34.210329725759834,4.766416428097504,-35.32534177179875
214,214,EPLNight_HEVC_SFR_540p_1100K_58,45.86952064203562,4.452433642985895,-46.95180128529287
215,215,Cricket2_AVC_HFR_540p_1300K_210,51.98641437654135,4.918891482171946,-26.670013587973955
216,216,EPLNight_AVC_SFR_288p_200K_58,6.839010009815731,4.452433642985895,-85.98231191751276
217,217,USOpen_HEVC_SFR_540p_1900K_604,56.20593381780507,4.766416428097504,-13.329737679753514
218,218,EPLNight_AVC_SFR_540p_1800K_58,50.0038518906884,4.452433642985895,-42.817470036640096
219,219,USOpen_AVC_SFR_540p_1800K_604,55.91908871744226,4.766416428097504,-13.616582780116318
220,220,Cricket1_HEVC_HFR_396p_600K_210,37.25198850530561,5.010198333533363,-40.39256032750226
221,221,USOpen_HEVC_HFR_396p_600K_604,47.527243290509055,4.766416428097504,-22.008428207049526
222,222,TNFNFL_AVC_SFR_288p_200K_4211,7.529757486348916,4.965405441599096,-54.70108734325489
223,223,USOpen_AVC_HFR_720p_2200K_604,74.68576622856295,4.766416428097504,5.150094731004373
224,224,TNFNFL_HEVC_SFR_288p_300K_4211,12.419819693176128,4.965405441599096,-49.81102513642767
225,225,Cricket2_AVC_HFR_396p_600K_210,43.694455165429424,4.918891482171946,-34.96197279908588
226,226,TNFNFL_AVC_HFR_396p_900K_4211,32.54004389686532,4.965405441599096,-29.690800932738483
227,227,EPLNight_HEVC_SFR_396p_600K_58,29.673719681186007,4.452433642985895,-63.14760224614249
228,228,TNFNFL_HEVC_SFR_540p_1900K_4211,42.8787566427216,4.965405441599096,-19.35208818688221
229,229,Cricket2_HEVC_HFR_540p_1100K_210,57.04709718179311,4.918891482171946,-21.6093307827222
230,230,EPLNight_HEVC_HFR_540p_1100K_58,48.57568400237661,4.452433642985895,-44.245637924951886
231,231,Cricket2_HEVC_SFR_540p_1900K_210,67.07146315281524,4.918891482171946,-11.58496481170006
232,232,USOpen_HEVC_SFR_288p_300K_604,30.14341263512412,4.766416428097504,-39.39225886243446
233,233,EPLNight_AVC_SFR_396p_800K_58,30.67130388281589,4.452433642985895,-62.150018044512606
234,234,Cricket1_HEVC_HFR_540p_1900K_210,59.406764179519854,5.010198333533363,-18.237784653288017
235,235,EPLNight_AVC_HFR_396p_600K_58,25.061068969391997,4.452433642985895,-67.7602529579365
236,236,Cricket2_AVC_HFR_288p_300K_210,27.083781934366776,4.918891482171946,-51.572646030148526
237,237,TNFNFL_HEVC_HFR_540p_1100K_4211,40.25021205980059,4.965405441599096,-21.98063276980321
238,238,Cricket1_AVC_HFR_288p_300K_210,23.270220086475742,5.010198333533363,-54.374328746332125
239,239,USOpen_SRC_SRC_SRC_SRC_604,69.53567149755858,4.766416428097504,0.0
240,240,Cricket2_HEVC_HFR_396p_600K_210,43.161684900591226,4.918891482171946,-35.49474306392408
241,241,USOpen_AVC_HFR_540p_1900K_604,62.89691437984531,4.766416428097504,-6.6387571177132685
242,242,Cricket1_AVC_HFR_396p_900K_210,44.43082734167729,5.010198333533363,-33.21372149113058
243,243,USOpen_HEVC_SFR_396p_600K_604,45.30486109642352,4.766416428097504,-24.230810401135063
244,244,EPLNight_AVC_SFR_540p_1200K_58,45.62439413220623,4.452433642985895,-47.19692779512227
245,245,USOpen_HEVC_HFR_540p_1100K_604,61.38789358857789,4.766416428097504,-8.147777908980693
246,246,EPLNight_HEVC_SFR_396p_900K_58,35.98130579827248,4.452433642985895,-56.84001612905602
247,247,TNFNFL_AVC_SFR_540p_1800K_4211,47.90426421059757,4.965405441599096,-14.326580619006236
248,248,EPLNight_AVC_SFR_720p_2000K_58,61.44411176203149,4.452433642985895,-31.377210165297008
249,249,TNFNFL_AVC_SFR_720p_2000K_4211,48.35766515451842,4.965405441599096,-13.873179675085382
